device,NVIDIA GB10,driver_api,13000,header,13040,sms,48,minimum,2097152,recommended,2097152
sample_header,mode,bytes,iteration,operation,host_us,kernel_ms,pending_after
sample,idle,2097152,0,create,51.375,0.000,0
sample,idle,2097152,0,map,0.624,0.000,0
sample,idle,2097152,0,access,37.392,0.000,0
sample,idle,2097152,0,unmap,57.215,0.000,0
sample,idle,2097152,0,release,27.264,0.000,0
sample,idle,2097152,1,create,51.663,0.000,0
sample,idle,2097152,1,map,0.576,0.000,0
sample,idle,2097152,1,access,36.272,0.000,0
sample,idle,2097152,1,unmap,54.863,0.000,0
sample,idle,2097152,1,release,27.152,0.000,0
sample,idle,2097152,2,create,51.472,0.000,0
sample,idle,2097152,2,map,0.512,0.000,0
sample,idle,2097152,2,access,37.167,0.000,0
sample,idle,2097152,2,unmap,55.072,0.000,0
sample,idle,2097152,2,release,27.792,0.000,0
sample,idle,2097152,3,create,51.791,0.000,0
sample,idle,2097152,3,map,0.528,0.000,0
sample,idle,2097152,3,access,39.008,0.000,0
sample,idle,2097152,3,unmap,55.935,0.000,0
sample,idle,2097152,3,release,27.680,0.000,0
sample,idle,2097152,4,create,51.200,0.000,0
sample,idle,2097152,4,map,0.528,0.000,0
sample,idle,2097152,4,access,36.799,0.000,0
sample,idle,2097152,4,unmap,54.128,0.000,0
sample,idle,2097152,4,release,27.007,0.000,0
sample,idle,2097152,5,create,50.912,0.000,0
sample,idle,2097152,5,map,0.528,0.000,0
sample,idle,2097152,5,access,36.928,0.000,0
sample,idle,2097152,5,unmap,57.056,0.000,0
sample,idle,2097152,5,release,26.944,0.000,0
sample,idle,2097152,6,create,50.335,0.000,0
sample,idle,2097152,6,map,0.480,0.000,0
sample,idle,2097152,6,access,37.120,0.000,0
sample,idle,2097152,6,unmap,54.271,0.000,0
sample,idle,2097152,6,release,27.248,0.000,0
sample,idle,2097152,7,create,50.800,0.000,0
sample,idle,2097152,7,map,0.528,0.000,0
sample,idle,2097152,7,access,36.863,0.000,0
sample,idle,2097152,7,unmap,54.400,0.000,0
sample,idle,2097152,7,release,27.103,0.000,0
sample,idle,2097152,8,create,50.832,0.000,0
sample,idle,2097152,8,map,0.480,0.000,0
sample,idle,2097152,8,access,36.960,0.000,0
sample,idle,2097152,8,unmap,56.655,0.000,0
sample,idle,2097152,8,release,27.440,0.000,0
sample,idle,2097152,9,create,50.543,0.000,0
sample,idle,2097152,9,map,0.560,0.000,0
sample,idle,2097152,9,access,36.928,0.000,0
sample,idle,2097152,9,unmap,54.288,0.000,0
sample,idle,2097152,9,release,27.167,0.000,0
sample,idle,2097152,10,create,50.880,0.000,0
sample,idle,2097152,10,map,0.544,0.000,0
sample,idle,2097152,10,access,36.688,0.000,0
sample,idle,2097152,10,unmap,57.456,0.000,0
sample,idle,2097152,10,release,27.280,0.000,0
sample,idle,2097152,11,create,51.007,0.000,0
sample,idle,2097152,11,map,0.544,0.000,0
sample,idle,2097152,11,access,36.592,0.000,0
sample,idle,2097152,11,unmap,53.087,0.000,0
sample,idle,2097152,11,release,27.184,0.000,0
sample,idle,2097152,12,create,49.936,0.000,0
sample,idle,2097152,12,map,0.512,0.000,0
sample,idle,2097152,12,access,36.767,0.000,0
sample,idle,2097152,12,unmap,55.312,0.000,0
sample,idle,2097152,12,release,26.864,0.000,0
sample,idle,2097152,13,create,49.199,0.000,0
sample,idle,2097152,13,map,0.544,0.000,0
sample,idle,2097152,13,access,36.400,0.000,0
sample,idle,2097152,13,unmap,56.495,0.000,0
sample,idle,2097152,13,release,26.992,0.000,0
sample,idle,2097152,14,create,49.776,0.000,0
sample,idle,2097152,14,map,0.672,0.000,0
sample,idle,2097152,14,access,37.183,0.000,0
sample,idle,2097152,14,unmap,54.400,0.000,0
sample,idle,2097152,14,release,26.751,0.000,0
sample,idle,2097152,15,create,49.216,0.000,0
sample,idle,2097152,15,map,0.512,0.000,0
sample,idle,2097152,15,access,36.864,0.000,0
sample,idle,2097152,15,unmap,56.416,0.000,0
sample,idle,2097152,15,release,26.544,0.000,0
sample,idle,2097152,16,create,49.375,0.000,0
sample,idle,2097152,16,map,0.512,0.000,0
sample,idle,2097152,16,access,37.200,0.000,0
sample,idle,2097152,16,unmap,56.639,0.000,0
sample,idle,2097152,16,release,26.640,0.000,0
sample,idle,2097152,17,create,49.456,0.000,0
sample,idle,2097152,17,map,0.480,0.000,0
sample,idle,2097152,17,access,37.103,0.000,0
sample,idle,2097152,17,unmap,54.832,0.000,0
sample,idle,2097152,17,release,26.896,0.000,0
sample,idle,2097152,18,create,50.624,0.000,0
sample,idle,2097152,18,map,0.624,0.000,0
sample,idle,2097152,18,access,37.664,0.000,0
sample,idle,2097152,18,unmap,55.328,0.000,0
sample,idle,2097152,18,release,28.640,0.000,0
sample,idle,2097152,19,create,49.535,0.000,0
sample,idle,2097152,19,map,0.496,0.000,0
sample,idle,2097152,19,access,37.344,0.000,0
sample,idle,2097152,19,unmap,54.143,0.000,0
sample,idle,2097152,19,release,27.184,0.000,0
sample,idle,2097152,20,create,49.616,0.000,0
sample,idle,2097152,20,map,0.576,0.000,0
sample,idle,2097152,20,access,37.167,0.000,0
sample,idle,2097152,20,unmap,54.272,0.000,0
sample,idle,2097152,20,release,27.711,0.000,0
sample,idle,2097152,21,create,49.472,0.000,0
sample,idle,2097152,21,map,0.512,0.000,0
sample,idle,2097152,21,access,36.544,0.000,0
sample,idle,2097152,21,unmap,55.871,0.000,0
sample,idle,2097152,21,release,26.592,0.000,0
sample,idle,2097152,22,create,49.599,0.000,0
sample,idle,2097152,22,map,0.560,0.000,0
sample,idle,2097152,22,access,36.864,0.000,0
sample,idle,2097152,22,unmap,56.367,0.000,0
sample,idle,2097152,22,release,26.960,0.000,0
sample,idle,2097152,23,create,49.392,0.000,0
sample,idle,2097152,23,map,0.528,0.000,0
sample,idle,2097152,23,access,36.288,0.000,0
sample,idle,2097152,23,unmap,54.528,0.000,0
sample,idle,2097152,23,release,26.592,0.000,0
sample,idle,2097152,24,create,51.679,0.000,0
sample,idle,2097152,24,map,0.512,0.000,0
sample,idle,2097152,24,access,37.344,0.000,0
sample,idle,2097152,24,unmap,52.799,0.000,0
sample,idle,2097152,24,release,26.368,0.000,0
sample,idle,2097152,25,create,49.840,0.000,0
sample,idle,2097152,25,map,0.512,0.000,0
sample,idle,2097152,25,access,37.055,0.000,0
sample,idle,2097152,25,unmap,55.168,0.000,0
sample,idle,2097152,25,release,26.655,0.000,0
sample,idle,2097152,26,create,49.408,0.000,0
sample,idle,2097152,26,map,0.496,0.000,0
sample,idle,2097152,26,access,37.344,0.000,0
sample,idle,2097152,26,unmap,55.167,0.000,0
sample,idle,2097152,26,release,26.144,0.000,0
sample,idle,2097152,27,create,49.615,0.000,0
sample,idle,2097152,27,map,0.496,0.000,0
sample,idle,2097152,27,access,36.832,0.000,0
sample,idle,2097152,27,unmap,55.088,0.000,0
sample,idle,2097152,27,release,26.383,0.000,0
sample,idle,2097152,28,create,49.040,0.000,0
sample,idle,2097152,28,map,0.544,0.000,0
sample,idle,2097152,28,access,36.928,0.000,0
sample,idle,2097152,28,unmap,55.232,0.000,0
sample,idle,2097152,28,release,26.640,0.000,0
sample,idle,2097152,29,create,49.631,0.000,0
sample,idle,2097152,29,map,0.496,0.000,0
sample,idle,2097152,29,access,36.384,0.000,0
sample,idle,2097152,29,unmap,54.031,0.000,0
sample,idle,2097152,29,release,26.496,0.000,0
sample,idle,2097152,30,create,49.568,0.000,0
sample,idle,2097152,30,map,0.496,0.000,0
sample,idle,2097152,30,access,36.799,0.000,0
sample,idle,2097152,30,unmap,55.984,0.000,0
sample,idle,2097152,30,release,26.480,0.000,0
sample,idle,2097152,31,create,49.759,0.000,0
sample,idle,2097152,31,map,0.544,0.000,0
sample,idle,2097152,31,access,36.752,0.000,0
sample,idle,2097152,31,unmap,55.711,0.000,0
sample,idle,2097152,31,release,26.800,0.000,0
sample,idle,2097152,32,create,49.296,0.000,0
sample,idle,2097152,32,map,0.464,0.000,0
sample,idle,2097152,32,access,36.623,0.000,0
sample,idle,2097152,32,unmap,55.536,0.000,0
sample,idle,2097152,32,release,26.607,0.000,0
sample,idle,2097152,33,create,49.616,0.000,0
sample,idle,2097152,33,map,0.480,0.000,0
sample,idle,2097152,33,access,36.736,0.000,0
sample,idle,2097152,33,unmap,55.280,0.000,0
sample,idle,2097152,33,release,26.464,0.000,0
sample,idle,2097152,34,create,49.247,0.000,0
sample,idle,2097152,34,map,0.480,0.000,0
sample,idle,2097152,34,access,36.768,0.000,0
sample,idle,2097152,34,unmap,56.319,0.000,0
sample,idle,2097152,34,release,26.752,0.000,0
sample,idle,2097152,35,create,49.616,0.000,0
sample,idle,2097152,35,map,0.512,0.000,0
sample,idle,2097152,35,access,36.911,0.000,0
sample,idle,2097152,35,unmap,55.104,0.000,0
sample,idle,2097152,35,release,26.368,0.000,0
sample,idle,2097152,36,create,49.727,0.000,0
sample,idle,2097152,36,map,0.544,0.000,0
sample,idle,2097152,36,access,36.752,0.000,0
sample,idle,2097152,36,unmap,56.399,0.000,0
sample,idle,2097152,36,release,26.960,0.000,0
sample,idle,2097152,37,create,49.776,0.000,0
sample,idle,2097152,37,map,0.576,0.000,0
sample,idle,2097152,37,access,36.495,0.000,0
sample,idle,2097152,37,unmap,52.992,0.000,0
sample,idle,2097152,37,release,26.671,0.000,0
sample,idle,2097152,38,create,49.232,0.000,0
sample,idle,2097152,38,map,0.512,0.000,0
sample,idle,2097152,38,access,36.416,0.000,0
sample,idle,2097152,38,unmap,55.664,0.000,0
sample,idle,2097152,38,release,26.832,0.000,0
sample,idle,2097152,39,create,49.919,0.000,0
sample,idle,2097152,39,map,0.560,0.000,0
sample,idle,2097152,39,access,36.592,0.000,0
sample,idle,2097152,39,unmap,55.071,0.000,0
sample,idle,2097152,39,release,26.640,0.000,0
sample,idle,2097152,40,create,52.400,0.000,0
sample,idle,2097152,40,map,0.512,0.000,0
sample,idle,2097152,40,access,37.071,0.000,0
sample,idle,2097152,40,unmap,55.632,0.000,0
sample,idle,2097152,40,release,26.688,0.000,0
sample,idle,2097152,41,create,49.663,0.000,0
sample,idle,2097152,41,map,0.512,0.000,0
sample,idle,2097152,41,access,37.200,0.000,0
sample,idle,2097152,41,unmap,55.263,0.000,0
sample,idle,2097152,41,release,26.544,0.000,0
sample,idle,2097152,42,create,49.712,0.000,0
sample,idle,2097152,42,map,0.512,0.000,0
sample,idle,2097152,42,access,36.815,0.000,0
sample,idle,2097152,42,unmap,55.744,0.000,0
sample,idle,2097152,42,release,26.447,0.000,0
sample,idle,2097152,43,create,49.696,0.000,0
sample,idle,2097152,43,map,0.496,0.000,0
sample,idle,2097152,43,access,36.656,0.000,0
sample,idle,2097152,43,unmap,54.608,0.000,0
sample,idle,2097152,43,release,26.880,0.000,0
sample,idle,2097152,44,create,49.647,0.000,0
sample,idle,2097152,44,map,0.512,0.000,0
sample,idle,2097152,44,access,36.736,0.000,0
sample,idle,2097152,44,unmap,50.895,0.000,0
sample,idle,2097152,44,release,26.928,0.000,0
sample,idle,2097152,45,create,49.392,0.000,0
sample,idle,2097152,45,map,0.464,0.000,0
sample,idle,2097152,45,access,39.103,0.000,0
sample,idle,2097152,45,unmap,51.280,0.000,0
sample,idle,2097152,45,release,26.960,0.000,0
sample,idle,2097152,46,create,49.599,0.000,0
sample,idle,2097152,46,map,0.512,0.000,0
sample,idle,2097152,46,access,36.592,0.000,0
sample,idle,2097152,46,unmap,53.503,0.000,0
sample,idle,2097152,46,release,26.768,0.000,0
sample,idle,2097152,47,create,49.888,0.000,0
sample,idle,2097152,47,map,0.496,0.000,0
sample,idle,2097152,47,access,36.815,0.000,0
sample,idle,2097152,47,unmap,54.112,0.000,0
sample,idle,2097152,47,release,26.895,0.000,0
sample,idle,2097152,48,create,49.648,0.000,0
sample,idle,2097152,48,map,0.512,0.000,0
sample,idle,2097152,48,access,36.704,0.000,0
sample,idle,2097152,48,unmap,53.983,0.000,0
sample,idle,2097152,48,release,26.752,0.000,0
sample,idle,2097152,49,create,49.327,0.000,0
sample,idle,2097152,49,map,0.528,0.000,0
sample,idle,2097152,49,access,35.680,0.000,0
sample,idle,2097152,49,unmap,54.719,0.000,0
sample,idle,2097152,49,release,26.224,0.000,0
sample,idle,2097152,50,create,49.728,0.000,0
sample,idle,2097152,50,map,0.512,0.000,0
sample,idle,2097152,50,access,36.304,0.000,0
sample,idle,2097152,50,unmap,53.856,0.000,0
sample,idle,2097152,50,release,26.560,0.000,0
sample,idle,2097152,51,create,49.711,0.000,0
sample,idle,2097152,51,map,0.512,0.000,0
sample,idle,2097152,51,access,37.152,0.000,0
sample,idle,2097152,51,unmap,55.567,0.000,0
sample,idle,2097152,51,release,26.480,0.000,0
sample,idle,2097152,52,create,49.760,0.000,0
sample,idle,2097152,52,map,0.480,0.000,0
sample,idle,2097152,52,access,36.783,0.000,0
sample,idle,2097152,52,unmap,54.480,0.000,0
sample,idle,2097152,52,release,26.512,0.000,0
sample,idle,2097152,53,create,49.823,0.000,0
sample,idle,2097152,53,map,0.528,0.000,0
sample,idle,2097152,53,access,37.072,0.000,0
sample,idle,2097152,53,unmap,53.871,0.000,0
sample,idle,2097152,53,release,26.592,0.000,0
sample,idle,2097152,54,create,49.328,0.000,0
sample,idle,2097152,54,map,0.544,0.000,0
sample,idle,2097152,54,access,36.991,0.000,0
sample,idle,2097152,54,unmap,52.864,0.000,0
sample,idle,2097152,54,release,26.367,0.000,0
sample,idle,2097152,55,create,49.184,0.000,0
sample,idle,2097152,55,map,0.576,0.000,0
sample,idle,2097152,55,access,37.056,0.000,0
sample,idle,2097152,55,unmap,55.584,0.000,0
sample,idle,2097152,55,release,29.344,0.000,0
sample,idle,2097152,56,create,50.703,0.000,0
sample,idle,2097152,56,map,0.496,0.000,0
sample,idle,2097152,56,access,37.088,0.000,0
sample,idle,2097152,56,unmap,54.607,0.000,0
sample,idle,2097152,56,release,26.768,0.000,0
sample,idle,2097152,57,create,49.296,0.000,0
sample,idle,2097152,57,map,0.512,0.000,0
sample,idle,2097152,57,access,36.767,0.000,0
sample,idle,2097152,57,unmap,54.512,0.000,0
sample,idle,2097152,57,release,26.800,0.000,0
sample,idle,2097152,58,create,49.199,0.000,0
sample,idle,2097152,58,map,0.512,0.000,0
sample,idle,2097152,58,access,36.544,0.000,0
sample,idle,2097152,58,unmap,54.127,0.000,0
sample,idle,2097152,58,release,26.544,0.000,0
sample,idle,2097152,59,create,49.472,0.000,0
sample,idle,2097152,59,map,0.496,0.000,0
sample,idle,2097152,59,access,36.815,0.000,0
sample,idle,2097152,59,unmap,53.376,0.000,0
sample,idle,2097152,59,release,26.703,0.000,0
sample,idle,2097152,60,create,49.632,0.000,0
sample,idle,2097152,60,map,0.512,0.000,0
sample,idle,2097152,60,access,36.928,0.000,0
sample,idle,2097152,60,unmap,55.631,0.000,0
sample,idle,2097152,60,release,26.800,0.000,0
sample,idle,2097152,61,create,51.007,0.000,0
sample,idle,2097152,61,map,0.512,0.000,0
sample,idle,2097152,61,access,36.896,0.000,0
sample,idle,2097152,61,unmap,53.407,0.000,0
sample,idle,2097152,61,release,26.368,0.000,0
sample,idle,2097152,62,create,49.664,0.000,0
sample,idle,2097152,62,map,0.528,0.000,0
sample,idle,2097152,62,access,37.087,0.000,0
sample,idle,2097152,62,unmap,54.048,0.000,0
sample,idle,2097152,62,release,26.784,0.000,0
sample,idle,2097152,63,create,49.407,0.000,0
sample,idle,2097152,63,map,0.560,0.000,0
sample,idle,2097152,63,access,36.864,0.000,0
sample,idle,2097152,63,unmap,55.503,0.000,0
sample,idle,2097152,63,release,26.832,0.000,0
sample,idle,2097152,64,create,49.552,0.000,0
sample,idle,2097152,64,map,0.448,0.000,0
sample,idle,2097152,64,access,37.167,0.000,0
sample,idle,2097152,64,unmap,53.760,0.000,0
sample,idle,2097152,64,release,26.687,0.000,0
sample,idle,2097152,65,create,49.296,0.000,0
sample,idle,2097152,65,map,0.496,0.000,0
sample,idle,2097152,65,access,37.104,0.000,0
sample,idle,2097152,65,unmap,55.631,0.000,0
sample,idle,2097152,65,release,26.672,0.000,0
sample,idle,2097152,66,create,49.551,0.000,0
sample,idle,2097152,66,map,0.512,0.000,0
sample,idle,2097152,66,access,36.912,0.000,0
sample,idle,2097152,66,unmap,53.567,0.000,0
sample,idle,2097152,66,release,26.864,0.000,0
sample,idle,2097152,67,create,49.424,0.000,0
sample,idle,2097152,67,map,0.512,0.000,0
sample,idle,2097152,67,access,36.640,0.000,0
sample,idle,2097152,67,unmap,53.456,0.000,0
sample,idle,2097152,67,release,26.768,0.000,0
sample,idle,2097152,68,create,49.407,0.000,0
sample,idle,2097152,68,map,0.512,0.000,0
sample,idle,2097152,68,access,36.752,0.000,0
sample,idle,2097152,68,unmap,55.231,0.000,0
sample,idle,2097152,68,release,26.688,0.000,0
sample,idle,2097152,69,create,49.504,0.000,0
sample,idle,2097152,69,map,0.528,0.000,0
sample,idle,2097152,69,access,36.623,0.000,0
sample,idle,2097152,69,unmap,54.528,0.000,0
sample,idle,2097152,69,release,26.688,0.000,0
sample,idle,2097152,70,create,49.151,0.000,0
sample,idle,2097152,70,map,0.464,0.000,0
sample,idle,2097152,70,access,36.656,0.000,0
sample,idle,2097152,70,unmap,55.167,0.000,0
sample,idle,2097152,70,release,26.240,0.000,0
sample,idle,2097152,71,create,49.232,0.000,0
sample,idle,2097152,71,map,0.512,0.000,0
sample,idle,2097152,71,access,36.607,0.000,0
sample,idle,2097152,71,unmap,52.816,0.000,0
sample,idle,2097152,71,release,28.079,0.000,0
sample,idle,2097152,72,create,49.648,0.000,0
sample,idle,2097152,72,map,0.528,0.000,0
sample,idle,2097152,72,access,36.864,0.000,0
sample,idle,2097152,72,unmap,53.887,0.000,0
sample,idle,2097152,72,release,26.464,0.000,0
sample,idle,2097152,73,create,49.679,0.000,0
sample,idle,2097152,73,map,0.528,0.000,0
sample,idle,2097152,73,access,37.024,0.000,0
sample,idle,2097152,73,unmap,55.215,0.000,0
sample,idle,2097152,73,release,26.784,0.000,0
sample,idle,2097152,74,create,49.920,0.000,0
sample,idle,2097152,74,map,0.528,0.000,0
sample,idle,2097152,74,access,36.799,0.000,0
sample,idle,2097152,74,unmap,54.048,0.000,0
sample,idle,2097152,74,release,26.768,0.000,0
sample,idle,2097152,75,create,49.391,0.000,0
sample,idle,2097152,75,map,0.528,0.000,0
sample,idle,2097152,75,access,36.464,0.000,0
sample,idle,2097152,75,unmap,55.503,0.000,0
sample,idle,2097152,75,release,26.928,0.000,0
sample,idle,2097152,76,create,49.680,0.000,0
sample,idle,2097152,76,map,0.480,0.000,0
sample,idle,2097152,76,access,36.847,0.000,0
sample,idle,2097152,76,unmap,56.224,0.000,0
sample,idle,2097152,76,release,26.447,0.000,0
sample,idle,2097152,77,create,51.552,0.000,0
sample,idle,2097152,77,map,0.544,0.000,0
sample,idle,2097152,77,access,36.752,0.000,0
sample,idle,2097152,77,unmap,54.272,0.000,0
sample,idle,2097152,77,release,26.128,0.000,0
sample,idle,2097152,78,create,49.391,0.000,0
sample,idle,2097152,78,map,0.496,0.000,0
sample,idle,2097152,78,access,36.768,0.000,0
sample,idle,2097152,78,unmap,56.623,0.000,0
sample,idle,2097152,78,release,26.576,0.000,0
sample,idle,2097152,79,create,49.248,0.000,0
sample,idle,2097152,79,map,0.512,0.000,0
sample,idle,2097152,79,access,36.687,0.000,0
sample,idle,2097152,79,unmap,53.008,0.000,0
sample,idle,2097152,79,release,26.816,0.000,0
sample,idle,2097152,80,create,49.279,0.000,0
sample,idle,2097152,80,map,0.512,0.000,0
sample,idle,2097152,80,access,36.720,0.000,0
sample,idle,2097152,80,unmap,55.039,0.000,0
sample,idle,2097152,80,release,26.336,0.000,0
sample,idle,2097152,81,create,49.536,0.000,0
sample,idle,2097152,81,map,0.528,0.000,0
sample,idle,2097152,81,access,36.639,0.000,0
sample,idle,2097152,81,unmap,54.496,0.000,0
sample,idle,2097152,81,release,27.071,0.000,0
sample,idle,2097152,82,create,49.728,0.000,0
sample,idle,2097152,82,map,0.480,0.000,0
sample,idle,2097152,82,access,36.576,0.000,0
sample,idle,2097152,82,unmap,54.479,0.000,0
sample,idle,2097152,82,release,26.288,0.000,0
sample,idle,2097152,83,create,49.535,0.000,0
sample,idle,2097152,83,map,0.512,0.000,0
sample,idle,2097152,83,access,36.656,0.000,0
sample,idle,2097152,83,unmap,53.231,0.000,0
sample,idle,2097152,83,release,26.400,0.000,0
sample,idle,2097152,84,create,49.504,0.000,0
sample,idle,2097152,84,map,0.528,0.000,0
sample,idle,2097152,84,access,36.496,0.000,0
sample,idle,2097152,84,unmap,55.568,0.000,0
sample,idle,2097152,84,release,26.368,0.000,0
sample,idle,2097152,85,create,49.791,0.000,0
sample,idle,2097152,85,map,0.512,0.000,0
sample,idle,2097152,85,access,36.880,0.000,0
sample,idle,2097152,85,unmap,54.687,0.000,0
sample,idle,2097152,85,release,26.688,0.000,0
sample,idle,2097152,86,create,49.072,0.000,0
sample,idle,2097152,86,map,0.528,0.000,0
sample,idle,2097152,86,access,36.335,0.000,0
sample,idle,2097152,86,unmap,54.176,0.000,0
sample,idle,2097152,86,release,26.079,0.000,0
sample,idle,2097152,87,create,49.440,0.000,0
sample,idle,2097152,87,map,0.544,0.000,0
sample,idle,2097152,87,access,36.560,0.000,0
sample,idle,2097152,87,unmap,57.503,0.000,0
sample,idle,2097152,87,release,26.816,0.000,0
sample,idle,2097152,88,create,49.999,0.000,0
sample,idle,2097152,88,map,0.528,0.000,0
sample,idle,2097152,88,access,36.368,0.000,0
sample,idle,2097152,88,unmap,54.816,0.000,0
sample,idle,2097152,88,release,26.863,0.000,0
sample,idle,2097152,89,create,49.360,0.000,0
sample,idle,2097152,89,map,0.512,0.000,0
sample,idle,2097152,89,access,37.088,0.000,0
sample,idle,2097152,89,unmap,55.888,0.000,0
sample,idle,2097152,89,release,26.816,0.000,0
sample,idle,2097152,90,create,49.807,0.000,0
sample,idle,2097152,90,map,0.528,0.000,0
sample,idle,2097152,90,access,37.056,0.000,0
sample,idle,2097152,90,unmap,54.527,0.000,0
sample,idle,2097152,90,release,26.528,0.000,0
sample,idle,2097152,91,create,49.760,0.000,0
sample,idle,2097152,91,map,0.496,0.000,0
sample,idle,2097152,91,access,36.815,0.000,0
sample,idle,2097152,91,unmap,55.824,0.000,0
sample,idle,2097152,91,release,28.000,0.000,0
sample,idle,2097152,92,create,49.647,0.000,0
sample,idle,2097152,92,map,0.576,0.000,0
sample,idle,2097152,92,access,36.880,0.000,0
sample,idle,2097152,92,unmap,55.823,0.000,0
sample,idle,2097152,92,release,26.800,0.000,0
sample,idle,2097152,93,create,51.616,0.000,0
sample,idle,2097152,93,map,0.528,0.000,0
sample,idle,2097152,93,access,37.071,0.000,0
sample,idle,2097152,93,unmap,53.936,0.000,0
sample,idle,2097152,93,release,26.575,0.000,0
sample,idle,2097152,94,create,49.504,0.000,0
sample,idle,2097152,94,map,0.544,0.000,0
sample,idle,2097152,94,access,37.040,0.000,0
sample,idle,2097152,94,unmap,54.464,0.000,0
sample,idle,2097152,94,release,26.448,0.000,0
sample,idle,2097152,95,create,49.407,0.000,0
sample,idle,2097152,95,map,0.464,0.000,0
sample,idle,2097152,95,access,36.672,0.000,0
sample,idle,2097152,95,unmap,54.879,0.000,0
sample,idle,2097152,95,release,26.432,0.000,0
sample,idle,2097152,96,create,49.680,0.000,0
sample,idle,2097152,96,map,0.496,0.000,0
sample,idle,2097152,96,access,36.655,0.000,0
sample,idle,2097152,96,unmap,55.408,0.000,0
sample,idle,2097152,96,release,26.176,0.000,0
sample,idle,2097152,97,create,49.615,0.000,0
sample,idle,2097152,97,map,0.512,0.000,0
sample,idle,2097152,97,access,36.320,0.000,0
sample,idle,2097152,97,unmap,54.879,0.000,0
sample,idle,2097152,97,release,26.784,0.000,0
sample,idle,2097152,98,create,49.680,0.000,0
sample,idle,2097152,98,map,0.512,0.000,0
sample,idle,2097152,98,access,38.511,0.000,0
sample,idle,2097152,98,unmap,55.024,0.000,0
sample,idle,2097152,98,release,26.719,0.000,0
sample,idle,2097152,99,create,49.584,0.000,0
sample,idle,2097152,99,map,0.528,0.000,0
sample,idle,2097152,99,access,36.704,0.000,0
sample,idle,2097152,99,unmap,57.376,0.000,0
sample,idle,2097152,99,release,26.576,0.000,0
sample,one_block,2097152,0,create,50.320,10.004,1
sample,one_block,2097152,0,map,0.576,10.004,1
sample,one_block,2097152,0,access,37.455,10.006,1
sample,one_block,2097152,0,unmap,55.152,10.006,1
sample,one_block,2097152,0,release,30.927,10.006,1
sample,one_block,2097152,1,create,50.384,10.004,1
sample,one_block,2097152,1,map,0.672,10.004,1
sample,one_block,2097152,1,access,36.944,10.006,1
sample,one_block,2097152,1,unmap,56.063,10.007,1
sample,one_block,2097152,1,release,30.655,10.006,1
sample,one_block,2097152,2,create,50.144,10.004,1
sample,one_block,2097152,2,map,0.624,10.003,1
sample,one_block,2097152,2,access,36.064,10.006,1
sample,one_block,2097152,2,unmap,55.967,10.006,1
sample,one_block,2097152,2,release,31.231,10.006,1
sample,one_block,2097152,3,create,50.016,10.004,1
sample,one_block,2097152,3,map,0.608,10.006,1
sample,one_block,2097152,3,access,36.816,10.005,1
sample,one_block,2097152,3,unmap,56.879,10.007,1
sample,one_block,2097152,3,release,31.088,10.006,1
sample,one_block,2097152,4,create,50.192,10.004,1
sample,one_block,2097152,4,map,0.608,10.003,1
sample,one_block,2097152,4,access,36.768,10.006,1
sample,one_block,2097152,4,unmap,54.751,10.006,1
sample,one_block,2097152,4,release,31.648,10.006,1
sample,one_block,2097152,5,create,50.832,10.004,1
sample,one_block,2097152,5,map,0.640,10.004,1
sample,one_block,2097152,5,access,37.296,10.005,1
sample,one_block,2097152,5,unmap,54.847,10.007,1
sample,one_block,2097152,5,release,31.216,10.006,1
sample,one_block,2097152,6,create,50.224,10.004,1
sample,one_block,2097152,6,map,0.704,10.003,1
sample,one_block,2097152,6,access,37.440,10.005,1
sample,one_block,2097152,6,unmap,54.703,10.005,1
sample,one_block,2097152,6,release,31.696,10.006,1
sample,one_block,2097152,7,create,50.816,10.004,1
sample,one_block,2097152,7,map,0.608,10.004,1
sample,one_block,2097152,7,access,37.088,10.005,1
sample,one_block,2097152,7,unmap,52.495,10.007,1
sample,one_block,2097152,7,release,30.768,10.006,1
sample,one_block,2097152,8,create,49.695,10.004,1
sample,one_block,2097152,8,map,0.640,10.004,1
sample,one_block,2097152,8,access,36.880,10.006,1
sample,one_block,2097152,8,unmap,55.023,10.006,1
sample,one_block,2097152,8,release,30.928,10.006,1
sample,one_block,2097152,9,create,50.335,10.004,1
sample,one_block,2097152,9,map,0.640,10.004,1
sample,one_block,2097152,9,access,37.600,10.005,1
sample,one_block,2097152,9,unmap,56.623,10.007,1
sample,one_block,2097152,9,release,30.752,10.006,1
sample,one_block,2097152,10,create,51.135,10.004,1
sample,one_block,2097152,10,map,0.608,10.004,1
sample,one_block,2097152,10,access,37.056,10.006,1
sample,one_block,2097152,10,unmap,55.519,10.006,1
sample,one_block,2097152,10,release,30.960,10.006,1
sample,one_block,2097152,11,create,51.391,10.004,1
sample,one_block,2097152,11,map,0.576,10.004,1
sample,one_block,2097152,11,access,37.440,10.006,1
sample,one_block,2097152,11,unmap,54.032,10.006,1
sample,one_block,2097152,11,release,31.200,10.006,1
sample,one_block,2097152,12,create,51.055,10.004,1
sample,one_block,2097152,12,map,0.608,10.004,1
sample,one_block,2097152,12,access,37.408,10.006,1
sample,one_block,2097152,12,unmap,56.768,10.005,1
sample,one_block,2097152,12,release,30.784,10.006,1
sample,one_block,2097152,13,create,50.783,10.004,1
sample,one_block,2097152,13,map,0.624,10.004,1
sample,one_block,2097152,13,access,37.024,10.005,1
sample,one_block,2097152,13,unmap,54.560,10.005,1
sample,one_block,2097152,13,release,30.288,10.006,1
sample,one_block,2097152,14,create,51.007,10.004,1
sample,one_block,2097152,14,map,0.576,10.004,1
sample,one_block,2097152,14,access,37.312,10.006,1
sample,one_block,2097152,14,unmap,55.120,10.006,1
sample,one_block,2097152,14,release,30.928,10.006,1
sample,one_block,2097152,15,create,50.495,10.004,1
sample,one_block,2097152,15,map,0.608,10.003,1
sample,one_block,2097152,15,access,36.896,10.005,1
sample,one_block,2097152,15,unmap,57.408,10.005,1
sample,one_block,2097152,15,release,30.624,10.006,1
sample,one_block,2097152,16,create,50.255,10.004,1
sample,one_block,2097152,16,map,0.576,10.004,1
sample,one_block,2097152,16,access,36.879,10.006,1
sample,one_block,2097152,16,unmap,55.440,10.007,1
sample,one_block,2097152,16,release,30.832,10.006,1
sample,one_block,2097152,17,create,50.416,10.004,1
sample,one_block,2097152,17,map,0.560,10.004,1
sample,one_block,2097152,17,access,36.911,10.005,1
sample,one_block,2097152,17,unmap,55.520,10.006,1
sample,one_block,2097152,17,release,30.880,10.006,1
sample,one_block,2097152,18,create,50.096,10.004,1
sample,one_block,2097152,18,map,0.640,10.004,1
sample,one_block,2097152,18,access,36.640,10.005,1
sample,one_block,2097152,18,unmap,56.784,10.006,1
sample,one_block,2097152,18,release,31.312,10.006,1
sample,one_block,2097152,19,create,51.743,10.004,1
sample,one_block,2097152,19,map,0.512,10.005,1
sample,one_block,2097152,19,access,36.784,10.004,1
sample,one_block,2097152,19,unmap,56.192,10.007,1
sample,one_block,2097152,19,release,30.688,10.006,1
sample,one_block,2097152,20,create,50.239,10.004,1
sample,one_block,2097152,20,map,0.624,10.004,1
sample,one_block,2097152,20,access,37.136,10.005,1
sample,one_block,2097152,20,unmap,55.343,10.006,1
sample,one_block,2097152,20,release,31.456,10.006,1
sample,one_block,2097152,21,create,50.655,10.004,1
sample,one_block,2097152,21,map,0.576,10.004,1
sample,one_block,2097152,21,access,36.080,10.005,1
sample,one_block,2097152,21,unmap,54.815,10.006,1
sample,one_block,2097152,21,release,30.912,10.006,1
sample,one_block,2097152,22,create,49.871,10.004,1
sample,one_block,2097152,22,map,0.592,10.004,1
sample,one_block,2097152,22,access,37.024,10.006,1
sample,one_block,2097152,22,unmap,55.903,10.006,1
sample,one_block,2097152,22,release,30.480,10.006,1
sample,one_block,2097152,23,create,49.679,10.004,1
sample,one_block,2097152,23,map,0.688,10.004,1
sample,one_block,2097152,23,access,37.632,10.005,1
sample,one_block,2097152,23,unmap,54.223,10.007,1
sample,one_block,2097152,23,release,30.864,10.006,1
sample,one_block,2097152,24,create,49.855,10.004,1
sample,one_block,2097152,24,map,0.624,10.004,1
sample,one_block,2097152,24,access,37.248,10.006,1
sample,one_block,2097152,24,unmap,55.567,10.007,1
sample,one_block,2097152,24,release,30.864,10.006,1
sample,one_block,2097152,25,create,49.552,10.004,1
sample,one_block,2097152,25,map,0.560,10.004,1
sample,one_block,2097152,25,access,37.088,10.006,1
sample,one_block,2097152,25,unmap,56.319,10.005,1
sample,one_block,2097152,25,release,30.256,10.006,1
sample,one_block,2097152,26,create,50.240,10.005,1
sample,one_block,2097152,26,map,0.672,10.004,1
sample,one_block,2097152,26,access,37.264,10.006,1
sample,one_block,2097152,26,unmap,56.143,10.006,1
sample,one_block,2097152,26,release,30.960,10.006,1
sample,one_block,2097152,27,create,50.128,10.004,1
sample,one_block,2097152,27,map,0.608,10.004,1
sample,one_block,2097152,27,access,37.232,10.005,1
sample,one_block,2097152,27,unmap,56.063,10.006,1
sample,one_block,2097152,27,release,30.560,10.006,1
sample,one_block,2097152,28,create,49.856,10.004,1
sample,one_block,2097152,28,map,0.576,10.004,1
sample,one_block,2097152,28,access,37.136,10.005,1
sample,one_block,2097152,28,unmap,54.911,10.006,1
sample,one_block,2097152,28,release,31.264,10.006,1
sample,one_block,2097152,29,create,49.520,10.004,1
sample,one_block,2097152,29,map,0.576,10.004,1
sample,one_block,2097152,29,access,36.752,10.005,1
sample,one_block,2097152,29,unmap,55.040,10.006,1
sample,one_block,2097152,29,release,31.103,10.006,1
sample,sm_count_blocks,2097152,0,create,50.000,10.005,1
sample,sm_count_blocks,2097152,0,map,0.560,10.004,1
sample,sm_count_blocks,2097152,0,access,37.311,10.006,1
sample,sm_count_blocks,2097152,0,unmap,56.640,10.005,1
sample,sm_count_blocks,2097152,0,release,30.815,10.006,1
sample,sm_count_blocks,2097152,1,create,50.064,10.004,1
sample,sm_count_blocks,2097152,1,map,0.544,10.004,1
sample,sm_count_blocks,2097152,1,access,36.751,10.005,1
sample,sm_count_blocks,2097152,1,unmap,56.976,10.007,1
sample,sm_count_blocks,2097152,1,release,30.815,10.006,1
sample,sm_count_blocks,2097152,2,create,49.728,10.004,1
sample,sm_count_blocks,2097152,2,map,0.528,10.004,1
sample,sm_count_blocks,2097152,2,access,36.959,10.005,1
sample,sm_count_blocks,2097152,2,unmap,57.728,10.005,1
sample,sm_count_blocks,2097152,2,release,31.264,10.006,1
sample,sm_count_blocks,2097152,3,create,49.616,10.004,1
sample,sm_count_blocks,2097152,3,map,0.512,10.004,1
sample,sm_count_blocks,2097152,3,access,36.896,10.005,1
sample,sm_count_blocks,2097152,3,unmap,56.768,10.006,1
sample,sm_count_blocks,2097152,3,release,30.768,10.006,1
sample,sm_count_blocks,2097152,4,create,49.903,10.004,1
sample,sm_count_blocks,2097152,4,map,0.592,10.004,1
sample,sm_count_blocks,2097152,4,access,37.008,10.006,1
sample,sm_count_blocks,2097152,4,unmap,55.023,10.006,1
sample,sm_count_blocks,2097152,4,release,30.416,10.006,1
sample,sm_count_blocks,2097152,5,create,49.391,10.004,1
sample,sm_count_blocks,2097152,5,map,0.592,10.004,1
sample,sm_count_blocks,2097152,5,access,37.024,10.006,1
sample,sm_count_blocks,2097152,5,unmap,56.111,10.005,1
sample,sm_count_blocks,2097152,5,release,31.008,10.006,1
sample,sm_count_blocks,2097152,6,create,50.080,10.004,1
sample,sm_count_blocks,2097152,6,map,0.624,10.004,1
sample,sm_count_blocks,2097152,6,access,37.072,10.005,1
sample,sm_count_blocks,2097152,6,unmap,56.527,10.005,1
sample,sm_count_blocks,2097152,6,release,31.199,10.006,1
sample,sm_count_blocks,2097152,7,create,50.512,10.004,1
sample,sm_count_blocks,2097152,7,map,0.544,10.004,1
sample,sm_count_blocks,2097152,7,access,36.255,10.007,1
sample,sm_count_blocks,2097152,7,unmap,56.608,10.006,1
sample,sm_count_blocks,2097152,7,release,30.639,10.006,1
sample,sm_count_blocks,2097152,8,create,49.936,10.004,1
sample,sm_count_blocks,2097152,8,map,0.576,10.004,1
sample,sm_count_blocks,2097152,8,access,36.431,10.006,1
sample,sm_count_blocks,2097152,8,unmap,56.080,10.006,1
sample,sm_count_blocks,2097152,8,release,30.752,10.006,1
sample,sm_count_blocks,2097152,9,create,49.759,10.004,1
sample,sm_count_blocks,2097152,9,map,0.528,10.004,1
sample,sm_count_blocks,2097152,9,access,36.607,10.006,1
sample,sm_count_blocks,2097152,9,unmap,56.112,10.007,1
sample,sm_count_blocks,2097152,9,release,30.496,10.006,1
sample,sm_count_blocks,2097152,10,create,49.631,10.004,1
sample,sm_count_blocks,2097152,10,map,0.592,10.005,1
sample,sm_count_blocks,2097152,10,access,37.008,10.005,1
sample,sm_count_blocks,2097152,10,unmap,54.383,10.007,1
sample,sm_count_blocks,2097152,10,release,30.896,10.006,1
sample,sm_count_blocks,2097152,11,create,49.871,10.004,1
sample,sm_count_blocks,2097152,11,map,0.592,10.004,1
sample,sm_count_blocks,2097152,11,access,37.344,10.005,1
sample,sm_count_blocks,2097152,11,unmap,58.527,10.007,1
sample,sm_count_blocks,2097152,11,release,30.672,10.006,1
sample,sm_count_blocks,2097152,12,create,50.224,10.004,1
sample,sm_count_blocks,2097152,12,map,0.544,10.004,1
sample,sm_count_blocks,2097152,12,access,36.736,10.006,1
sample,sm_count_blocks,2097152,12,unmap,55.663,10.006,1
sample,sm_count_blocks,2097152,12,release,30.640,10.006,1
sample,sm_count_blocks,2097152,13,create,49.712,10.004,1
sample,sm_count_blocks,2097152,13,map,0.560,10.004,1
sample,sm_count_blocks,2097152,13,access,37.424,10.005,1
sample,sm_count_blocks,2097152,13,unmap,58.368,10.005,1
sample,sm_count_blocks,2097152,13,release,31.295,10.006,1
sample,sm_count_blocks,2097152,14,create,49.888,10.004,1
sample,sm_count_blocks,2097152,14,map,0.608,10.004,1
sample,sm_count_blocks,2097152,14,access,36.959,10.006,1
sample,sm_count_blocks,2097152,14,unmap,55.264,10.006,1
sample,sm_count_blocks,2097152,14,release,30.287,10.006,1
sample,sm_count_blocks,2097152,15,create,49.743,10.004,1
sample,sm_count_blocks,2097152,15,map,0.592,10.003,1
sample,sm_count_blocks,2097152,15,access,36.863,10.006,1
sample,sm_count_blocks,2097152,15,unmap,54.672,10.005,1
sample,sm_count_blocks,2097152,15,release,30.944,10.006,1
sample,sm_count_blocks,2097152,16,create,49.439,10.004,1
sample,sm_count_blocks,2097152,16,map,0.560,10.004,1
sample,sm_count_blocks,2097152,16,access,36.864,10.006,1
sample,sm_count_blocks,2097152,16,unmap,55.807,10.006,1
sample,sm_count_blocks,2097152,16,release,31.216,10.006,1
sample,sm_count_blocks,2097152,17,create,49.375,10.004,1
sample,sm_count_blocks,2097152,17,map,0.624,10.004,1
sample,sm_count_blocks,2097152,17,access,37.088,10.005,1
sample,sm_count_blocks,2097152,17,unmap,55.471,10.007,1
sample,sm_count_blocks,2097152,17,release,30.944,10.006,1
sample,sm_count_blocks,2097152,18,create,49.808,10.004,1
sample,sm_count_blocks,2097152,18,map,0.608,10.004,1
sample,sm_count_blocks,2097152,18,access,37.024,10.005,1
sample,sm_count_blocks,2097152,18,unmap,59.103,10.007,1
sample,sm_count_blocks,2097152,18,release,30.943,10.006,1
sample,sm_count_blocks,2097152,19,create,49.872,10.004,1
sample,sm_count_blocks,2097152,19,map,0.640,10.004,1
sample,sm_count_blocks,2097152,19,access,36.767,10.006,1
sample,sm_count_blocks,2097152,19,unmap,55.552,10.005,1
sample,sm_count_blocks,2097152,19,release,30.271,10.006,1
sample,sm_count_blocks,2097152,20,create,49.984,10.004,1
sample,sm_count_blocks,2097152,20,map,0.688,10.004,1
sample,sm_count_blocks,2097152,20,access,37.359,10.005,1
sample,sm_count_blocks,2097152,20,unmap,56.336,10.007,1
sample,sm_count_blocks,2097152,20,release,31.376,10.006,1
sample,sm_count_blocks,2097152,21,create,49.599,10.004,1
sample,sm_count_blocks,2097152,21,map,0.576,10.003,1
sample,sm_count_blocks,2097152,21,access,36.975,10.006,1
sample,sm_count_blocks,2097152,21,unmap,54.864,10.005,1
sample,sm_count_blocks,2097152,21,release,30.448,10.006,1
sample,sm_count_blocks,2097152,22,create,49.583,10.004,1
sample,sm_count_blocks,2097152,22,map,0.544,10.004,1
sample,sm_count_blocks,2097152,22,access,37.360,10.006,1
sample,sm_count_blocks,2097152,22,unmap,54.879,10.006,1
sample,sm_count_blocks,2097152,22,release,31.296,10.006,1
sample,sm_count_blocks,2097152,23,create,49.951,10.004,1
sample,sm_count_blocks,2097152,23,map,0.592,10.004,1
sample,sm_count_blocks,2097152,23,access,37.024,10.006,1
sample,sm_count_blocks,2097152,23,unmap,55.951,10.006,1
sample,sm_count_blocks,2097152,23,release,31.295,10.006,1
sample,sm_count_blocks,2097152,24,create,49.424,10.004,1
sample,sm_count_blocks,2097152,24,map,0.608,10.004,1
sample,sm_count_blocks,2097152,24,access,36.751,10.005,1
sample,sm_count_blocks,2097152,24,unmap,54.256,10.007,1
sample,sm_count_blocks,2097152,24,release,31.952,10.006,1
sample,sm_count_blocks,2097152,25,create,49.679,10.004,1
sample,sm_count_blocks,2097152,25,map,0.608,10.004,1
sample,sm_count_blocks,2097152,25,access,36.687,10.005,1
sample,sm_count_blocks,2097152,25,unmap,56.448,10.007,1
sample,sm_count_blocks,2097152,25,release,30.640,10.006,1
sample,sm_count_blocks,2097152,26,create,49.983,10.004,1
sample,sm_count_blocks,2097152,26,map,0.640,10.004,1
sample,sm_count_blocks,2097152,26,access,37.328,10.005,1
sample,sm_count_blocks,2097152,26,unmap,61.023,10.005,1
sample,sm_count_blocks,2097152,26,release,30.912,10.006,1
sample,sm_count_blocks,2097152,27,create,52.032,10.004,1
sample,sm_count_blocks,2097152,27,map,0.640,10.003,1
sample,sm_count_blocks,2097152,27,access,38.688,10.005,1
sample,sm_count_blocks,2097152,27,unmap,56.351,10.007,1
sample,sm_count_blocks,2097152,27,release,30.671,10.006,1
sample,sm_count_blocks,2097152,28,create,49.920,10.004,1
sample,sm_count_blocks,2097152,28,map,0.624,10.004,1
sample,sm_count_blocks,2097152,28,access,37.103,10.006,1
sample,sm_count_blocks,2097152,28,unmap,57.600,10.006,1
sample,sm_count_blocks,2097152,28,release,30.224,10.006,1
sample,sm_count_blocks,2097152,29,create,50.032,10.004,1
sample,sm_count_blocks,2097152,29,map,0.656,10.003,1
sample,sm_count_blocks,2097152,29,access,37.072,10.005,1
sample,sm_count_blocks,2097152,29,unmap,54.735,10.007,1
sample,sm_count_blocks,2097152,29,release,30.336,10.006,1
sample,idle,8388608,0,create,179.583,0.000,0
sample,idle,8388608,0,map,0.848,0.000,0
sample,idle,8388608,0,access,83.519,0.000,0
sample,idle,8388608,0,unmap,165.806,0.000,0
sample,idle,8388608,0,release,50.272,0.000,0
sample,idle,8388608,1,create,179.679,0.000,0
sample,idle,8388608,1,map,0.688,0.000,0
sample,idle,8388608,1,access,216.654,0.000,0
sample,idle,8388608,1,unmap,155.119,0.000,0
sample,idle,8388608,1,release,48.032,0.000,0
sample,idle,8388608,2,create,179.550,0.000,0
sample,idle,8388608,2,map,0.800,0.000,0
sample,idle,8388608,2,access,74.800,0.000,0
sample,idle,8388608,2,unmap,162.495,0.000,0
sample,idle,8388608,2,release,47.887,0.000,0
sample,idle,8388608,3,create,179.727,0.000,0
sample,idle,8388608,3,map,0.768,0.000,0
sample,idle,8388608,3,access,73.359,0.000,0
sample,idle,8388608,3,unmap,137.407,0.000,0
sample,idle,8388608,3,release,44.143,0.000,0
sample,idle,8388608,4,create,178.127,0.000,0
sample,idle,8388608,4,map,0.640,0.000,0
sample,idle,8388608,4,access,72.655,0.000,0
sample,idle,8388608,4,unmap,141.903,0.000,0
sample,idle,8388608,4,release,42.688,0.000,0
sample,idle,8388608,5,create,178.702,0.000,0
sample,idle,8388608,5,map,0.672,0.000,0
sample,idle,8388608,5,access,71.375,0.000,0
sample,idle,8388608,5,unmap,135.839,0.000,0
sample,idle,8388608,5,release,44.144,0.000,0
sample,idle,8388608,6,create,178.974,0.000,0
sample,idle,8388608,6,map,0.704,0.000,0
sample,idle,8388608,6,access,70.144,0.000,0
sample,idle,8388608,6,unmap,143.455,0.000,0
sample,idle,8388608,6,release,42.768,0.000,0
sample,idle,8388608,7,create,179.246,0.000,0
sample,idle,8388608,7,map,0.752,0.000,0
sample,idle,8388608,7,access,71.952,0.000,0
sample,idle,8388608,7,unmap,141.215,0.000,0
sample,idle,8388608,7,release,42.496,0.000,0
sample,idle,8388608,8,create,178.158,0.000,0
sample,idle,8388608,8,map,0.640,0.000,0
sample,idle,8388608,8,access,72.992,0.000,0
sample,idle,8388608,8,unmap,143.487,0.000,0
sample,idle,8388608,8,release,43.776,0.000,0
sample,idle,8388608,9,create,178.286,0.000,0
sample,idle,8388608,9,map,0.752,0.000,0
sample,idle,8388608,9,access,72.400,0.000,0
sample,idle,8388608,9,unmap,139.167,0.000,0
sample,idle,8388608,9,release,43.856,0.000,0
sample,idle,8388608,10,create,178.126,0.000,0
sample,idle,8388608,10,map,0.800,0.000,0
sample,idle,8388608,10,access,72.160,0.000,0
sample,idle,8388608,10,unmap,141.631,0.000,0
sample,idle,8388608,10,release,45.280,0.000,0
sample,idle,8388608,11,create,179.102,0.000,0
sample,idle,8388608,11,map,0.656,0.000,0
sample,idle,8388608,11,access,70.992,0.000,0
sample,idle,8388608,11,unmap,140.463,0.000,0
sample,idle,8388608,11,release,44.176,0.000,0
sample,idle,8388608,12,create,178.734,0.000,0
sample,idle,8388608,12,map,0.784,0.000,0
sample,idle,8388608,12,access,73.280,0.000,0
sample,idle,8388608,12,unmap,143.295,0.000,0
sample,idle,8388608,12,release,44.608,0.000,0
sample,idle,8388608,13,create,181.886,0.000,0
sample,idle,8388608,13,map,0.768,0.000,0
sample,idle,8388608,13,access,71.808,0.000,0
sample,idle,8388608,13,unmap,139.535,0.000,0
sample,idle,8388608,13,release,42.576,0.000,0
sample,idle,8388608,14,create,178.766,0.000,0
sample,idle,8388608,14,map,0.656,0.000,0
sample,idle,8388608,14,access,72.256,0.000,0
sample,idle,8388608,14,unmap,142.447,0.000,0
sample,idle,8388608,14,release,42.640,0.000,0
sample,idle,8388608,15,create,180.302,0.000,0
sample,idle,8388608,15,map,0.752,0.000,0
sample,idle,8388608,15,access,72.032,0.000,0
sample,idle,8388608,15,unmap,142.447,0.000,0
sample,idle,8388608,15,release,45.264,0.000,0
sample,idle,8388608,16,create,178.526,0.000,0
sample,idle,8388608,16,map,0.720,0.000,0
sample,idle,8388608,16,access,73.328,0.000,0
sample,idle,8388608,16,unmap,141.327,0.000,0
sample,idle,8388608,16,release,43.888,0.000,0
sample,idle,8388608,17,create,180.942,0.000,0
sample,idle,8388608,17,map,0.800,0.000,0
sample,idle,8388608,17,access,71.952,0.000,0
sample,idle,8388608,17,unmap,137.695,0.000,0
sample,idle,8388608,17,release,44.528,0.000,0
sample,idle,8388608,18,create,178.398,0.000,0
sample,idle,8388608,18,map,0.688,0.000,0
sample,idle,8388608,18,access,72.000,0.000,0
sample,idle,8388608,18,unmap,140.638,0.000,0
sample,idle,8388608,18,release,44.048,0.000,0
sample,idle,8388608,19,create,178.222,0.000,0
sample,idle,8388608,19,map,0.640,0.000,0
sample,idle,8388608,19,access,71.872,0.000,0
sample,idle,8388608,19,unmap,138.158,0.000,0
sample,idle,8388608,19,release,43.584,0.000,0
sample,idle,8388608,20,create,177.855,0.000,0
sample,idle,8388608,20,map,0.752,0.000,0
sample,idle,8388608,20,access,72.975,0.000,0
sample,idle,8388608,20,unmap,144.046,0.000,0
sample,idle,8388608,20,release,42.832,0.000,0
sample,idle,8388608,21,create,178.799,0.000,0
sample,idle,8388608,21,map,0.816,0.000,0
sample,idle,8388608,21,access,72.271,0.000,0
sample,idle,8388608,21,unmap,139.262,0.000,0
sample,idle,8388608,21,release,42.528,0.000,0
sample,idle,8388608,22,create,177.535,0.000,0
sample,idle,8388608,22,map,0.640,0.000,0
sample,idle,8388608,22,access,72.399,0.000,0
sample,idle,8388608,22,unmap,139.823,0.000,0
sample,idle,8388608,22,release,42.927,0.000,0
sample,idle,8388608,23,create,178.335,0.000,0
sample,idle,8388608,23,map,0.672,0.000,0
sample,idle,8388608,23,access,71.775,0.000,0
sample,idle,8388608,23,unmap,140.639,0.000,0
sample,idle,8388608,23,release,43.919,0.000,0
sample,idle,8388608,24,create,179.263,0.000,0
sample,idle,8388608,24,map,0.736,0.000,0
sample,idle,8388608,24,access,73.087,0.000,0
sample,idle,8388608,24,unmap,138.719,0.000,0
sample,idle,8388608,24,release,43.583,0.000,0
sample,idle,8388608,25,create,177.791,0.000,0
sample,idle,8388608,25,map,0.800,0.000,0
sample,idle,8388608,25,access,72.095,0.000,0
sample,idle,8388608,25,unmap,143.103,0.000,0
sample,idle,8388608,25,release,43.135,0.000,0
sample,idle,8388608,26,create,178.575,0.000,0
sample,idle,8388608,26,map,0.704,0.000,0
sample,idle,8388608,26,access,72.255,0.000,0
sample,idle,8388608,26,unmap,140.463,0.000,0
sample,idle,8388608,26,release,42.703,0.000,0
sample,idle,8388608,27,create,178.671,0.000,0
sample,idle,8388608,27,map,0.720,0.000,0
sample,idle,8388608,27,access,72.143,0.000,0
sample,idle,8388608,27,unmap,140.367,0.000,0
sample,idle,8388608,27,release,45.791,0.000,0
sample,idle,8388608,28,create,179.743,0.000,0
sample,idle,8388608,28,map,0.704,0.000,0
sample,idle,8388608,28,access,72.527,0.000,0
sample,idle,8388608,28,unmap,139.775,0.000,0
sample,idle,8388608,28,release,42.303,0.000,0
sample,idle,8388608,29,create,178.991,0.000,0
sample,idle,8388608,29,map,0.800,0.000,0
sample,idle,8388608,29,access,71.679,0.000,0
sample,idle,8388608,29,unmap,141.359,0.000,0
sample,idle,8388608,29,release,43.887,0.000,0
sample,idle,8388608,30,create,180.479,0.000,0
sample,idle,8388608,30,map,0.736,0.000,0
sample,idle,8388608,30,access,72.447,0.000,0
sample,idle,8388608,30,unmap,141.343,0.000,0
sample,idle,8388608,30,release,43.951,0.000,0
sample,idle,8388608,31,create,178.367,0.000,0
sample,idle,8388608,31,map,0.720,0.000,0
sample,idle,8388608,31,access,72.399,0.000,0
sample,idle,8388608,31,unmap,139.647,0.000,0
sample,idle,8388608,31,release,44.143,0.000,0
sample,idle,8388608,32,create,181.775,0.000,0
sample,idle,8388608,32,map,0.752,0.000,0
sample,idle,8388608,32,access,72.799,0.000,0
sample,idle,8388608,32,unmap,142.495,0.000,0
sample,idle,8388608,32,release,43.743,0.000,0
sample,idle,8388608,33,create,179.023,0.000,0
sample,idle,8388608,33,map,0.816,0.000,0
sample,idle,8388608,33,access,71.887,0.000,0
sample,idle,8388608,33,unmap,141.567,0.000,0
sample,idle,8388608,33,release,42.607,0.000,0
sample,idle,8388608,34,create,181.423,0.000,0
sample,idle,8388608,34,map,0.768,0.000,0
sample,idle,8388608,34,access,71.935,0.000,0
sample,idle,8388608,34,unmap,140.159,0.000,0
sample,idle,8388608,34,release,44.623,0.000,0
sample,idle,8388608,35,create,178.399,0.000,0
sample,idle,8388608,35,map,0.704,0.000,0
sample,idle,8388608,35,access,71.087,0.000,0
sample,idle,8388608,35,unmap,140.591,0.000,0
sample,idle,8388608,35,release,42.672,0.000,0
sample,idle,8388608,36,create,178.558,0.000,0
sample,idle,8388608,36,map,0.768,0.000,0
sample,idle,8388608,36,access,73.759,0.000,0
sample,idle,8388608,36,unmap,140.831,0.000,0
sample,idle,8388608,36,release,43.984,0.000,0
sample,idle,8388608,37,create,178.110,0.000,0
sample,idle,8388608,37,map,0.704,0.000,0
sample,idle,8388608,37,access,71.983,0.000,0
sample,idle,8388608,37,unmap,138.831,0.000,0
sample,idle,8388608,37,release,44.080,0.000,0
sample,idle,8388608,38,create,179.358,0.000,0
sample,idle,8388608,38,map,0.736,0.000,0
sample,idle,8388608,38,access,72.192,0.000,0
sample,idle,8388608,38,unmap,141.903,0.000,0
sample,idle,8388608,38,release,43.104,0.000,0
sample,idle,8388608,39,create,178.094,0.000,0
sample,idle,8388608,39,map,0.768,0.000,0
sample,idle,8388608,39,access,72.208,0.000,0
sample,idle,8388608,39,unmap,141.343,0.000,0
sample,idle,8388608,39,release,44.304,0.000,0
sample,idle,8388608,40,create,177.886,0.000,0
sample,idle,8388608,40,map,0.800,0.000,0
sample,idle,8388608,40,access,72.784,0.000,0
sample,idle,8388608,40,unmap,140.847,0.000,0
sample,idle,8388608,40,release,43.920,0.000,0
sample,idle,8388608,41,create,178.974,0.000,0
sample,idle,8388608,41,map,0.624,0.000,0
sample,idle,8388608,41,access,72.448,0.000,0
sample,idle,8388608,41,unmap,139.439,0.000,0
sample,idle,8388608,41,release,42.656,0.000,0
sample,idle,8388608,42,create,178.670,0.000,0
sample,idle,8388608,42,map,0.768,0.000,0
sample,idle,8388608,42,access,72.368,0.000,0
sample,idle,8388608,42,unmap,143.519,0.000,0
sample,idle,8388608,42,release,42.640,0.000,0
sample,idle,8388608,43,create,178.302,0.000,0
sample,idle,8388608,43,map,0.640,0.000,0
sample,idle,8388608,43,access,73.456,0.000,0
sample,idle,8388608,43,unmap,139.679,0.000,0
sample,idle,8388608,43,release,43.248,0.000,0
sample,idle,8388608,44,create,178.958,0.000,0
sample,idle,8388608,44,map,0.816,0.000,0
sample,idle,8388608,44,access,73.152,0.000,0
sample,idle,8388608,44,unmap,142.271,0.000,0
sample,idle,8388608,44,release,45.856,0.000,0
sample,idle,8388608,45,create,178.814,0.000,0
sample,idle,8388608,45,map,0.720,0.000,0
sample,idle,8388608,45,access,71.776,0.000,0
sample,idle,8388608,45,unmap,142.639,0.000,0
sample,idle,8388608,45,release,42.624,0.000,0
sample,idle,8388608,46,create,178.046,0.000,0
sample,idle,8388608,46,map,0.704,0.000,0
sample,idle,8388608,46,access,71.968,0.000,0
sample,idle,8388608,46,unmap,138.783,0.000,0
sample,idle,8388608,46,release,43.632,0.000,0
sample,idle,8388608,47,create,180.702,0.000,0
sample,idle,8388608,47,map,0.784,0.000,0
sample,idle,8388608,47,access,71.136,0.000,0
sample,idle,8388608,47,unmap,152.767,0.000,0
sample,idle,8388608,47,release,43.952,0.000,0
sample,idle,8388608,48,create,177.870,0.000,0
sample,idle,8388608,48,map,0.752,0.000,0
sample,idle,8388608,48,access,73.568,0.000,0
sample,idle,8388608,48,unmap,142.639,0.000,0
sample,idle,8388608,48,release,42.800,0.000,0
sample,idle,8388608,49,create,181.118,0.000,0
sample,idle,8388608,49,map,0.688,0.000,0
sample,idle,8388608,49,access,68.000,0.000,0
sample,idle,8388608,49,unmap,133.455,0.000,0
sample,idle,8388608,49,release,44.032,0.000,0
sample,idle,8388608,50,create,178.302,0.000,0
sample,idle,8388608,50,map,0.848,0.000,0
sample,idle,8388608,50,access,69.728,0.000,0
sample,idle,8388608,50,unmap,140.702,0.000,0
sample,idle,8388608,50,release,42.608,0.000,0
sample,idle,8388608,51,create,180.447,0.000,0
sample,idle,8388608,51,map,0.784,0.000,0
sample,idle,8388608,51,access,67.903,0.000,0
sample,idle,8388608,51,unmap,137.918,0.000,0
sample,idle,8388608,51,release,42.400,0.000,0
sample,idle,8388608,52,create,178.431,0.000,0
sample,idle,8388608,52,map,0.816,0.000,0
sample,idle,8388608,52,access,72.271,0.000,0
sample,idle,8388608,52,unmap,139.327,0.000,0
sample,idle,8388608,52,release,42.095,0.000,0
sample,idle,8388608,53,create,177.503,0.000,0
sample,idle,8388608,53,map,0.688,0.000,0
sample,idle,8388608,53,access,69.007,0.000,0
sample,idle,8388608,53,unmap,135.471,0.000,0
sample,idle,8388608,53,release,41.983,0.000,0
sample,idle,8388608,54,create,177.983,0.000,0
sample,idle,8388608,54,map,0.784,0.000,0
sample,idle,8388608,54,access,71.903,0.000,0
sample,idle,8388608,54,unmap,135.775,0.000,0
sample,idle,8388608,54,release,42.735,0.000,0
sample,idle,8388608,55,create,178.895,0.000,0
sample,idle,8388608,55,map,0.720,0.000,0
sample,idle,8388608,55,access,66.527,0.000,0
sample,idle,8388608,55,unmap,132.383,0.000,0
sample,idle,8388608,55,release,42.560,0.000,0
sample,idle,8388608,56,create,179.166,0.000,0
sample,idle,8388608,56,map,0.768,0.000,0
sample,idle,8388608,56,access,67.823,0.000,0
sample,idle,8388608,56,unmap,133.311,0.000,0
sample,idle,8388608,56,release,43.952,0.000,0
sample,idle,8388608,57,create,178.190,0.000,0
sample,idle,8388608,57,map,0.832,0.000,0
sample,idle,8388608,57,access,66.544,0.000,0
sample,idle,8388608,57,unmap,133.775,0.000,0
sample,idle,8388608,57,release,42.768,0.000,0
sample,idle,8388608,58,create,178.206,0.000,0
sample,idle,8388608,58,map,0.736,0.000,0
sample,idle,8388608,58,access,66.560,0.000,0
sample,idle,8388608,58,unmap,133.710,0.000,0
sample,idle,8388608,58,release,42.592,0.000,0
sample,idle,8388608,59,create,177.983,0.000,0
sample,idle,8388608,59,map,0.784,0.000,0
sample,idle,8388608,59,access,66.239,0.000,0
sample,idle,8388608,59,unmap,134.271,0.000,0
sample,idle,8388608,59,release,41.967,0.000,0
sample,idle,8388608,60,create,181.087,0.000,0
sample,idle,8388608,60,map,0.640,0.000,0
sample,idle,8388608,60,access,67.199,0.000,0
sample,idle,8388608,60,unmap,140.207,0.000,0
sample,idle,8388608,60,release,42.591,0.000,0
sample,idle,8388608,61,create,178.719,0.000,0
sample,idle,8388608,61,map,0.784,0.000,0
sample,idle,8388608,61,access,71.999,0.000,0
sample,idle,8388608,61,unmap,139.711,0.000,0
sample,idle,8388608,61,release,42.783,0.000,0
sample,idle,8388608,62,create,181.359,0.000,0
sample,idle,8388608,62,map,0.832,0.000,0
sample,idle,8388608,62,access,74.527,0.000,0
sample,idle,8388608,62,unmap,189.774,0.000,0
sample,idle,8388608,62,release,45.664,0.000,0
sample,idle,8388608,63,create,178.014,0.000,0
sample,idle,8388608,63,map,0.768,0.000,0
sample,idle,8388608,63,access,74.928,0.000,0
sample,idle,8388608,63,unmap,182.031,0.000,0
sample,idle,8388608,63,release,96.447,0.000,0
sample,idle,8388608,64,create,177.711,0.000,0
sample,idle,8388608,64,map,0.704,0.000,0
sample,idle,8388608,64,access,94.799,0.000,0
sample,idle,8388608,64,unmap,275.358,0.000,0
sample,idle,8388608,64,release,45.119,0.000,0
sample,idle,8388608,65,create,178.447,0.000,0
sample,idle,8388608,65,map,0.624,0.000,0
sample,idle,8388608,65,access,72.703,0.000,0
sample,idle,8388608,65,unmap,146.271,0.000,0
sample,idle,8388608,65,release,44.383,0.000,0
sample,idle,8388608,66,create,178.175,0.000,0
sample,idle,8388608,66,map,0.800,0.000,0
sample,idle,8388608,66,access,74.079,0.000,0
sample,idle,8388608,66,unmap,139.567,0.000,0
sample,idle,8388608,66,release,48.239,0.000,0
sample,idle,8388608,67,create,179.535,0.000,0
sample,idle,8388608,67,map,0.640,0.000,0
sample,idle,8388608,67,access,210.046,0.000,0
sample,idle,8388608,67,unmap,154.318,0.000,0
sample,idle,8388608,67,release,44.736,0.000,0
sample,idle,8388608,68,create,178.031,0.000,0
sample,idle,8388608,68,map,0.656,0.000,0
sample,idle,8388608,68,access,71.824,0.000,0
sample,idle,8388608,68,unmap,138.654,0.000,0
sample,idle,8388608,68,release,44.416,0.000,0
sample,idle,8388608,69,create,178.079,0.000,0
sample,idle,8388608,69,map,0.704,0.000,0
sample,idle,8388608,69,access,112.031,0.000,0
sample,idle,8388608,69,unmap,175.887,0.000,0
sample,idle,8388608,69,release,42.463,0.000,0
sample,idle,8388608,70,create,178.671,0.000,0
sample,idle,8388608,70,map,0.784,0.000,0
sample,idle,8388608,70,access,72.255,0.000,0
sample,idle,8388608,70,unmap,142.655,0.000,0
sample,idle,8388608,70,release,42.655,0.000,0
sample,idle,8388608,71,create,178.319,0.000,0
sample,idle,8388608,71,map,0.768,0.000,0
sample,idle,8388608,71,access,71.359,0.000,0
sample,idle,8388608,71,unmap,140.799,0.000,0
sample,idle,8388608,71,release,43.664,0.000,0
sample,idle,8388608,72,create,178.430,0.000,0
sample,idle,8388608,72,map,0.720,0.000,0
sample,idle,8388608,72,access,72.287,0.000,0
sample,idle,8388608,72,unmap,141.743,0.000,0
sample,idle,8388608,72,release,43.728,0.000,0
sample,idle,8388608,73,create,178.734,0.000,0
sample,idle,8388608,73,map,0.672,0.000,0
sample,idle,8388608,73,access,71.951,0.000,0
sample,idle,8388608,73,unmap,139.455,0.000,0
sample,idle,8388608,73,release,44.352,0.000,0
sample,idle,8388608,74,create,178.750,0.000,0
sample,idle,8388608,74,map,0.688,0.000,0
sample,idle,8388608,74,access,71.999,0.000,0
sample,idle,8388608,74,unmap,142.031,0.000,0
sample,idle,8388608,74,release,43.808,0.000,0
sample,idle,8388608,75,create,177.982,0.000,0
sample,idle,8388608,75,map,0.656,0.000,0
sample,idle,8388608,75,access,71.904,0.000,0
sample,idle,8388608,75,unmap,140.799,0.000,0
sample,idle,8388608,75,release,42.624,0.000,0
sample,idle,8388608,76,create,178.158,0.000,0
sample,idle,8388608,76,map,0.736,0.000,0
sample,idle,8388608,76,access,72.400,0.000,0
sample,idle,8388608,76,unmap,142.447,0.000,0
sample,idle,8388608,76,release,43.616,0.000,0
sample,idle,8388608,77,create,177.998,0.000,0
sample,idle,8388608,77,map,0.720,0.000,0
sample,idle,8388608,77,access,71.600,0.000,0
sample,idle,8388608,77,unmap,142.127,0.000,0
sample,idle,8388608,77,release,43.280,0.000,0
sample,idle,8388608,78,create,179.406,0.000,0
sample,idle,8388608,78,map,0.688,0.000,0
sample,idle,8388608,78,access,71.680,0.000,0
sample,idle,8388608,78,unmap,141.535,0.000,0
sample,idle,8388608,78,release,44.144,0.000,0
sample,idle,8388608,79,create,178.574,0.000,0
sample,idle,8388608,79,map,0.816,0.000,0
sample,idle,8388608,79,access,71.568,0.000,0
sample,idle,8388608,79,unmap,139.215,0.000,0
sample,idle,8388608,79,release,44.624,0.000,0
sample,idle,8388608,80,create,178.926,0.000,0
sample,idle,8388608,80,map,0.720,0.000,0
sample,idle,8388608,80,access,73.056,0.000,0
sample,idle,8388608,80,unmap,141.855,0.000,0
sample,idle,8388608,80,release,42.512,0.000,0
sample,idle,8388608,81,create,178.238,0.000,0
sample,idle,8388608,81,map,0.720,0.000,0
sample,idle,8388608,81,access,71.552,0.000,0
sample,idle,8388608,81,unmap,136.255,0.000,0
sample,idle,8388608,81,release,42.624,0.000,0
sample,idle,8388608,82,create,179.614,0.000,0
sample,idle,8388608,82,map,0.832,0.000,0
sample,idle,8388608,82,access,72.112,0.000,0
sample,idle,8388608,82,unmap,140.782,0.000,0
sample,idle,8388608,82,release,45.200,0.000,0
sample,idle,8388608,83,create,178.574,0.000,0
sample,idle,8388608,83,map,0.720,0.000,0
sample,idle,8388608,83,access,72.272,0.000,0
sample,idle,8388608,83,unmap,141.054,0.000,0
sample,idle,8388608,83,release,42.624,0.000,0
sample,idle,8388608,84,create,180.254,0.000,0
sample,idle,8388608,84,map,0.768,0.000,0
sample,idle,8388608,84,access,73.152,0.000,0
sample,idle,8388608,84,unmap,141.934,0.000,0
sample,idle,8388608,84,release,44.624,0.000,0
sample,idle,8388608,85,create,178.031,0.000,0
sample,idle,8388608,85,map,0.752,0.000,0
sample,idle,8388608,85,access,71.919,0.000,0
sample,idle,8388608,85,unmap,140.670,0.000,0
sample,idle,8388608,85,release,42.224,0.000,0
sample,idle,8388608,86,create,180.031,0.000,0
sample,idle,8388608,86,map,0.816,0.000,0
sample,idle,8388608,86,access,71.807,0.000,0
sample,idle,8388608,86,unmap,141.071,0.000,0
sample,idle,8388608,86,release,42.512,0.000,0
sample,idle,8388608,87,create,178.207,0.000,0
sample,idle,8388608,87,map,0.720,0.000,0
sample,idle,8388608,87,access,72.223,0.000,0
sample,idle,8388608,87,unmap,142.062,0.000,0
sample,idle,8388608,87,release,42.928,0.000,0
sample,idle,8388608,88,create,178.239,0.000,0
sample,idle,8388608,88,map,0.800,0.000,0
sample,idle,8388608,88,access,69.663,0.000,0
sample,idle,8388608,88,unmap,141.199,0.000,0
sample,idle,8388608,88,release,42.895,0.000,0
sample,idle,8388608,89,create,178.415,0.000,0
sample,idle,8388608,89,map,0.784,0.000,0
sample,idle,8388608,89,access,70.943,0.000,0
sample,idle,8388608,89,unmap,139.375,0.000,0
sample,idle,8388608,89,release,42.943,0.000,0
sample,idle,8388608,90,create,178.111,0.000,0
sample,idle,8388608,90,map,0.704,0.000,0
sample,idle,8388608,90,access,70.511,0.000,0
sample,idle,8388608,90,unmap,139.887,0.000,0
sample,idle,8388608,90,release,44.047,0.000,0
sample,idle,8388608,91,create,178.063,0.000,0
sample,idle,8388608,91,map,0.720,0.000,0
sample,idle,8388608,91,access,72.239,0.000,0
sample,idle,8388608,91,unmap,140.239,0.000,0
sample,idle,8388608,91,release,42.607,0.000,0
sample,idle,8388608,92,create,178.095,0.000,0
sample,idle,8388608,92,map,0.784,0.000,0
sample,idle,8388608,92,access,73.151,0.000,0
sample,idle,8388608,92,unmap,140.239,0.000,0
sample,idle,8388608,92,release,44.143,0.000,0
sample,idle,8388608,93,create,178.559,0.000,0
sample,idle,8388608,93,map,0.800,0.000,0
sample,idle,8388608,93,access,71.791,0.000,0
sample,idle,8388608,93,unmap,139.023,0.000,0
sample,idle,8388608,93,release,42.272,0.000,0
sample,idle,8388608,94,create,178.575,0.000,0
sample,idle,8388608,94,map,0.832,0.000,0
sample,idle,8388608,94,access,71.439,0.000,0
sample,idle,8388608,94,unmap,142.015,0.000,0
sample,idle,8388608,94,release,44.000,0.000,0
sample,idle,8388608,95,create,178.046,0.000,0
sample,idle,8388608,95,map,0.688,0.000,0
sample,idle,8388608,95,access,71.807,0.000,0
sample,idle,8388608,95,unmap,141.407,0.000,0
sample,idle,8388608,95,release,43.088,0.000,0
sample,idle,8388608,96,create,179.134,0.000,0
sample,idle,8388608,96,map,0.816,0.000,0
sample,idle,8388608,96,access,72.559,0.000,0
sample,idle,8388608,96,unmap,141.423,0.000,0
sample,idle,8388608,96,release,43.872,0.000,0
sample,idle,8388608,97,create,179.630,0.000,0
sample,idle,8388608,97,map,0.784,0.000,0
sample,idle,8388608,97,access,72.383,0.000,0
sample,idle,8388608,97,unmap,142.143,0.000,0
sample,idle,8388608,97,release,42.432,0.000,0
sample,idle,8388608,98,create,178.142,0.000,0
sample,idle,8388608,98,map,0.816,0.000,0
sample,idle,8388608,98,access,71.936,0.000,0
sample,idle,8388608,98,unmap,142.095,0.000,0
sample,idle,8388608,98,release,42.720,0.000,0
sample,idle,8388608,99,create,180.830,0.000,0
sample,idle,8388608,99,map,0.640,0.000,0
sample,idle,8388608,99,access,72.016,0.000,0
sample,idle,8388608,99,unmap,141.487,0.000,0
sample,idle,8388608,99,release,43.952,0.000,0
sample,one_block,8388608,0,create,181.535,10.004,1
sample,one_block,8388608,0,map,0.736,10.005,1
sample,one_block,8388608,0,access,72.095,10.005,1
sample,one_block,8388608,0,unmap,138.847,10.005,1
sample,one_block,8388608,0,release,55.872,10.006,1
sample,one_block,8388608,1,create,181.710,10.004,1
sample,one_block,8388608,1,map,0.800,10.004,1
sample,one_block,8388608,1,access,72.095,10.005,1
sample,one_block,8388608,1,unmap,139.359,10.005,1
sample,one_block,8388608,1,release,58.000,10.006,1
sample,one_block,8388608,2,create,181.134,10.004,1
sample,one_block,8388608,2,map,0.768,10.004,1
sample,one_block,8388608,2,access,71.200,10.005,1
sample,one_block,8388608,2,unmap,141.375,10.005,1
sample,one_block,8388608,2,release,57.200,10.006,1
sample,one_block,8388608,3,create,179.022,10.004,1
sample,one_block,8388608,3,map,0.800,10.004,1
sample,one_block,8388608,3,access,72.432,10.005,1
sample,one_block,8388608,3,unmap,139.775,10.005,1
sample,one_block,8388608,3,release,54.944,10.006,1
sample,one_block,8388608,4,create,178.655,10.004,1
sample,one_block,8388608,4,map,0.736,10.004,1
sample,one_block,8388608,4,access,72.367,10.005,1
sample,one_block,8388608,4,unmap,137.439,10.007,1
sample,one_block,8388608,4,release,54.735,10.006,1
sample,one_block,8388608,5,create,179.919,10.004,1
sample,one_block,8388608,5,map,0.816,10.004,1
sample,one_block,8388608,5,access,72.687,10.006,1
sample,one_block,8388608,5,unmap,141.071,10.006,1
sample,one_block,8388608,5,release,55.711,10.006,1
sample,one_block,8388608,6,create,179.103,10.004,1
sample,one_block,8388608,6,map,0.736,10.004,1
sample,one_block,8388608,6,access,71.839,10.005,1
sample,one_block,8388608,6,unmap,140.207,10.007,1
sample,one_block,8388608,6,release,53.600,10.006,1
sample,one_block,8388608,7,create,179.710,10.004,1
sample,one_block,8388608,7,map,0.880,10.004,1
sample,one_block,8388608,7,access,72.528,10.005,1
sample,one_block,8388608,7,unmap,144.302,10.007,1
sample,one_block,8388608,7,release,54.384,10.006,1
sample,one_block,8388608,8,create,177.550,10.004,1
sample,one_block,8388608,8,map,0.800,10.004,1
sample,one_block,8388608,8,access,73.440,10.005,1
sample,one_block,8388608,8,unmap,140.895,10.006,1
sample,one_block,8388608,8,release,56.047,10.006,1
sample,one_block,8388608,9,create,178.479,10.004,1
sample,one_block,8388608,9,map,0.752,10.004,1
sample,one_block,8388608,9,access,72.351,10.006,1
sample,one_block,8388608,9,unmap,141.967,10.006,1
sample,one_block,8388608,9,release,57.199,10.006,1
sample,one_block,8388608,10,create,177.150,10.004,1
sample,one_block,8388608,10,map,0.848,10.004,1
sample,one_block,8388608,10,access,72.639,10.006,1
sample,one_block,8388608,10,unmap,140.703,10.005,1
sample,one_block,8388608,10,release,57.424,10.006,1
sample,one_block,8388608,11,create,179.006,10.004,1
sample,one_block,8388608,11,map,0.832,10.004,1
sample,one_block,8388608,11,access,73.008,10.006,1
sample,one_block,8388608,11,unmap,138.575,10.005,1
sample,one_block,8388608,11,release,56.448,10.006,1
sample,one_block,8388608,12,create,179.583,10.004,1
sample,one_block,8388608,12,map,0.800,10.005,1
sample,one_block,8388608,12,access,72.719,10.006,1
sample,one_block,8388608,12,unmap,181.390,10.006,1
sample,one_block,8388608,12,release,57.423,10.006,1
sample,one_block,8388608,13,create,181.583,10.004,1
sample,one_block,8388608,13,map,0.864,10.004,1
sample,one_block,8388608,13,access,72.623,10.005,1
sample,one_block,8388608,13,unmap,139.023,10.006,1
sample,one_block,8388608,13,release,58.015,10.006,1
sample,one_block,8388608,14,create,181.566,10.004,1
sample,one_block,8388608,14,map,0.800,10.004,1
sample,one_block,8388608,14,access,72.400,10.006,1
sample,one_block,8388608,14,unmap,137.166,10.005,1
sample,one_block,8388608,14,release,57.840,10.006,1
sample,one_block,8388608,15,create,179.422,10.004,1
sample,one_block,8388608,15,map,0.848,10.005,1
sample,one_block,8388608,15,access,72.736,10.006,1
sample,one_block,8388608,15,unmap,139.439,10.006,1
sample,one_block,8388608,15,release,56.815,10.006,1
sample,one_block,8388608,16,create,179.711,10.004,1
sample,one_block,8388608,16,map,0.752,10.004,1
sample,one_block,8388608,16,access,71.711,10.005,1
sample,one_block,8388608,16,unmap,139.215,10.006,1
sample,one_block,8388608,16,release,55.135,10.006,1
sample,one_block,8388608,17,create,179.199,10.004,1
sample,one_block,8388608,17,map,0.816,10.004,1
sample,one_block,8388608,17,access,72.511,10.006,1
sample,one_block,8388608,17,unmap,142.495,10.005,1
sample,one_block,8388608,17,release,55.920,10.006,1
sample,one_block,8388608,18,create,178.846,10.004,1
sample,one_block,8388608,18,map,0.752,10.004,1
sample,one_block,8388608,18,access,71.328,10.005,1
sample,one_block,8388608,18,unmap,134.191,10.007,1
sample,one_block,8388608,18,release,56.912,10.006,1
sample,one_block,8388608,19,create,179.727,10.004,1
sample,one_block,8388608,19,map,0.752,10.005,1
sample,one_block,8388608,19,access,71.488,10.006,1
sample,one_block,8388608,19,unmap,135.055,10.006,1
sample,one_block,8388608,19,release,57.359,10.006,1
sample,one_block,8388608,20,create,180.127,10.004,1
sample,one_block,8388608,20,map,0.704,10.004,1
sample,one_block,8388608,20,access,72.431,10.006,1
sample,one_block,8388608,20,unmap,142.303,10.007,1
sample,one_block,8388608,20,release,57.727,10.006,1
sample,one_block,8388608,21,create,179.982,10.004,1
sample,one_block,8388608,21,map,0.800,10.004,1
sample,one_block,8388608,21,access,72.767,10.006,1
sample,one_block,8388608,21,unmap,140.639,10.007,1
sample,one_block,8388608,21,release,55.232,10.006,1
sample,one_block,8388608,22,create,179.390,10.004,1
sample,one_block,8388608,22,map,0.847,10.004,1
sample,one_block,8388608,22,access,72.320,10.006,1
sample,one_block,8388608,22,unmap,137.263,10.007,1
sample,one_block,8388608,22,release,57.344,10.006,1
sample,one_block,8388608,23,create,179.151,10.004,1
sample,one_block,8388608,23,map,0.832,10.004,1
sample,one_block,8388608,23,access,72.239,10.006,1
sample,one_block,8388608,23,unmap,140.591,10.005,1
sample,one_block,8388608,23,release,55.551,10.006,1
sample,one_block,8388608,24,create,178.815,10.006,1
sample,one_block,8388608,24,map,0.784,10.004,1
sample,one_block,8388608,24,access,70.815,10.005,1
sample,one_block,8388608,24,unmap,142.975,10.005,1
sample,one_block,8388608,24,release,57.151,10.006,1
sample,one_block,8388608,25,create,182.654,10.004,1
sample,one_block,8388608,25,map,0.800,10.005,1
sample,one_block,8388608,25,access,71.887,10.005,1
sample,one_block,8388608,25,unmap,140.014,10.007,1
sample,one_block,8388608,25,release,57.056,10.006,1
sample,one_block,8388608,26,create,181.630,10.004,1
sample,one_block,8388608,26,map,0.768,10.004,1
sample,one_block,8388608,26,access,72.576,10.005,1
sample,one_block,8388608,26,unmap,137.855,10.005,1
sample,one_block,8388608,26,release,55.631,10.006,1
sample,one_block,8388608,27,create,179.343,10.004,1
sample,one_block,8388608,27,map,0.736,10.005,1
sample,one_block,8388608,27,access,72.959,10.006,1
sample,one_block,8388608,27,unmap,138.207,10.007,1
sample,one_block,8388608,27,release,55.023,10.006,1
sample,one_block,8388608,28,create,179.390,10.004,1
sample,one_block,8388608,28,map,0.736,10.004,1
sample,one_block,8388608,28,access,72.431,10.006,1
sample,one_block,8388608,28,unmap,138.590,10.006,1
sample,one_block,8388608,28,release,55.888,10.006,1
sample,one_block,8388608,29,create,179.263,10.004,1
sample,one_block,8388608,29,map,0.816,10.004,1
sample,one_block,8388608,29,access,72.352,10.006,1
sample,one_block,8388608,29,unmap,140.431,10.005,1
sample,one_block,8388608,29,release,55.407,10.006,1
sample,sm_count_blocks,8388608,0,create,180.463,10.005,1
sample,sm_count_blocks,8388608,0,map,0.768,10.005,1
sample,sm_count_blocks,8388608,0,access,74.655,10.005,1
sample,sm_count_blocks,8388608,0,unmap,139.647,10.005,1
sample,sm_count_blocks,8388608,0,release,54.895,10.006,1
sample,sm_count_blocks,8388608,1,create,179.679,10.004,1
sample,sm_count_blocks,8388608,1,map,0.736,10.005,1
sample,sm_count_blocks,8388608,1,access,72.783,10.005,1
sample,sm_count_blocks,8388608,1,unmap,139.295,10.006,1
sample,sm_count_blocks,8388608,1,release,54.112,10.006,1
sample,sm_count_blocks,8388608,2,create,181.486,10.004,1
sample,sm_count_blocks,8388608,2,map,0.752,10.005,1
sample,sm_count_blocks,8388608,2,access,71.712,10.006,1
sample,sm_count_blocks,8388608,2,unmap,142.703,10.007,1
sample,sm_count_blocks,8388608,2,release,56.704,10.006,1
sample,sm_count_blocks,8388608,3,create,181.455,10.004,1
sample,sm_count_blocks,8388608,3,map,0.704,10.004,1
sample,sm_count_blocks,8388608,3,access,72.399,10.005,1
sample,sm_count_blocks,8388608,3,unmap,143.359,10.006,1
sample,sm_count_blocks,8388608,3,release,56.239,10.006,1
sample,sm_count_blocks,8388608,4,create,178.591,10.004,1
sample,sm_count_blocks,8388608,4,map,0.816,10.004,1
sample,sm_count_blocks,8388608,4,access,73.071,10.006,1
sample,sm_count_blocks,8388608,4,unmap,139.022,10.006,1
sample,sm_count_blocks,8388608,4,release,55.216,10.006,1
sample,sm_count_blocks,8388608,5,create,179.198,10.004,1
sample,sm_count_blocks,8388608,5,map,0.752,10.004,1
sample,sm_count_blocks,8388608,5,access,72.240,10.005,1
sample,sm_count_blocks,8388608,5,unmap,140.575,10.005,1
sample,sm_count_blocks,8388608,5,release,57.583,10.006,1
sample,sm_count_blocks,8388608,6,create,180.335,10.006,1
sample,sm_count_blocks,8388608,6,map,0.768,10.004,1
sample,sm_count_blocks,8388608,6,access,71.999,10.005,1
sample,sm_count_blocks,8388608,6,unmap,140.943,10.006,1
sample,sm_count_blocks,8388608,6,release,54.847,10.006,1
sample,sm_count_blocks,8388608,7,create,179.806,10.004,1
sample,sm_count_blocks,8388608,7,map,0.736,10.004,1
sample,sm_count_blocks,8388608,7,access,70.847,10.005,1
sample,sm_count_blocks,8388608,7,unmap,137.982,10.006,1
sample,sm_count_blocks,8388608,7,release,56.304,10.006,1
sample,sm_count_blocks,8388608,8,create,178.286,10.006,1
sample,sm_count_blocks,8388608,8,map,0.800,10.004,1
sample,sm_count_blocks,8388608,8,access,72.256,10.005,1
sample,sm_count_blocks,8388608,8,unmap,143.711,10.007,1
sample,sm_count_blocks,8388608,8,release,55.743,10.006,1
sample,sm_count_blocks,8388608,9,create,178.911,10.004,1
sample,sm_count_blocks,8388608,9,map,0.720,10.004,1
sample,sm_count_blocks,8388608,9,access,72.287,10.005,1
sample,sm_count_blocks,8388608,9,unmap,137.951,10.005,1
sample,sm_count_blocks,8388608,9,release,56.784,10.006,1
sample,sm_count_blocks,8388608,10,create,179.022,10.006,1
sample,sm_count_blocks,8388608,10,map,0.864,10.004,1
sample,sm_count_blocks,8388608,10,access,72.432,10.005,1
sample,sm_count_blocks,8388608,10,unmap,136.623,10.005,1
sample,sm_count_blocks,8388608,10,release,53.280,10.006,1
sample,sm_count_blocks,8388608,11,create,178.975,10.004,1
sample,sm_count_blocks,8388608,11,map,0.736,10.004,1
sample,sm_count_blocks,8388608,11,access,74.015,10.006,1
sample,sm_count_blocks,8388608,11,unmap,138.095,10.005,1
sample,sm_count_blocks,8388608,11,release,58.431,10.006,1
sample,sm_count_blocks,8388608,12,create,179.406,10.006,1
sample,sm_count_blocks,8388608,12,map,0.816,10.011,1
sample,sm_count_blocks,8388608,12,access,73.183,10.006,1
sample,sm_count_blocks,8388608,12,unmap,137.502,10.006,1
sample,sm_count_blocks,8388608,12,release,56.448,10.006,1
sample,sm_count_blocks,8388608,13,create,178.526,10.004,1
sample,sm_count_blocks,8388608,13,map,0.752,10.004,1
sample,sm_count_blocks,8388608,13,access,72.736,10.005,1
sample,sm_count_blocks,8388608,13,unmap,139.087,10.006,1
sample,sm_count_blocks,8388608,13,release,57.215,10.006,1
sample,sm_count_blocks,8388608,14,create,180.879,10.006,1
sample,sm_count_blocks,8388608,14,map,0.816,10.006,1
sample,sm_count_blocks,8388608,14,access,71.615,10.006,1
sample,sm_count_blocks,8388608,14,unmap,141.583,10.006,1
sample,sm_count_blocks,8388608,14,release,55.008,10.006,1
sample,sm_count_blocks,8388608,15,create,181.038,10.004,1
sample,sm_count_blocks,8388608,15,map,0.736,10.004,1
sample,sm_count_blocks,8388608,15,access,67.632,10.005,1
sample,sm_count_blocks,8388608,15,unmap,140.655,10.005,1
sample,sm_count_blocks,8388608,15,release,55.599,10.006,1
sample,sm_count_blocks,8388608,16,create,179.407,10.006,1
sample,sm_count_blocks,8388608,16,map,0.672,10.007,1
sample,sm_count_blocks,8388608,16,access,72.847,10.006,1
sample,sm_count_blocks,8388608,16,unmap,138.959,10.007,1
sample,sm_count_blocks,8388608,16,release,57.040,10.006,1
sample,sm_count_blocks,8388608,17,create,178.494,10.004,1
sample,sm_count_blocks,8388608,17,map,0.784,10.004,1
sample,sm_count_blocks,8388608,17,access,71.760,10.005,1
sample,sm_count_blocks,8388608,17,unmap,137.951,10.005,1
sample,sm_count_blocks,8388608,17,release,55.759,10.005,1
sample,sm_count_blocks,8388608,18,create,179.631,10.006,1
sample,sm_count_blocks,8388608,18,map,0.720,10.005,1
sample,sm_count_blocks,8388608,18,access,71.023,10.006,1
sample,sm_count_blocks,8388608,18,unmap,139.023,10.007,1
sample,sm_count_blocks,8388608,18,release,54.912,10.007,1
sample,sm_count_blocks,8388608,19,create,178.830,10.004,1
sample,sm_count_blocks,8388608,19,map,0.720,10.004,1
sample,sm_count_blocks,8388608,19,access,70.768,10.005,1
sample,sm_count_blocks,8388608,19,unmap,140.463,10.005,1
sample,sm_count_blocks,8388608,19,release,57.647,10.006,1
sample,sm_count_blocks,8388608,20,create,179.183,10.006,1
sample,sm_count_blocks,8388608,20,map,0.736,10.004,1
sample,sm_count_blocks,8388608,20,access,73.439,10.005,1
sample,sm_count_blocks,8388608,20,unmap,136.703,10.007,1
sample,sm_count_blocks,8388608,20,release,57.263,10.006,1
sample,sm_count_blocks,8388608,21,create,180.286,10.004,1
sample,sm_count_blocks,8388608,21,map,0.720,10.004,1
sample,sm_count_blocks,8388608,21,access,71.008,10.004,1
sample,sm_count_blocks,8388608,21,unmap,141.055,10.006,1
sample,sm_count_blocks,8388608,21,release,55.264,10.006,1
sample,sm_count_blocks,8388608,22,create,179.695,10.004,1
sample,sm_count_blocks,8388608,22,map,0.800,10.005,1
sample,sm_count_blocks,8388608,22,access,72.415,10.006,1
sample,sm_count_blocks,8388608,22,unmap,142.271,10.005,1
sample,sm_count_blocks,8388608,22,release,56.623,10.006,1
sample,sm_count_blocks,8388608,23,create,179.822,10.004,1
sample,sm_count_blocks,8388608,23,map,0.720,10.004,1
sample,sm_count_blocks,8388608,23,access,72.016,10.005,1
sample,sm_count_blocks,8388608,23,unmap,138.351,10.005,1
sample,sm_count_blocks,8388608,23,release,55.072,10.006,1
sample,sm_count_blocks,8388608,24,create,179.007,10.006,1
sample,sm_count_blocks,8388608,24,map,0.768,10.005,1
sample,sm_count_blocks,8388608,24,access,73.247,10.006,1
sample,sm_count_blocks,8388608,24,unmap,139.135,10.005,1
sample,sm_count_blocks,8388608,24,release,54.831,10.006,1
sample,sm_count_blocks,8388608,25,create,179.118,10.004,1
sample,sm_count_blocks,8388608,25,map,0.768,10.004,1
sample,sm_count_blocks,8388608,25,access,73.056,10.005,1
sample,sm_count_blocks,8388608,25,unmap,138.927,10.006,1
sample,sm_count_blocks,8388608,25,release,56.000,10.007,1
sample,sm_count_blocks,8388608,26,create,181.391,10.004,1
sample,sm_count_blocks,8388608,26,map,0.864,10.004,1
sample,sm_count_blocks,8388608,26,access,72.831,10.006,1
sample,sm_count_blocks,8388608,26,unmap,139.759,10.005,1
sample,sm_count_blocks,8388608,26,release,55.343,10.006,1
sample,sm_count_blocks,8388608,27,create,181.854,10.004,1
sample,sm_count_blocks,8388608,27,map,0.768,10.004,1
sample,sm_count_blocks,8388608,27,access,72.736,10.006,1
sample,sm_count_blocks,8388608,27,unmap,137.711,10.007,1
sample,sm_count_blocks,8388608,27,release,56.048,10.006,1
sample,sm_count_blocks,8388608,28,create,178.895,10.004,1
sample,sm_count_blocks,8388608,28,map,0.832,10.004,1
sample,sm_count_blocks,8388608,28,access,73.839,10.005,1
sample,sm_count_blocks,8388608,28,unmap,137.903,10.005,1
sample,sm_count_blocks,8388608,28,release,55.311,10.007,1
sample,sm_count_blocks,8388608,29,create,179.390,10.004,1
sample,sm_count_blocks,8388608,29,map,0.752,10.004,1
sample,sm_count_blocks,8388608,29,access,71.183,10.004,1
sample,sm_count_blocks,8388608,29,unmap,138.670,10.005,1
sample,sm_count_blocks,8388608,29,release,55.552,10.006,1
sample,idle,33554432,0,create,804.873,0.000,0
sample,idle,33554432,0,map,4.080,0.000,0
sample,idle,33554432,0,access,246.974,0.000,0
sample,idle,33554432,0,unmap,316.910,0.000,0
sample,idle,33554432,0,release,142.687,0.000,0
sample,idle,33554432,1,create,793.673,0.000,0
sample,idle,33554432,1,map,4.448,0.000,0
sample,idle,33554432,1,access,253.646,0.000,0
sample,idle,33554432,1,unmap,321.405,0.000,0
sample,idle,33554432,1,release,141.343,0.000,0
sample,idle,33554432,2,create,798.201,0.000,0
sample,idle,33554432,2,map,3.712,0.000,0
sample,idle,33554432,2,access,247.534,0.000,0
sample,idle,33554432,2,unmap,318.317,0.000,0
sample,idle,33554432,2,release,129.647,0.000,0
sample,idle,33554432,3,create,802.073,0.000,0
sample,idle,33554432,3,map,4.320,0.000,0
sample,idle,33554432,3,access,244.286,0.000,0
sample,idle,33554432,3,unmap,322.573,0.000,0
sample,idle,33554432,3,release,134.063,0.000,0
sample,idle,33554432,4,create,797.033,0.000,0
sample,idle,33554432,4,map,3.968,0.000,0
sample,idle,33554432,4,access,258.446,0.000,0
sample,idle,33554432,4,unmap,317.949,0.000,0
sample,idle,33554432,4,release,136.063,0.000,0
sample,idle,33554432,5,create,806.569,0.000,0
sample,idle,33554432,5,map,4.032,0.000,0
sample,idle,33554432,5,access,246.318,0.000,0
sample,idle,33554432,5,unmap,321.581,0.000,0
sample,idle,33554432,5,release,132.447,0.000,0
sample,idle,33554432,6,create,807.721,0.000,0
sample,idle,33554432,6,map,4.560,0.000,0
sample,idle,33554432,6,access,247.390,0.000,0
sample,idle,33554432,6,unmap,319.725,0.000,0
sample,idle,33554432,6,release,141.871,0.000,0
sample,idle,33554432,7,create,795.257,0.000,0
sample,idle,33554432,7,map,3.904,0.000,0
sample,idle,33554432,7,access,253.518,0.000,0
sample,idle,33554432,7,unmap,322.173,0.000,0
sample,idle,33554432,7,release,133.919,0.000,0
sample,idle,33554432,8,create,796.537,0.000,0
sample,idle,33554432,8,map,3.664,0.000,0
sample,idle,33554432,8,access,248.926,0.000,0
sample,idle,33554432,8,unmap,322.141,0.000,0
sample,idle,33554432,8,release,137.407,0.000,0
sample,idle,33554432,9,create,805.113,0.000,0
sample,idle,33554432,9,map,3.968,0.000,0
sample,idle,33554432,9,access,245.902,0.000,0
sample,idle,33554432,9,unmap,323.869,0.000,0
sample,idle,33554432,9,release,136.927,0.000,0
sample,idle,33554432,10,create,798.170,0.000,0
sample,idle,33554432,10,map,4.015,0.000,0
sample,idle,33554432,10,access,251.598,0.000,0
sample,idle,33554432,10,unmap,318.526,0.000,0
sample,idle,33554432,10,release,137.198,0.000,0
sample,idle,33554432,11,create,812.746,0.000,0
sample,idle,33554432,11,map,3.808,0.000,0
sample,idle,33554432,11,access,244.270,0.000,0
sample,idle,33554432,11,unmap,323.054,0.000,0
sample,idle,33554432,11,release,136.622,0.000,0
sample,idle,33554432,12,create,799.338,0.000,0
sample,idle,33554432,12,map,3.888,0.000,0
sample,idle,33554432,12,access,250.350,0.000,0
sample,idle,33554432,12,unmap,327.438,0.000,0
sample,idle,33554432,12,release,138.910,0.000,0
sample,idle,33554432,13,create,797.930,0.000,0
sample,idle,33554432,13,map,3.872,0.000,0
sample,idle,33554432,13,access,234.894,0.000,0
sample,idle,33554432,13,unmap,316.446,0.000,0
sample,idle,33554432,13,release,135.615,0.000,0
sample,idle,33554432,14,create,804.425,0.000,0
sample,idle,33554432,14,map,3.872,0.000,0
sample,idle,33554432,14,access,226.638,0.000,0
sample,idle,33554432,14,unmap,296.557,0.000,0
sample,idle,33554432,14,release,129.455,0.000,0
sample,idle,33554432,15,create,803.738,0.000,0
sample,idle,33554432,15,map,4.096,0.000,0
sample,idle,33554432,15,access,232.654,0.000,0
sample,idle,33554432,15,unmap,299.758,0.000,0
sample,idle,33554432,15,release,131.807,0.000,0
sample,idle,33554432,16,create,798.553,0.000,0
sample,idle,33554432,16,map,3.968,0.000,0
sample,idle,33554432,16,access,305.805,0.000,0
sample,idle,33554432,16,unmap,438.940,0.000,0
sample,idle,33554432,16,release,205.135,0.000,0
sample,idle,33554432,17,create,818.985,0.000,0
sample,idle,33554432,17,map,3.936,0.000,0
sample,idle,33554432,17,access,250.766,0.000,0
sample,idle,33554432,17,unmap,438.716,0.000,0
sample,idle,33554432,17,release,223.758,0.000,0
sample,idle,33554432,18,create,806.633,0.000,0
sample,idle,33554432,18,map,4.304,0.000,0
sample,idle,33554432,18,access,255.310,0.000,0
sample,idle,33554432,18,unmap,322.285,0.000,0
sample,idle,33554432,18,release,142.447,0.000,0
sample,idle,33554432,19,create,811.545,0.000,0
sample,idle,33554432,19,map,4.016,0.000,0
sample,idle,33554432,19,access,243.614,0.000,0
sample,idle,33554432,19,unmap,322.125,0.000,0
sample,idle,33554432,19,release,141.119,0.000,0
sample,idle,33554432,20,create,801.673,0.000,0
sample,idle,33554432,20,map,4.288,0.000,0
sample,idle,33554432,20,access,249.742,0.000,0
sample,idle,33554432,20,unmap,316.269,0.000,0
sample,idle,33554432,20,release,137.455,0.000,0
sample,idle,33554432,21,create,814.457,0.000,0
sample,idle,33554432,21,map,4.416,0.000,0
sample,idle,33554432,21,access,250.350,0.000,0
sample,idle,33554432,21,unmap,325.325,0.000,0
sample,idle,33554432,21,release,135.311,0.000,0
sample,idle,33554432,22,create,804.969,0.000,0
sample,idle,33554432,22,map,4.208,0.000,0
sample,idle,33554432,22,access,252.046,0.000,0
sample,idle,33554432,22,unmap,318.317,0.000,0
sample,idle,33554432,22,release,137.935,0.000,0
sample,idle,33554432,23,create,808.473,0.000,0
sample,idle,33554432,23,map,4.592,0.000,0
sample,idle,33554432,23,access,250.014,0.000,0
sample,idle,33554432,23,unmap,319.885,0.000,0
sample,idle,33554432,23,release,134.063,0.000,0
sample,idle,33554432,24,create,803.129,0.000,0
sample,idle,33554432,24,map,5.232,0.000,0
sample,idle,33554432,24,access,245.758,0.000,0
sample,idle,33554432,24,unmap,317.741,0.000,0
sample,idle,33554432,24,release,139.151,0.000,0
sample,idle,33554432,25,create,814.313,0.000,0
sample,idle,33554432,25,map,4.400,0.000,0
sample,idle,33554432,25,access,250.350,0.000,0
sample,idle,33554432,25,unmap,328.749,0.000,0
sample,idle,33554432,25,release,129.327,0.000,0
sample,idle,33554432,26,create,797.657,0.000,0
sample,idle,33554432,26,map,4.384,0.000,0
sample,idle,33554432,26,access,251.806,0.000,0
sample,idle,33554432,26,unmap,318.237,0.000,0
sample,idle,33554432,26,release,134.975,0.000,0
sample,idle,33554432,27,create,812.873,0.000,0
sample,idle,33554432,27,map,4.608,0.000,0
sample,idle,33554432,27,access,245.870,0.000,0
sample,idle,33554432,27,unmap,321.149,0.000,0
sample,idle,33554432,27,release,132.303,0.000,0
sample,idle,33554432,28,create,794.377,0.000,0
sample,idle,33554432,28,map,4.576,0.000,0
sample,idle,33554432,28,access,261.950,0.000,0
sample,idle,33554432,28,unmap,317.309,0.000,0
sample,idle,33554432,28,release,133.887,0.000,0
sample,idle,33554432,29,create,805.529,0.000,0
sample,idle,33554432,29,map,4.400,0.000,0
sample,idle,33554432,29,access,249.182,0.000,0
sample,idle,33554432,29,unmap,324.445,0.000,0
sample,idle,33554432,29,release,128.479,0.000,0
sample,idle,33554432,30,create,811.865,0.000,0
sample,idle,33554432,30,map,5.232,0.000,0
sample,idle,33554432,30,access,251.710,0.000,0
sample,idle,33554432,30,unmap,317.709,0.000,0
sample,idle,33554432,30,release,129.647,0.000,0
sample,idle,33554432,31,create,803.274,0.000,0
sample,idle,33554432,31,map,4.736,0.000,0
sample,idle,33554432,31,access,260.302,0.000,0
sample,idle,33554432,31,unmap,321.773,0.000,0
sample,idle,33554432,31,release,140.495,0.000,0
sample,idle,33554432,32,create,804.361,0.000,0
sample,idle,33554432,32,map,5.104,0.000,0
sample,idle,33554432,32,access,250.222,0.000,0
sample,idle,33554432,32,unmap,319.325,0.000,0
sample,idle,33554432,32,release,133.327,0.000,0
sample,idle,33554432,33,create,812.057,0.000,0
sample,idle,33554432,33,map,3.680,0.000,0
sample,idle,33554432,33,access,251.710,0.000,0
sample,idle,33554432,33,unmap,331.261,0.000,0
sample,idle,33554432,33,release,133.887,0.000,0
sample,idle,33554432,34,create,798.185,0.000,0
sample,idle,33554432,34,map,4.352,0.000,0
sample,idle,33554432,34,access,263.022,0.000,0
sample,idle,33554432,34,unmap,318.701,0.000,0
sample,idle,33554432,34,release,132.383,0.000,0
sample,idle,33554432,35,create,806.441,0.000,0
sample,idle,33554432,35,map,4.656,0.000,0
sample,idle,33554432,35,access,251.790,0.000,0
sample,idle,33554432,35,unmap,322.749,0.000,0
sample,idle,33554432,35,release,137.711,0.000,0
sample,idle,33554432,36,create,812.297,0.000,0
sample,idle,33554432,36,map,4.640,0.000,0
sample,idle,33554432,36,access,252.510,0.000,0
sample,idle,33554432,36,unmap,316.317,0.000,0
sample,idle,33554432,36,release,134.207,0.000,0
sample,idle,33554432,37,create,802.857,0.000,0
sample,idle,33554432,37,map,3.984,0.000,0
sample,idle,33554432,37,access,249.982,0.000,0
sample,idle,33554432,37,unmap,323.565,0.000,0
sample,idle,33554432,37,release,137.407,0.000,0
sample,idle,33554432,38,create,802.009,0.000,0
sample,idle,33554432,38,map,4.608,0.000,0
sample,idle,33554432,38,access,231.678,0.000,0
sample,idle,33554432,38,unmap,298.526,0.000,0
sample,idle,33554432,38,release,131.263,0.000,0
sample,idle,33554432,39,create,812.473,0.000,0
sample,idle,33554432,39,map,4.512,0.000,0
sample,idle,33554432,39,access,229.166,0.000,0
sample,idle,33554432,39,unmap,303.629,0.000,0
sample,idle,33554432,39,release,134.687,0.000,0
sample,idle,33554432,40,create,801.049,0.000,0
sample,idle,33554432,40,map,4.464,0.000,0
sample,idle,33554432,40,access,307.758,0.000,0
sample,idle,33554432,40,unmap,522.828,0.000,0
sample,idle,33554432,40,release,189.918,0.000,0
sample,idle,33554432,41,create,808.586,0.000,0
sample,idle,33554432,41,map,4.496,0.000,0
sample,idle,33554432,41,access,262.157,0.000,0
sample,idle,33554432,41,unmap,529.644,0.000,0
sample,idle,33554432,41,release,134.591,0.000,0
sample,idle,33554432,42,create,801.209,0.000,0
sample,idle,33554432,42,map,4.256,0.000,0
sample,idle,33554432,42,access,251.022,0.000,0
sample,idle,33554432,42,unmap,327.933,0.000,0
sample,idle,33554432,42,release,129.279,0.000,0
sample,idle,33554432,43,create,810.602,0.000,0
sample,idle,33554432,43,map,4.352,0.000,0
sample,idle,33554432,43,access,249.517,0.000,0
sample,idle,33554432,43,unmap,321.214,0.000,0
sample,idle,33554432,43,release,138.894,0.000,0
sample,idle,33554432,44,create,810.282,0.000,0
sample,idle,33554432,44,map,4.544,0.000,0
sample,idle,33554432,44,access,251.357,0.000,0
sample,idle,33554432,44,unmap,317.694,0.000,0
sample,idle,33554432,44,release,131.214,0.000,0
sample,idle,33554432,45,create,809.546,0.000,0
sample,idle,33554432,45,map,4.816,0.000,0
sample,idle,33554432,45,access,251.485,0.000,0
sample,idle,33554432,45,unmap,321.438,0.000,0
sample,idle,33554432,45,release,134.254,0.000,0
sample,idle,33554432,46,create,812.426,0.000,0
sample,idle,33554432,46,map,4.880,0.000,0
sample,idle,33554432,46,access,249.261,0.000,0
sample,idle,33554432,46,unmap,324.910,0.000,0
sample,idle,33554432,46,release,134.878,0.000,0
sample,idle,33554432,47,create,811.274,0.000,0
sample,idle,33554432,47,map,4.736,0.000,0
sample,idle,33554432,47,access,247.309,0.000,0
sample,idle,33554432,47,unmap,320.414,0.000,0
sample,idle,33554432,47,release,132.062,0.000,0
sample,idle,33554432,48,create,801.370,0.000,0
sample,idle,33554432,48,map,4.464,0.000,0
sample,idle,33554432,48,access,244.974,0.000,0
sample,idle,33554432,48,unmap,317.774,0.000,0
sample,idle,33554432,48,release,130.559,0.000,0
sample,idle,33554432,49,create,813.881,0.000,0
sample,idle,33554432,49,map,4.720,0.000,0
sample,idle,33554432,49,access,251.806,0.000,0
sample,idle,33554432,49,unmap,329.822,0.000,0
sample,idle,33554432,49,release,136.463,0.000,0
sample,idle,33554432,50,create,810.409,0.000,0
sample,idle,33554432,50,map,4.592,0.000,0
sample,idle,33554432,50,access,253.086,0.000,0
sample,idle,33554432,50,unmap,320.366,0.000,0
sample,idle,33554432,50,release,134.527,0.000,0
sample,idle,33554432,51,create,809.001,0.000,0
sample,idle,33554432,51,map,4.368,0.000,0
sample,idle,33554432,51,access,249.038,0.000,0
sample,idle,33554432,51,unmap,321.102,0.000,0
sample,idle,33554432,51,release,130.031,0.000,0
sample,idle,33554432,52,create,808.857,0.000,0
sample,idle,33554432,52,map,4.400,0.000,0
sample,idle,33554432,52,access,251.694,0.000,0
sample,idle,33554432,52,unmap,320.382,0.000,0
sample,idle,33554432,52,release,135.407,0.000,0
sample,idle,33554432,53,create,807.273,0.000,0
sample,idle,33554432,53,map,12.208,0.000,0
sample,idle,33554432,53,access,252.814,0.000,0
sample,idle,33554432,53,unmap,325.502,0.000,0
sample,idle,33554432,53,release,139.854,0.000,0
sample,idle,33554432,54,create,798.906,0.000,0
sample,idle,33554432,54,map,4.320,0.000,0
sample,idle,33554432,54,access,250.638,0.000,0
sample,idle,33554432,54,unmap,317.742,0.000,0
sample,idle,33554432,54,release,130.911,0.000,0
sample,idle,33554432,55,create,813.481,0.000,0
sample,idle,33554432,55,map,3.904,0.000,0
sample,idle,33554432,55,access,248.510,0.000,0
sample,idle,33554432,55,unmap,319.678,0.000,0
sample,idle,33554432,55,release,133.327,0.000,0
sample,idle,33554432,56,create,803.017,0.000,0
sample,idle,33554432,56,map,4.304,0.000,0
sample,idle,33554432,56,access,260.030,0.000,0
sample,idle,33554432,56,unmap,319.854,0.000,0
sample,idle,33554432,56,release,132.751,0.000,0
sample,idle,33554432,57,create,804.409,0.000,0
sample,idle,33554432,57,map,4.128,0.000,0
sample,idle,33554432,57,access,249.038,0.000,0
sample,idle,33554432,57,unmap,320.237,0.000,0
sample,idle,33554432,57,release,132.735,0.000,0
sample,idle,33554432,58,create,809.897,0.000,0
sample,idle,33554432,58,map,5.040,0.000,0
sample,idle,33554432,58,access,252.158,0.000,0
sample,idle,33554432,58,unmap,322.685,0.000,0
sample,idle,33554432,58,release,134.015,0.000,0
sample,idle,33554432,59,create,804.217,0.000,0
sample,idle,33554432,59,map,3.744,0.000,0
sample,idle,33554432,59,access,260.046,0.000,0
sample,idle,33554432,59,unmap,324.973,0.000,0
sample,idle,33554432,59,release,137.999,0.000,0
sample,idle,33554432,60,create,805.385,0.000,0
sample,idle,33554432,60,map,4.544,0.000,0
sample,idle,33554432,60,access,240.078,0.000,0
sample,idle,33554432,60,unmap,303.134,0.000,0
sample,idle,33554432,60,release,129.007,0.000,0
sample,idle,33554432,61,create,812.665,0.000,0
sample,idle,33554432,61,map,4.624,0.000,0
sample,idle,33554432,61,access,249.070,0.000,0
sample,idle,33554432,61,unmap,322.653,0.000,0
sample,idle,33554432,61,release,131.711,0.000,0
sample,idle,33554432,62,create,803.145,0.000,0
sample,idle,33554432,62,map,4.592,0.000,0
sample,idle,33554432,62,access,236.126,0.000,0
sample,idle,33554432,62,unmap,293.229,0.000,0
sample,idle,33554432,62,release,131.967,0.000,0
sample,idle,33554432,63,create,809.897,0.000,0
sample,idle,33554432,63,map,4.864,0.000,0
sample,idle,33554432,63,access,237.662,0.000,0
sample,idle,33554432,63,unmap,323.726,0.000,0
sample,idle,33554432,63,release,129.982,0.000,0
sample,idle,33554432,64,create,805.610,0.000,0
sample,idle,33554432,64,map,4.864,0.000,0
sample,idle,33554432,64,access,517.531,0.000,0
sample,idle,33554432,64,unmap,324.605,0.000,0
sample,idle,33554432,64,release,133.935,0.000,0
sample,idle,33554432,65,create,810.953,0.000,0
sample,idle,33554432,65,map,5.024,0.000,0
sample,idle,33554432,65,access,275.118,0.000,0
sample,idle,33554432,65,unmap,351.661,0.000,0
sample,idle,33554432,65,release,172.462,0.000,0
sample,idle,33554432,66,create,792.282,0.000,0
sample,idle,33554432,66,map,4.144,0.000,0
sample,idle,33554432,66,access,268.173,0.000,0
sample,idle,33554432,66,unmap,317.854,0.000,0
sample,idle,33554432,66,release,138.430,0.000,0
sample,idle,33554432,67,create,808.138,0.000,0
sample,idle,33554432,67,map,4.704,0.000,0
sample,idle,33554432,67,access,249.309,0.000,0
sample,idle,33554432,67,unmap,325.214,0.000,0
sample,idle,33554432,67,release,135.870,0.000,0
sample,idle,33554432,68,create,809.386,0.000,0
sample,idle,33554432,68,map,4.560,0.000,0
sample,idle,33554432,68,access,251.181,0.000,0
sample,idle,33554432,68,unmap,317.982,0.000,0
sample,idle,33554432,68,release,138.446,0.000,0
sample,idle,33554432,69,create,803.338,0.000,0
sample,idle,33554432,69,map,4.400,0.000,0
sample,idle,33554432,69,access,261.357,0.000,0
sample,idle,33554432,69,unmap,321.710,0.000,0
sample,idle,33554432,69,release,136.431,0.000,0
sample,idle,33554432,70,create,801.626,0.000,0
sample,idle,33554432,70,map,4.320,0.000,0
sample,idle,33554432,70,access,252.941,0.000,0
sample,idle,33554432,70,unmap,317.710,0.000,0
sample,idle,33554432,70,release,134.478,0.000,0
sample,idle,33554432,71,create,813.194,0.000,0
sample,idle,33554432,71,map,4.640,0.000,0
sample,idle,33554432,71,access,248.989,0.000,0
sample,idle,33554432,71,unmap,318.494,0.000,0
sample,idle,33554432,71,release,136.831,0.000,0
sample,idle,33554432,72,create,795.546,0.000,0
sample,idle,33554432,72,map,4.464,0.000,0
sample,idle,33554432,72,access,263.901,0.000,0
sample,idle,33554432,72,unmap,317.358,0.000,0
sample,idle,33554432,72,release,131.374,0.000,0
sample,idle,33554432,73,create,808.746,0.000,0
sample,idle,33554432,73,map,4.640,0.000,0
sample,idle,33554432,73,access,249.486,0.000,0
sample,idle,33554432,73,unmap,321.422,0.000,0
sample,idle,33554432,73,release,128.927,0.000,0
sample,idle,33554432,74,create,817.689,0.000,0
sample,idle,33554432,74,map,4.544,0.000,0
sample,idle,33554432,74,access,252.302,0.000,0
sample,idle,33554432,74,unmap,318.286,0.000,0
sample,idle,33554432,74,release,137.343,0.000,0
sample,idle,33554432,75,create,808.905,0.000,0
sample,idle,33554432,75,map,3.840,0.000,0
sample,idle,33554432,75,access,255.806,0.000,0
sample,idle,33554432,75,unmap,320.414,0.000,0
sample,idle,33554432,75,release,133.407,0.000,0
sample,idle,33554432,76,create,811.593,0.000,0
sample,idle,33554432,76,map,4.416,0.000,0
sample,idle,33554432,76,access,254.126,0.000,0
sample,idle,33554432,76,unmap,320.686,0.000,0
sample,idle,33554432,76,release,134.111,0.000,0
sample,idle,33554432,77,create,815.321,0.000,0
sample,idle,33554432,77,map,4.480,0.000,0
sample,idle,33554432,77,access,252.733,0.000,0
sample,idle,33554432,77,unmap,323.998,0.000,0
sample,idle,33554432,77,release,142.734,0.000,0
sample,idle,33554432,78,create,800.026,0.000,0
sample,idle,33554432,78,map,4.704,0.000,0
sample,idle,33554432,78,access,268.558,0.000,0
sample,idle,33554432,78,unmap,320.077,0.000,0
sample,idle,33554432,78,release,132.607,0.000,0
sample,idle,33554432,79,create,808.969,0.000,0
sample,idle,33554432,79,map,4.624,0.000,0
sample,idle,33554432,79,access,251.758,0.000,0
sample,idle,33554432,79,unmap,324.765,0.000,0
sample,idle,33554432,79,release,131.535,0.000,0
sample,idle,33554432,80,create,812.617,0.000,0
sample,idle,33554432,80,map,4.320,0.000,0
sample,idle,33554432,80,access,252.206,0.000,0
sample,idle,33554432,80,unmap,317.213,0.000,0
sample,idle,33554432,80,release,138.847,0.000,0
sample,idle,33554432,81,create,806.313,0.000,0
sample,idle,33554432,81,map,4.256,0.000,0
sample,idle,33554432,81,access,258.190,0.000,0
sample,idle,33554432,81,unmap,325.149,0.000,0
sample,idle,33554432,81,release,134.751,0.000,0
sample,idle,33554432,82,create,804.521,0.000,0
sample,idle,33554432,82,map,4.736,0.000,0
sample,idle,33554432,82,access,251.454,0.000,0
sample,idle,33554432,82,unmap,323.053,0.000,0
sample,idle,33554432,82,release,133.311,0.000,0
sample,idle,33554432,83,create,818.345,0.000,0
sample,idle,33554432,83,map,4.640,0.000,0
sample,idle,33554432,83,access,249.854,0.000,0
sample,idle,33554432,83,unmap,323.149,0.000,0
sample,idle,33554432,83,release,140.367,0.000,0
sample,idle,33554432,84,create,795.273,0.000,0
sample,idle,33554432,84,map,4.640,0.000,0
sample,idle,33554432,84,access,259.518,0.000,0
sample,idle,33554432,84,unmap,319.181,0.000,0
sample,idle,33554432,84,release,127.983,0.000,0
sample,idle,33554432,85,create,804.249,0.000,0
sample,idle,33554432,85,map,4.736,0.000,0
sample,idle,33554432,85,access,250.702,0.000,0
sample,idle,33554432,85,unmap,326.893,0.000,0
sample,idle,33554432,85,release,134.879,0.000,0
sample,idle,33554432,86,create,812.537,0.000,0
sample,idle,33554432,86,map,4.272,0.000,0
sample,idle,33554432,86,access,251.582,0.000,0
sample,idle,33554432,86,unmap,322.413,0.000,0
sample,idle,33554432,86,release,134.095,0.000,0
sample,idle,33554432,87,create,804.281,0.000,0
sample,idle,33554432,87,map,4.112,0.000,0
sample,idle,33554432,87,access,256.302,0.000,0
sample,idle,33554432,87,unmap,323.645,0.000,0
sample,idle,33554432,87,release,130.415,0.000,0
sample,idle,33554432,88,create,808.553,0.000,0
sample,idle,33554432,88,map,4.352,0.000,0
sample,idle,33554432,88,access,251.086,0.000,0
sample,idle,33554432,88,unmap,320.813,0.000,0
sample,idle,33554432,88,release,139.087,0.000,0
sample,idle,33554432,89,create,817.209,0.000,0
sample,idle,33554432,89,map,4.656,0.000,0
sample,idle,33554432,89,access,252.558,0.000,0
sample,idle,33554432,89,unmap,323.501,0.000,0
sample,idle,33554432,89,release,138.111,0.000,0
sample,idle,33554432,90,create,801.753,0.000,0
sample,idle,33554432,90,map,4.128,0.000,0
sample,idle,33554432,90,access,267.790,0.000,0
sample,idle,33554432,90,unmap,319.565,0.000,0
sample,idle,33554432,90,release,132.175,0.000,0
sample,idle,33554432,91,create,812.137,0.000,0
sample,idle,33554432,91,map,4.704,0.000,0
sample,idle,33554432,91,access,250.478,0.000,0
sample,idle,33554432,91,unmap,328.253,0.000,0
sample,idle,33554432,91,release,138.783,0.000,0
sample,idle,33554432,92,create,814.697,0.000,0
sample,idle,33554432,92,map,4.272,0.000,0
sample,idle,33554432,92,access,251.150,0.000,0
sample,idle,33554432,92,unmap,319.453,0.000,0
sample,idle,33554432,92,release,139.407,0.000,0
sample,idle,33554432,93,create,805.401,0.000,0
sample,idle,33554432,93,map,4.592,0.000,0
sample,idle,33554432,93,access,258.894,0.000,0
sample,idle,33554432,93,unmap,325.373,0.000,0
sample,idle,33554432,93,release,131.903,0.000,0
sample,idle,33554432,94,create,801.561,0.000,0
sample,idle,33554432,94,map,5.024,0.000,0
sample,idle,33554432,94,access,253.598,0.000,0
sample,idle,33554432,94,unmap,320.477,0.000,0
sample,idle,33554432,94,release,139.359,0.000,0
sample,idle,33554432,95,create,815.337,0.000,0
sample,idle,33554432,95,map,4.880,0.000,0
sample,idle,33554432,95,access,247.374,0.000,0
sample,idle,33554432,95,unmap,325.997,0.000,0
sample,idle,33554432,95,release,146.767,0.000,0
sample,idle,33554432,96,create,795.545,0.000,0
sample,idle,33554432,96,map,4.544,0.000,0
sample,idle,33554432,96,access,260.782,0.000,0
sample,idle,33554432,96,unmap,317.805,0.000,0
sample,idle,33554432,96,release,131.039,0.000,0
sample,idle,33554432,97,create,806.713,0.000,0
sample,idle,33554432,97,map,4.672,0.000,0
sample,idle,33554432,97,access,253.998,0.000,0
sample,idle,33554432,97,unmap,324.333,0.000,0
sample,idle,33554432,97,release,134.111,0.000,0
sample,idle,33554432,98,create,805.705,0.000,0
sample,idle,33554432,98,map,4.624,0.000,0
sample,idle,33554432,98,access,251.422,0.000,0
sample,idle,33554432,98,unmap,315.133,0.000,0
sample,idle,33554432,98,release,136.927,0.000,0
sample,idle,33554432,99,create,805.625,0.000,0
sample,idle,33554432,99,map,4.352,0.000,0
sample,idle,33554432,99,access,255.214,0.000,0
sample,idle,33554432,99,unmap,322.477,0.000,0
sample,idle,33554432,99,release,129.423,0.000,0
sample,one_block,33554432,0,create,812.537,10.004,1
sample,one_block,33554432,0,map,4.256,10.014,1
sample,one_block,33554432,0,access,355.741,10.005,1
sample,one_block,33554432,0,unmap,337.405,10.005,1
sample,one_block,33554432,0,release,182.702,10.006,1
sample,one_block,33554432,1,create,799.753,10.006,1
sample,one_block,33554432,1,map,4.336,10.009,1
sample,one_block,33554432,1,access,254.414,10.005,1
sample,one_block,33554432,1,unmap,328.541,10.006,1
sample,one_block,33554432,1,release,179.119,10.006,1
sample,one_block,33554432,2,create,801.338,10.004,1
sample,one_block,33554432,2,map,3.952,10.010,1
sample,one_block,33554432,2,access,247.630,10.005,1
sample,one_block,33554432,2,unmap,330.334,10.005,1
sample,one_block,33554432,2,release,176.527,10.006,1
sample,one_block,33554432,3,create,814.329,10.004,1
sample,one_block,33554432,3,map,4.064,10.011,1
sample,one_block,33554432,3,access,247.262,10.005,1
sample,one_block,33554432,3,unmap,329.389,10.007,1
sample,one_block,33554432,3,release,182.366,10.006,1
sample,one_block,33554432,4,create,818.729,10.006,1
sample,one_block,33554432,4,map,4.160,10.010,1
sample,one_block,33554432,4,access,251.710,10.005,1
sample,one_block,33554432,4,unmap,333.085,10.006,1
sample,one_block,33554432,4,release,177.711,10.006,1
sample,one_block,33554432,5,create,811.257,10.004,1
sample,one_block,33554432,5,map,4.368,10.010,1
sample,one_block,33554432,5,access,248.590,10.006,1
sample,one_block,33554432,5,unmap,330.302,10.005,1
sample,one_block,33554432,5,release,178.351,10.006,1
sample,one_block,33554432,6,create,803.401,10.004,1
sample,one_block,33554432,6,map,3.967,10.010,1
sample,one_block,33554432,6,access,248.414,10.005,1
sample,one_block,33554432,6,unmap,331.021,10.005,1
sample,one_block,33554432,6,release,175.342,10.006,1
sample,one_block,33554432,7,create,795.738,10.004,1
sample,one_block,33554432,7,map,4.160,10.010,1
sample,one_block,33554432,7,access,244.910,10.005,1
sample,one_block,33554432,7,unmap,329.549,10.007,1
sample,one_block,33554432,7,release,180.111,10.006,1
sample,one_block,33554432,8,create,815.497,10.004,1
sample,one_block,33554432,8,map,4.096,10.010,1
sample,one_block,33554432,8,access,248.861,10.005,1
sample,one_block,33554432,8,unmap,334.509,10.006,1
sample,one_block,33554432,8,release,179.038,10.006,1
sample,one_block,33554432,9,create,813.225,10.004,1
sample,one_block,33554432,9,map,4.304,10.010,1
sample,one_block,33554432,9,access,246.446,10.005,1
sample,one_block,33554432,9,unmap,331.021,10.006,1
sample,one_block,33554432,9,release,183.998,10.006,1
sample,one_block,33554432,10,create,817.786,10.004,1
sample,one_block,33554432,10,map,4.032,10.009,1
sample,one_block,33554432,10,access,240.734,10.005,1
sample,one_block,33554432,10,unmap,334.957,10.006,1
sample,one_block,33554432,10,release,198.559,10.006,1
sample,one_block,33554432,11,create,809.657,10.004,1
sample,one_block,33554432,11,map,4.192,10.011,1
sample,one_block,33554432,11,access,247.645,10.006,1
sample,one_block,33554432,11,unmap,331.661,10.005,1
sample,one_block,33554432,11,release,181.998,10.006,1
sample,one_block,33554432,12,create,809.065,10.006,1
sample,one_block,33554432,12,map,3.872,10.011,1
sample,one_block,33554432,12,access,248.462,10.006,1
sample,one_block,33554432,12,unmap,333.485,10.006,1
sample,one_block,33554432,12,release,187.343,10.006,1
sample,one_block,33554432,13,create,820.201,10.004,1
sample,one_block,33554432,13,map,4.512,10.011,1
sample,one_block,33554432,13,access,247.406,10.006,1
sample,one_block,33554432,13,unmap,336.638,10.005,1
sample,one_block,33554432,13,release,176.927,10.006,1
sample,one_block,33554432,14,create,824.361,10.005,1
sample,one_block,33554432,14,map,3.904,10.010,1
sample,one_block,33554432,14,access,252.798,10.006,1
sample,one_block,33554432,14,unmap,333.037,10.005,1
sample,one_block,33554432,14,release,189.998,10.006,1
sample,one_block,33554432,15,create,806.185,10.004,1
sample,one_block,33554432,15,map,4.064,10.011,1
sample,one_block,33554432,15,access,246.158,10.006,1
sample,one_block,33554432,15,unmap,329.693,10.005,1
sample,one_block,33554432,15,release,182.478,10.006,1
sample,one_block,33554432,16,create,807.370,10.004,1
sample,one_block,33554432,16,map,4.064,10.010,1
sample,one_block,33554432,16,access,246.478,10.005,1
sample,one_block,33554432,16,unmap,339.085,10.005,1
sample,one_block,33554432,16,release,184.623,10.006,1
sample,one_block,33554432,17,create,800.953,10.004,1
sample,one_block,33554432,17,map,4.128,10.011,1
sample,one_block,33554432,17,access,245.934,10.006,1
sample,one_block,33554432,17,unmap,330.638,10.005,1
sample,one_block,33554432,17,release,181.903,10.006,1
sample,one_block,33554432,18,create,817.417,10.004,1
sample,one_block,33554432,18,map,4.048,10.011,1
sample,one_block,33554432,18,access,249.598,10.005,1
sample,one_block,33554432,18,unmap,338.093,10.007,1
sample,one_block,33554432,18,release,182.830,10.006,1
sample,one_block,33554432,19,create,816.489,10.004,1
sample,one_block,33554432,19,map,3.952,10.009,1
sample,one_block,33554432,19,access,249.070,10.005,1
sample,one_block,33554432,19,unmap,329.101,10.007,1
sample,one_block,33554432,19,release,184.814,10.006,1
sample,one_block,33554432,20,create,818.282,10.004,1
sample,one_block,33554432,20,map,4.224,10.010,1
sample,one_block,33554432,20,access,251.038,10.005,1
sample,one_block,33554432,20,unmap,332.061,10.005,1
sample,one_block,33554432,20,release,176.463,10.006,1
sample,one_block,33554432,21,create,803.385,10.004,1
sample,one_block,33554432,21,map,3.728,10.010,1
sample,one_block,33554432,21,access,246.862,10.005,1
sample,one_block,33554432,21,unmap,331.534,10.006,1
sample,one_block,33554432,21,release,183.951,10.006,1
sample,one_block,33554432,22,create,814.841,10.006,1
sample,one_block,33554432,22,map,3.952,10.010,1
sample,one_block,33554432,22,access,253.854,10.006,1
sample,one_block,33554432,22,unmap,336.541,10.005,1
sample,one_block,33554432,22,release,185.134,10.006,1
sample,one_block,33554432,23,create,803.689,10.004,1
sample,one_block,33554432,23,map,4.128,10.011,1
sample,one_block,33554432,23,access,250.638,10.006,1
sample,one_block,33554432,23,unmap,327.789,10.006,1
sample,one_block,33554432,23,release,179.502,10.006,1
sample,one_block,33554432,24,create,818.938,10.004,1
sample,one_block,33554432,24,map,3.728,10.010,1
sample,one_block,33554432,24,access,247.422,10.005,1
sample,one_block,33554432,24,unmap,335.933,10.006,1
sample,one_block,33554432,24,release,183.887,10.006,1
sample,one_block,33554432,25,create,852.137,10.004,1
sample,one_block,33554432,25,map,3.840,10.009,1
sample,one_block,33554432,25,access,246.478,10.005,1
sample,one_block,33554432,25,unmap,335.981,10.006,1
sample,one_block,33554432,25,release,185.598,10.006,1
sample,one_block,33554432,26,create,927.864,10.004,1
sample,one_block,33554432,26,map,3.664,10.009,1
sample,one_block,33554432,26,access,249.502,10.006,1
sample,one_block,33554432,26,unmap,334.269,10.005,1
sample,one_block,33554432,26,release,194.622,10.006,1
sample,one_block,33554432,27,create,836.457,10.004,1
sample,one_block,33554432,27,map,3.024,10.010,1
sample,one_block,33554432,27,access,252.494,10.005,1
sample,one_block,33554432,27,unmap,329.469,10.005,1
sample,one_block,33554432,27,release,184.206,10.006,1
sample,one_block,33554432,28,create,816.969,10.004,1
sample,one_block,33554432,28,map,3.712,10.010,1
sample,one_block,33554432,28,access,249.486,10.006,1
sample,one_block,33554432,28,unmap,336.494,10.006,1
sample,one_block,33554432,28,release,185.327,10.006,1
sample,one_block,33554432,29,create,824.361,10.004,1
sample,one_block,33554432,29,map,3.872,10.010,1
sample,one_block,33554432,29,access,251.453,10.006,1
sample,one_block,33554432,29,unmap,339.149,10.006,1
sample,one_block,33554432,29,release,177.007,10.006,1
sample,sm_count_blocks,33554432,0,create,810.361,10.004,1
sample,sm_count_blocks,33554432,0,map,3.984,10.010,1
sample,sm_count_blocks,33554432,0,access,249.822,10.005,1
sample,sm_count_blocks,33554432,0,unmap,334.669,10.005,1
sample,sm_count_blocks,33554432,0,release,181.822,10.006,1
sample,sm_count_blocks,33554432,1,create,816.553,10.004,1
sample,sm_count_blocks,33554432,1,map,3.968,10.010,1
sample,sm_count_blocks,33554432,1,access,246.382,10.005,1
sample,sm_count_blocks,33554432,1,unmap,336.957,10.005,1
sample,sm_count_blocks,33554432,1,release,186.334,10.006,1
sample,sm_count_blocks,33554432,2,create,814.010,10.004,1
sample,sm_count_blocks,33554432,2,map,4.064,10.010,1
sample,sm_count_blocks,33554432,2,access,253.198,10.006,1
sample,sm_count_blocks,33554432,2,unmap,333.277,10.005,1
sample,sm_count_blocks,33554432,2,release,180.702,10.006,1
sample,sm_count_blocks,33554432,3,create,802.170,10.004,1
sample,sm_count_blocks,33554432,3,map,4.512,10.011,1
sample,sm_count_blocks,33554432,3,access,253.966,10.005,1
sample,sm_count_blocks,33554432,3,unmap,334.877,10.005,1
sample,sm_count_blocks,33554432,3,release,176.639,10.006,1
sample,sm_count_blocks,33554432,4,create,819.401,10.004,1
sample,sm_count_blocks,33554432,4,map,4.144,10.010,1
sample,sm_count_blocks,33554432,4,access,249.358,10.005,1
sample,sm_count_blocks,33554432,4,unmap,333.710,10.007,1
sample,sm_count_blocks,33554432,4,release,178.943,10.006,1
sample,sm_count_blocks,33554432,5,create,819.193,10.006,1
sample,sm_count_blocks,33554432,5,map,3.968,10.010,1
sample,sm_count_blocks,33554432,5,access,249.069,10.006,1
sample,sm_count_blocks,33554432,5,unmap,332.317,10.005,1
sample,sm_count_blocks,33554432,5,release,181.791,10.006,1
sample,sm_count_blocks,33554432,6,create,813.209,10.004,1
sample,sm_count_blocks,33554432,6,map,4.528,10.010,1
sample,sm_count_blocks,33554432,6,access,250.190,10.005,1
sample,sm_count_blocks,33554432,6,unmap,330.237,10.007,1
sample,sm_count_blocks,33554432,6,release,185.006,10.006,1
sample,sm_count_blocks,33554432,7,create,806.377,10.004,1
sample,sm_count_blocks,33554432,7,map,4.080,10.010,1
sample,sm_count_blocks,33554432,7,access,250.222,10.006,1
sample,sm_count_blocks,33554432,7,unmap,332.301,10.007,1
sample,sm_count_blocks,33554432,7,release,183.806,10.006,1
sample,sm_count_blocks,33554432,8,create,805.945,10.004,1
sample,sm_count_blocks,33554432,8,map,4.064,10.011,1
sample,sm_count_blocks,33554432,8,access,249.470,10.005,1
sample,sm_count_blocks,33554432,8,unmap,331.645,10.005,1
sample,sm_count_blocks,33554432,8,release,178.254,10.006,1
sample,sm_count_blocks,33554432,9,create,819.370,10.006,1
sample,sm_count_blocks,33554432,9,map,3.888,10.010,1
sample,sm_count_blocks,33554432,9,access,250.830,10.005,1
sample,sm_count_blocks,33554432,9,unmap,332.317,10.005,1
sample,sm_count_blocks,33554432,9,release,187.823,10.006,1
sample,sm_count_blocks,33554432,10,create,817.321,10.006,1
sample,sm_count_blocks,33554432,10,map,4.064,10.010,1
sample,sm_count_blocks,33554432,10,access,249.726,10.005,1
sample,sm_count_blocks,33554432,10,unmap,333.902,10.007,1
sample,sm_count_blocks,33554432,10,release,175.983,10.006,1
sample,sm_count_blocks,33554432,11,create,811.961,10.004,1
sample,sm_count_blocks,33554432,11,map,3.952,10.011,1
sample,sm_count_blocks,33554432,11,access,248.702,10.006,1
sample,sm_count_blocks,33554432,11,unmap,341.485,10.005,1
sample,sm_count_blocks,33554432,11,release,178.671,10.006,1
sample,sm_count_blocks,33554432,12,create,805.001,10.004,1
sample,sm_count_blocks,33554432,12,map,4.064,10.011,1
sample,sm_count_blocks,33554432,12,access,252.654,10.005,1
sample,sm_count_blocks,33554432,12,unmap,332.397,10.006,1
sample,sm_count_blocks,33554432,12,release,174.222,10.006,1
sample,sm_count_blocks,33554432,13,create,807.513,10.005,1
sample,sm_count_blocks,33554432,13,map,3.936,10.010,1
sample,sm_count_blocks,33554432,13,access,251.262,10.005,1
sample,sm_count_blocks,33554432,13,unmap,333.373,10.006,1
sample,sm_count_blocks,33554432,13,release,178.222,10.006,1
sample,sm_count_blocks,33554432,14,create,812.313,10.005,1
sample,sm_count_blocks,33554432,14,map,4.272,10.011,1
sample,sm_count_blocks,33554432,14,access,248.542,10.006,1
sample,sm_count_blocks,33554432,14,unmap,328.941,10.005,1
sample,sm_count_blocks,33554432,14,release,169.791,10.006,1
sample,sm_count_blocks,33554432,15,create,818.537,10.006,1
sample,sm_count_blocks,33554432,15,map,3.984,10.010,1
sample,sm_count_blocks,33554432,15,access,246.846,10.005,1
sample,sm_count_blocks,33554432,15,unmap,330.030,10.005,1
sample,sm_count_blocks,33554432,15,release,174.991,10.006,1
sample,sm_count_blocks,33554432,16,create,807.641,10.004,1
sample,sm_count_blocks,33554432,16,map,4.304,10.009,1
sample,sm_count_blocks,33554432,16,access,249.773,10.005,1
sample,sm_count_blocks,33554432,16,unmap,337.533,10.005,1
sample,sm_count_blocks,33554432,16,release,174.895,10.006,1
sample,sm_count_blocks,33554432,17,create,810.857,10.004,1
sample,sm_count_blocks,33554432,17,map,4.400,10.010,1
sample,sm_count_blocks,33554432,17,access,251.342,10.006,1
sample,sm_count_blocks,33554432,17,unmap,335.613,10.007,1
sample,sm_count_blocks,33554432,17,release,180.606,10.006,1
sample,sm_count_blocks,33554432,18,create,800.473,10.006,1
sample,sm_count_blocks,33554432,18,map,4.208,10.009,1
sample,sm_count_blocks,33554432,18,access,253.278,10.006,1
sample,sm_count_blocks,33554432,18,unmap,334.877,10.005,1
sample,sm_count_blocks,33554432,18,release,176.206,10.006,1
sample,sm_count_blocks,33554432,19,create,827.065,10.004,1
sample,sm_count_blocks,33554432,19,map,4.208,10.010,1
sample,sm_count_blocks,33554432,19,access,248.174,10.006,1
sample,sm_count_blocks,33554432,19,unmap,332.397,10.005,1
sample,sm_count_blocks,33554432,19,release,177.934,10.006,1
sample,sm_count_blocks,33554432,20,create,818.985,10.004,1
sample,sm_count_blocks,33554432,20,map,4.576,10.011,1
sample,sm_count_blocks,33554432,20,access,245.822,10.005,1
sample,sm_count_blocks,33554432,20,unmap,335.501,10.006,1
sample,sm_count_blocks,33554432,20,release,184.126,10.006,1
sample,sm_count_blocks,33554432,21,create,815.097,10.004,1
sample,sm_count_blocks,33554432,21,map,4.384,10.010,1
sample,sm_count_blocks,33554432,21,access,249.534,10.006,1
sample,sm_count_blocks,33554432,21,unmap,331.389,10.005,1
sample,sm_count_blocks,33554432,21,release,176.574,10.006,1
sample,sm_count_blocks,33554432,22,create,797.449,10.004,1
sample,sm_count_blocks,33554432,22,map,4.016,10.011,1
sample,sm_count_blocks,33554432,22,access,251.694,10.005,1
sample,sm_count_blocks,33554432,22,unmap,332.445,10.007,1
sample,sm_count_blocks,33554432,22,release,179.758,10.006,1
sample,sm_count_blocks,33554432,23,create,804.377,10.004,1
sample,sm_count_blocks,33554432,23,map,3.920,10.011,1
sample,sm_count_blocks,33554432,23,access,247.678,10.005,1
sample,sm_count_blocks,33554432,23,unmap,329.901,10.005,1
sample,sm_count_blocks,33554432,23,release,175.662,10.008,1
sample,sm_count_blocks,33554432,24,create,794.841,10.004,1
sample,sm_count_blocks,33554432,24,map,4.352,10.010,1
sample,sm_count_blocks,33554432,24,access,249.870,10.005,1
sample,sm_count_blocks,33554432,24,unmap,336.797,10.005,1
sample,sm_count_blocks,33554432,24,release,179.470,10.006,1
sample,sm_count_blocks,33554432,25,create,820.938,10.006,1
sample,sm_count_blocks,33554432,25,map,4.160,10.009,1
sample,sm_count_blocks,33554432,25,access,251.854,10.005,1
sample,sm_count_blocks,33554432,25,unmap,341.805,10.005,1
sample,sm_count_blocks,33554432,25,release,181.790,10.006,1
sample,sm_count_blocks,33554432,26,create,817.610,10.004,1
sample,sm_count_blocks,33554432,26,map,4.032,10.011,1
sample,sm_count_blocks,33554432,26,access,246.462,10.006,1
sample,sm_count_blocks,33554432,26,unmap,333.869,10.005,1
sample,sm_count_blocks,33554432,26,release,180.895,10.006,1
sample,sm_count_blocks,33554432,27,create,807.001,10.004,1
sample,sm_count_blocks,33554432,27,map,4.064,10.011,1
sample,sm_count_blocks,33554432,27,access,250.350,10.005,1
sample,sm_count_blocks,33554432,27,unmap,332.813,10.007,1
sample,sm_count_blocks,33554432,27,release,180.143,10.006,1
sample,sm_count_blocks,33554432,28,create,802.154,10.005,1
sample,sm_count_blocks,33554432,28,map,4.064,10.010,1
sample,sm_count_blocks,33554432,28,access,250.270,10.006,1
sample,sm_count_blocks,33554432,28,unmap,335.021,10.005,1
sample,sm_count_blocks,33554432,28,release,183.759,10.006,1
sample,sm_count_blocks,33554432,29,create,806.937,10.004,1
sample,sm_count_blocks,33554432,29,map,4.112,10.010,1
sample,sm_count_blocks,33554432,29,access,252.334,10.006,1
sample,sm_count_blocks,33554432,29,unmap,334.269,10.005,1
sample,sm_count_blocks,33554432,29,release,188.191,10.006,1
sample,idle,134217728,0,create,3424.771,0.000,0
sample,idle,134217728,0,map,5.488,0.000,0
sample,idle,134217728,0,access,809.513,0.000,0
sample,idle,134217728,0,unmap,987.512,0.000,0
sample,idle,134217728,0,release,432.348,0.000,0
sample,idle,134217728,1,create,3438.915,0.000,0
sample,idle,134217728,1,map,5.408,0.000,0
sample,idle,134217728,1,access,769.034,0.000,0
sample,idle,134217728,1,unmap,882.665,0.000,0
sample,idle,134217728,1,release,432.876,0.000,0
sample,idle,134217728,2,create,3448.579,0.000,0
sample,idle,134217728,2,map,5.264,0.000,0
sample,idle,134217728,2,access,825.113,0.000,0
sample,idle,134217728,2,unmap,1329.812,0.000,0
sample,idle,134217728,2,release,437.565,0.000,0
sample,idle,134217728,3,create,3416.483,0.000,0
sample,idle,134217728,3,map,5.328,0.000,0
sample,idle,134217728,3,access,799.945,0.000,0
sample,idle,134217728,3,unmap,985.735,0.000,0
sample,idle,134217728,3,release,458.157,0.000,0
sample,idle,134217728,4,create,3447.523,0.000,0
sample,idle,134217728,4,map,5.280,0.000,0
sample,idle,134217728,4,access,810.377,0.000,0
sample,idle,134217728,4,unmap,993.160,0.000,0
sample,idle,134217728,4,release,435.868,0.000,0
sample,idle,134217728,5,create,3419.492,0.000,0
sample,idle,134217728,5,map,5.664,0.000,0
sample,idle,134217728,5,access,799.225,0.000,0
sample,idle,134217728,5,unmap,985.480,0.000,0
sample,idle,134217728,5,release,438.332,0.000,0
sample,idle,134217728,6,create,3420.468,0.000,0
sample,idle,134217728,6,map,5.264,0.000,0
sample,idle,134217728,6,access,804.729,0.000,0
sample,idle,134217728,6,unmap,1004.440,0.000,0
sample,idle,134217728,6,release,458.396,0.000,0
sample,idle,134217728,7,create,3426.339,0.000,0
sample,idle,134217728,7,map,5.424,0.000,0
sample,idle,134217728,7,access,780.746,0.000,0
sample,idle,134217728,7,unmap,984.120,0.000,0
sample,idle,134217728,7,release,442.348,0.000,0
sample,idle,134217728,8,create,3436.787,0.000,0
sample,idle,134217728,8,map,5.232,0.000,0
sample,idle,134217728,8,access,808.889,0.000,0
sample,idle,134217728,8,unmap,978.536,0.000,0
sample,idle,134217728,8,release,465.788,0.000,0
sample,idle,134217728,9,create,3431.219,0.000,0
sample,idle,134217728,9,map,5.168,0.000,0
sample,idle,134217728,9,access,804.681,0.000,0
sample,idle,134217728,9,unmap,995.303,0.000,0
sample,idle,134217728,9,release,458.493,0.000,0
sample,idle,134217728,10,create,3416.659,0.000,0
sample,idle,134217728,10,map,5.440,0.000,0
sample,idle,134217728,10,access,809.353,0.000,0
sample,idle,134217728,10,unmap,967.751,0.000,0
sample,idle,134217728,10,release,472.028,0.000,0
sample,idle,134217728,11,create,3433.556,0.000,0
sample,idle,134217728,11,map,5.344,0.000,0
sample,idle,134217728,11,access,798.954,0.000,0
sample,idle,134217728,11,unmap,1004.968,0.000,0
sample,idle,134217728,11,release,455.708,0.000,0
sample,idle,134217728,12,create,3421.699,0.000,0
sample,idle,134217728,12,map,5.632,0.000,0
sample,idle,134217728,12,access,807.961,0.000,0
sample,idle,134217728,12,unmap,981.800,0.000,0
sample,idle,134217728,12,release,472.348,0.000,0
sample,idle,134217728,13,create,3435.187,0.000,0
sample,idle,134217728,13,map,5.504,0.000,0
sample,idle,134217728,13,access,797.897,0.000,0
sample,idle,134217728,13,unmap,991.960,0.000,0
sample,idle,134217728,13,release,462.988,0.000,0
sample,idle,134217728,14,create,3401.860,0.000,0
sample,idle,134217728,14,map,5.616,0.000,0
sample,idle,134217728,14,access,731.433,0.000,0
sample,idle,134217728,14,unmap,978.664,0.000,0
sample,idle,134217728,14,release,582.091,0.000,0
sample,idle,134217728,15,create,3432.371,0.000,0
sample,idle,134217728,15,map,5.456,0.000,0
sample,idle,134217728,15,access,811.721,0.000,0
sample,idle,134217728,15,unmap,982.151,0.000,0
sample,idle,134217728,15,release,470.476,0.000,0
sample,idle,134217728,16,create,3426.292,0.000,0
sample,idle,134217728,16,map,5.120,0.000,0
sample,idle,134217728,16,access,811.865,0.000,0
sample,idle,134217728,16,unmap,981.576,0.000,0
sample,idle,134217728,16,release,467.196,0.000,0
sample,idle,134217728,17,create,3419.267,0.000,0
sample,idle,134217728,17,map,5.392,0.000,0
sample,idle,134217728,17,access,800.330,0.000,0
sample,idle,134217728,17,unmap,987.016,0.000,0
sample,idle,134217728,17,release,453.980,0.000,0
sample,idle,134217728,18,create,3418.131,0.000,0
sample,idle,134217728,18,map,5.536,0.000,0
sample,idle,134217728,18,access,812.089,0.000,0
sample,idle,134217728,18,unmap,986.280,0.000,0
sample,idle,134217728,18,release,469.356,0.000,0
sample,idle,134217728,19,create,3405.587,0.000,0
sample,idle,134217728,19,map,5.328,0.000,0
sample,idle,134217728,19,access,806.281,0.000,0
sample,idle,134217728,19,unmap,993.367,0.000,0
sample,idle,134217728,19,release,473.228,0.000,0
sample,idle,134217728,20,create,3423.652,0.000,0
sample,idle,134217728,20,map,5.712,0.000,0
sample,idle,134217728,20,access,800.825,0.000,0
sample,idle,134217728,20,unmap,897.753,0.000,0
sample,idle,134217728,20,release,449.212,0.000,0
sample,idle,134217728,21,create,3404.915,0.000,0
sample,idle,134217728,21,map,5.408,0.000,0
sample,idle,134217728,21,access,1058.695,0.000,0
sample,idle,134217728,21,unmap,1040.056,0.000,0
sample,idle,134217728,21,release,468.412,0.000,0
sample,idle,134217728,22,create,3432.243,0.000,0
sample,idle,134217728,22,map,5.440,0.000,0
sample,idle,134217728,22,access,807.561,0.000,0
sample,idle,134217728,22,unmap,982.567,0.000,0
sample,idle,134217728,22,release,445.517,0.000,0
sample,idle,134217728,23,create,3473.666,0.000,0
sample,idle,134217728,23,map,5.328,0.000,0
sample,idle,134217728,23,access,766.218,0.000,0
sample,idle,134217728,23,unmap,927.577,0.000,0
sample,idle,134217728,23,release,446.524,0.000,0
sample,idle,134217728,24,create,3426.083,0.000,0
sample,idle,134217728,24,map,5.376,0.000,0
sample,idle,134217728,24,access,927.016,0.000,0
sample,idle,134217728,24,unmap,1270.997,0.000,0
sample,idle,134217728,24,release,510.332,0.000,0
sample,idle,134217728,25,create,3402.403,0.000,0
sample,idle,134217728,25,map,5.488,0.000,0
sample,idle,134217728,25,access,803.977,0.000,0
sample,idle,134217728,25,unmap,987.768,0.000,0
sample,idle,134217728,25,release,462.364,0.000,0
sample,idle,134217728,26,create,3417.171,0.000,0
sample,idle,134217728,26,map,5.616,0.000,0
sample,idle,134217728,26,access,804.857,0.000,0
sample,idle,134217728,26,unmap,984.023,0.000,0
sample,idle,134217728,26,release,469.548,0.000,0
sample,idle,134217728,27,create,3429.924,0.000,0
sample,idle,134217728,27,map,5.216,0.000,0
sample,idle,134217728,27,access,801.625,0.000,0
sample,idle,134217728,27,unmap,985.592,0.000,0
sample,idle,134217728,27,release,458.188,0.000,0
sample,idle,134217728,28,create,3417.188,0.000,0
sample,idle,134217728,28,map,5.280,0.000,0
sample,idle,134217728,28,access,806.217,0.000,0
sample,idle,134217728,28,unmap,991.784,0.000,0
sample,idle,134217728,28,release,444.988,0.000,0
sample,idle,134217728,29,create,3394.916,0.000,0
sample,idle,134217728,29,map,5.376,0.000,0
sample,idle,134217728,29,access,789.769,0.000,0
sample,idle,134217728,29,unmap,985.175,0.000,0
sample,idle,134217728,29,release,458.316,0.000,0
sample,idle,134217728,30,create,3403.620,0.000,0
sample,idle,134217728,30,map,5.344,0.000,0
sample,idle,134217728,30,access,812.553,0.000,0
sample,idle,134217728,30,unmap,980.184,0.000,0
sample,idle,134217728,30,release,459.484,0.000,0
sample,idle,134217728,31,create,3419.587,0.000,0
sample,idle,134217728,31,map,5.056,0.000,0
sample,idle,134217728,31,access,803.562,0.000,0
sample,idle,134217728,31,unmap,991.256,0.000,0
sample,idle,134217728,31,release,456.124,0.000,0
sample,idle,134217728,32,create,3424.307,0.000,0
sample,idle,134217728,32,map,4.912,0.000,0
sample,idle,134217728,32,access,812.665,0.000,0
sample,idle,134217728,32,unmap,969.224,0.000,0
sample,idle,134217728,32,release,452.780,0.000,0
sample,idle,134217728,33,create,3418.067,0.000,0
sample,idle,134217728,33,map,5.280,0.000,0
sample,idle,134217728,33,access,805.913,0.000,0
sample,idle,134217728,33,unmap,987.320,0.000,0
sample,idle,134217728,33,release,438.668,0.000,0
sample,idle,134217728,34,create,3435.187,0.000,0
sample,idle,134217728,34,map,5.360,0.000,0
sample,idle,134217728,34,access,804.553,0.000,0
sample,idle,134217728,34,unmap,976.760,0.000,0
sample,idle,134217728,34,release,461.388,0.000,0
sample,idle,134217728,35,create,3414.467,0.000,0
sample,idle,134217728,35,map,5.200,0.000,0
sample,idle,134217728,35,access,1300.581,0.000,0
sample,idle,134217728,35,unmap,1041.943,0.000,0
sample,idle,134217728,35,release,435.772,0.000,0
sample,idle,134217728,36,create,3435.907,0.000,0
sample,idle,134217728,36,map,5.440,0.000,0
sample,idle,134217728,36,access,803.033,0.000,0
sample,idle,134217728,36,unmap,978.648,0.000,0
sample,idle,134217728,36,release,447.644,0.000,0
sample,idle,134217728,37,create,3413.411,0.000,0
sample,idle,134217728,37,map,5.456,0.000,0
sample,idle,134217728,37,access,795.082,0.000,0
sample,idle,134217728,37,unmap,985.448,0.000,0
sample,idle,134217728,37,release,447.692,0.000,0
sample,idle,134217728,38,create,3410.899,0.000,0
sample,idle,134217728,38,map,5.280,0.000,0
sample,idle,134217728,38,access,805.738,0.000,0
sample,idle,134217728,38,unmap,977.112,0.000,0
sample,idle,134217728,38,release,458.332,0.000,0
sample,idle,134217728,39,create,3388.676,0.000,0
sample,idle,134217728,39,map,5.008,0.000,0
sample,idle,134217728,39,access,803.321,0.000,0
sample,idle,134217728,39,unmap,983.896,0.000,0
sample,idle,134217728,39,release,456.908,0.000,0
sample,idle,134217728,40,create,3418.179,0.000,0
sample,idle,134217728,40,map,5.216,0.000,0
sample,idle,134217728,40,access,805.114,0.000,0
sample,idle,134217728,40,unmap,983.176,0.000,0
sample,idle,134217728,40,release,440.924,0.000,0
sample,idle,134217728,41,create,3411.748,0.000,0
sample,idle,134217728,41,map,5.424,0.000,0
sample,idle,134217728,41,access,802.122,0.000,0
sample,idle,134217728,41,unmap,983.176,0.000,0
sample,idle,134217728,41,release,452.940,0.000,0
sample,idle,134217728,42,create,3422.547,0.000,0
sample,idle,134217728,42,map,5.392,0.000,0
sample,idle,134217728,42,access,804.650,0.000,0
sample,idle,134217728,42,unmap,979.048,0.000,0
sample,idle,134217728,42,release,459.516,0.000,0
sample,idle,134217728,43,create,3433.779,0.000,0
sample,idle,134217728,43,map,5.888,0.000,0
sample,idle,134217728,43,access,802.409,0.000,0
sample,idle,134217728,43,unmap,984.344,0.000,0
sample,idle,134217728,43,release,457.852,0.000,0
sample,idle,134217728,44,create,3407.427,0.000,0
sample,idle,134217728,44,map,5.104,0.000,0
sample,idle,134217728,44,access,808.953,0.000,0
sample,idle,134217728,44,unmap,986.520,0.000,0
sample,idle,134217728,44,release,457.404,0.000,0
sample,idle,134217728,45,create,3429.875,0.000,0
sample,idle,134217728,45,map,5.296,0.000,0
sample,idle,134217728,45,access,799.289,0.000,0
sample,idle,134217728,45,unmap,985.655,0.000,0
sample,idle,134217728,45,release,468.972,0.000,0
sample,idle,134217728,46,create,3421.460,0.000,0
sample,idle,134217728,46,map,5.456,0.000,0
sample,idle,134217728,46,access,807.673,0.000,0
sample,idle,134217728,46,unmap,974.056,0.000,0
sample,idle,134217728,46,release,452.220,0.000,0
sample,idle,134217728,47,create,3427.316,0.000,0
sample,idle,134217728,47,map,5.280,0.000,0
sample,idle,134217728,47,access,806.057,0.000,0
sample,idle,134217728,47,unmap,991.576,0.000,0
sample,idle,134217728,47,release,458.220,0.000,0
sample,idle,134217728,48,create,3424.563,0.000,0
sample,idle,134217728,48,map,5.424,0.000,0
sample,idle,134217728,48,access,775.386,0.000,0
sample,idle,134217728,48,unmap,983.944,0.000,0
sample,idle,134217728,48,release,465.980,0.000,0
sample,idle,134217728,49,create,3424.643,0.000,0
sample,idle,134217728,49,map,5.264,0.000,0
sample,idle,134217728,49,access,802.777,0.000,0
sample,idle,134217728,49,unmap,982.472,0.000,0
sample,idle,134217728,49,release,459.276,0.000,0
sample,idle,134217728,50,create,3416.819,0.000,0
sample,idle,134217728,50,map,5.248,0.000,0
sample,idle,134217728,50,access,807.913,0.000,0
sample,idle,134217728,50,unmap,998.455,0.000,0
sample,idle,134217728,50,release,471.932,0.000,0
sample,idle,134217728,51,create,3424.484,0.000,0
sample,idle,134217728,51,map,5.600,0.000,0
sample,idle,134217728,51,access,792.601,0.000,0
sample,idle,134217728,51,unmap,997.304,0.000,0
sample,idle,134217728,51,release,442.860,0.000,0
sample,idle,134217728,52,create,3421.684,0.000,0
sample,idle,134217728,52,map,5.167,0.000,0
sample,idle,134217728,52,access,802.042,0.000,0
sample,idle,134217728,52,unmap,989.976,0.000,0
sample,idle,134217728,52,release,463.548,0.000,0
sample,idle,134217728,53,create,3430.291,0.000,0
sample,idle,134217728,53,map,5.504,0.000,0
sample,idle,134217728,53,access,805.017,0.000,0
sample,idle,134217728,53,unmap,988.888,0.000,0
sample,idle,134217728,53,release,448.044,0.000,0
sample,idle,134217728,54,create,3414.131,0.000,0
sample,idle,134217728,54,map,5.248,0.000,0
sample,idle,134217728,54,access,798.937,0.000,0
sample,idle,134217728,54,unmap,966.296,0.000,0
sample,idle,134217728,54,release,451.276,0.000,0
sample,idle,134217728,55,create,3422.243,0.000,0
sample,idle,134217728,55,map,5.264,0.000,0
sample,idle,134217728,55,access,802.281,0.000,0
sample,idle,134217728,55,unmap,992.232,0.000,0
sample,idle,134217728,55,release,460.892,0.000,0
sample,idle,134217728,56,create,3433.139,0.000,0
sample,idle,134217728,56,map,5.056,0.000,0
sample,idle,134217728,56,access,804.329,0.000,0
sample,idle,134217728,56,unmap,987.415,0.000,0
sample,idle,134217728,56,release,446.237,0.000,0
sample,idle,134217728,57,create,3399.667,0.000,0
sample,idle,134217728,57,map,5.088,0.000,0
sample,idle,134217728,57,access,796.649,0.000,0
sample,idle,134217728,57,unmap,990.327,0.000,0
sample,idle,134217728,57,release,454.365,0.000,0
sample,idle,134217728,58,create,3420.819,0.000,0
sample,idle,134217728,58,map,5.424,0.000,0
sample,idle,134217728,58,access,805.545,0.000,0
sample,idle,134217728,58,unmap,990.407,0.000,0
sample,idle,134217728,58,release,442.765,0.000,0
sample,idle,134217728,59,create,3417.939,0.000,0
sample,idle,134217728,59,map,5.184,0.000,0
sample,idle,134217728,59,access,798.137,0.000,0
sample,idle,134217728,59,unmap,994.103,0.000,0
sample,idle,134217728,59,release,443.949,0.000,0
sample,idle,134217728,60,create,3414.323,0.000,0
sample,idle,134217728,60,map,5.408,0.000,0
sample,idle,134217728,60,access,803.209,0.000,0
sample,idle,134217728,60,unmap,983.511,0.000,0
sample,idle,134217728,60,release,465.788,0.000,0
sample,idle,134217728,61,create,3424.100,0.000,0
sample,idle,134217728,61,map,5.184,0.000,0
sample,idle,134217728,61,access,802.825,0.000,0
sample,idle,134217728,61,unmap,990.312,0.000,0
sample,idle,134217728,61,release,444.028,0.000,0
sample,idle,134217728,62,create,3409.876,0.000,0
sample,idle,134217728,62,map,5.328,0.000,0
sample,idle,134217728,62,access,807.257,0.000,0
sample,idle,134217728,62,unmap,984.552,0.000,0
sample,idle,134217728,62,release,458.124,0.000,0
sample,idle,134217728,63,create,3426.339,0.000,0
sample,idle,134217728,63,map,5.200,0.000,0
sample,idle,134217728,63,access,801.786,0.000,0
sample,idle,134217728,63,unmap,990.312,0.000,0
sample,idle,134217728,63,release,446.188,0.000,0
sample,idle,134217728,64,create,3397.332,0.000,0
sample,idle,134217728,64,map,5.488,0.000,0
sample,idle,134217728,64,access,803.865,0.000,0
sample,idle,134217728,64,unmap,986.920,0.000,0
sample,idle,134217728,64,release,458.892,0.000,0
sample,idle,134217728,65,create,3415.251,0.000,0
sample,idle,134217728,65,map,5.456,0.000,0
sample,idle,134217728,65,access,800.922,0.000,0
sample,idle,134217728,65,unmap,991.800,0.000,0
sample,idle,134217728,65,release,459.260,0.000,0
sample,idle,134217728,66,create,3416.819,0.000,0
sample,idle,134217728,66,map,5.376,0.000,0
sample,idle,134217728,66,access,808.217,0.000,0
sample,idle,134217728,66,unmap,988.920,0.000,0
sample,idle,134217728,66,release,461.660,0.000,0
sample,idle,134217728,67,create,3416.867,0.000,0
sample,idle,134217728,67,map,5.200,0.000,0
sample,idle,134217728,67,access,792.473,0.000,0
sample,idle,134217728,67,unmap,989.304,0.000,0
sample,idle,134217728,67,release,462.396,0.000,0
sample,idle,134217728,68,create,3405.347,0.000,0
sample,idle,134217728,68,map,5.440,0.000,0
sample,idle,134217728,68,access,809.241,0.000,0
sample,idle,134217728,68,unmap,979.383,0.000,0
sample,idle,134217728,68,release,474.892,0.000,0
sample,idle,134217728,69,create,3405.828,0.000,0
sample,idle,134217728,69,map,5.664,0.000,0
sample,idle,134217728,69,access,806.857,0.000,0
sample,idle,134217728,69,unmap,981.431,0.000,0
sample,idle,134217728,69,release,436.973,0.000,0
sample,idle,134217728,70,create,3431.075,0.000,0
sample,idle,134217728,70,map,5.360,0.000,0
sample,idle,134217728,70,access,801.305,0.000,0
sample,idle,134217728,70,unmap,979.447,0.000,0
sample,idle,134217728,70,release,447.805,0.000,0
sample,idle,134217728,71,create,3422.979,0.000,0
sample,idle,134217728,71,map,5.440,0.000,0
sample,idle,134217728,71,access,804.889,0.000,0
sample,idle,134217728,71,unmap,994.072,0.000,0
sample,idle,134217728,71,release,456.956,0.000,0
sample,idle,134217728,72,create,3430.915,0.000,0
sample,idle,134217728,72,map,5.168,0.000,0
sample,idle,134217728,72,access,812.826,0.000,0
sample,idle,134217728,72,unmap,975.784,0.000,0
sample,idle,134217728,72,release,447.484,0.000,0
sample,idle,134217728,73,create,3424.275,0.000,0
sample,idle,134217728,73,map,5.312,0.000,0
sample,idle,134217728,73,access,802.346,0.000,0
sample,idle,134217728,73,unmap,972.280,0.000,0
sample,idle,134217728,73,release,459.996,0.000,0
sample,idle,134217728,74,create,3422.499,0.000,0
sample,idle,134217728,74,map,5.520,0.000,0
sample,idle,134217728,74,access,802.826,0.000,0
sample,idle,134217728,74,unmap,976.152,0.000,0
sample,idle,134217728,74,release,439.484,0.000,0
sample,idle,134217728,75,create,3435.315,0.000,0
sample,idle,134217728,75,map,5.392,0.000,0
sample,idle,134217728,75,access,801.978,0.000,0
sample,idle,134217728,75,unmap,985.864,0.000,0
sample,idle,134217728,75,release,452.636,0.000,0
sample,idle,134217728,76,create,3402.227,0.000,0
sample,idle,134217728,76,map,5.440,0.000,0
sample,idle,134217728,76,access,803.242,0.000,0
sample,idle,134217728,76,unmap,986.680,0.000,0
sample,idle,134217728,76,release,464.716,0.000,0
sample,idle,134217728,77,create,3415.667,0.000,0
sample,idle,134217728,77,map,5.344,0.000,0
sample,idle,134217728,77,access,803.497,0.000,0
sample,idle,134217728,77,unmap,991.496,0.000,0
sample,idle,134217728,77,release,1221.045,0.000,0
sample,idle,134217728,78,create,3422.708,0.000,0
sample,idle,134217728,78,map,5.392,0.000,0
sample,idle,134217728,78,access,809.161,0.000,0
sample,idle,134217728,78,unmap,989.464,0.000,0
sample,idle,134217728,78,release,448.028,0.000,0
sample,idle,134217728,79,create,3414.164,0.000,0
sample,idle,134217728,79,map,5.200,0.000,0
sample,idle,134217728,79,access,809.786,0.000,0
sample,idle,134217728,79,unmap,989.240,0.000,0
sample,idle,134217728,79,release,442.348,0.000,0
sample,idle,134217728,80,create,3414.995,0.000,0
sample,idle,134217728,80,map,5.280,0.000,0
sample,idle,134217728,80,access,804.970,0.000,0
sample,idle,134217728,80,unmap,981.720,0.000,0
sample,idle,134217728,80,release,449.036,0.000,0
sample,idle,134217728,81,create,3419.235,0.000,0
sample,idle,134217728,81,map,5.360,0.000,0
sample,idle,134217728,81,access,799.978,0.000,0
sample,idle,134217728,81,unmap,992.600,0.000,0
sample,idle,134217728,81,release,439.628,0.000,0
sample,idle,134217728,82,create,3422.963,0.000,0
sample,idle,134217728,82,map,5.616,0.000,0
sample,idle,134217728,82,access,810.121,0.000,0
sample,idle,134217728,82,unmap,984.648,0.000,0
sample,idle,134217728,82,release,453.884,0.000,0
sample,idle,134217728,83,create,3421.603,0.000,0
sample,idle,134217728,83,map,5.344,0.000,0
sample,idle,134217728,83,access,797.801,0.000,0
sample,idle,134217728,83,unmap,988.663,0.000,0
sample,idle,134217728,83,release,452.733,0.000,0
sample,idle,134217728,84,create,3435.491,0.000,0
sample,idle,134217728,84,map,5.296,0.000,0
sample,idle,134217728,84,access,806.697,0.000,0
sample,idle,134217728,84,unmap,980.903,0.000,0
sample,idle,134217728,84,release,458.236,0.000,0
sample,idle,134217728,85,create,3420.788,0.000,0
sample,idle,134217728,85,map,5.136,0.000,0
sample,idle,134217728,85,access,797.081,0.000,0
sample,idle,134217728,85,unmap,987.464,0.000,0
sample,idle,134217728,85,release,456.956,0.000,0
sample,idle,134217728,86,create,3442.307,0.000,0
sample,idle,134217728,86,map,5.248,0.000,0
sample,idle,134217728,86,access,803.210,0.000,0
sample,idle,134217728,86,unmap,978.424,0.000,0
sample,idle,134217728,86,release,460.956,0.000,0
sample,idle,134217728,87,create,3432.643,0.000,0
sample,idle,134217728,87,map,5.408,0.000,0
sample,idle,134217728,87,access,801.721,0.000,0
sample,idle,134217728,87,unmap,983.928,0.000,0
sample,idle,134217728,87,release,466.268,0.000,0
sample,idle,134217728,88,create,3423.715,0.000,0
sample,idle,134217728,88,map,5.280,0.000,0
sample,idle,134217728,88,access,808.761,0.000,0
sample,idle,134217728,88,unmap,980.487,0.000,0
sample,idle,134217728,88,release,455.149,0.000,0
sample,idle,134217728,89,create,3417.011,0.000,0
sample,idle,134217728,89,map,5.200,0.000,0
sample,idle,134217728,89,access,774.681,0.000,0
sample,idle,134217728,89,unmap,982.696,0.000,0
sample,idle,134217728,89,release,456.012,0.000,0
sample,idle,134217728,90,create,3427.763,0.000,0
sample,idle,134217728,90,map,5.072,0.000,0
sample,idle,134217728,90,access,805.529,0.000,0
sample,idle,134217728,90,unmap,980.263,0.000,0
sample,idle,134217728,90,release,465.548,0.000,0
sample,idle,134217728,91,create,3412.820,0.000,0
sample,idle,134217728,91,map,5.456,0.000,0
sample,idle,134217728,91,access,806.505,0.000,0
sample,idle,134217728,91,unmap,989.687,0.000,0
sample,idle,134217728,91,release,450.316,0.000,0
sample,idle,134217728,92,create,3429.348,0.000,0
sample,idle,134217728,92,map,5.328,0.000,0
sample,idle,134217728,92,access,804.778,0.000,0
sample,idle,134217728,92,unmap,984.680,0.000,0
sample,idle,134217728,92,release,470.572,0.000,0
sample,idle,134217728,93,create,3401.331,0.000,0
sample,idle,134217728,93,map,5.312,0.000,0
sample,idle,134217728,93,access,801.978,0.000,0
sample,idle,134217728,93,unmap,1004.504,0.000,0
sample,idle,134217728,93,release,455.052,0.000,0
sample,idle,134217728,94,create,3409.363,0.000,0
sample,idle,134217728,94,map,5.632,0.000,0
sample,idle,134217728,94,access,805.673,0.000,0
sample,idle,134217728,94,unmap,992.328,0.000,0
sample,idle,134217728,94,release,436.508,0.000,0
sample,idle,134217728,95,create,3416.211,0.000,0
sample,idle,134217728,95,map,5.392,0.000,0
sample,idle,134217728,95,access,805.977,0.000,0
sample,idle,134217728,95,unmap,980.088,0.000,0
sample,idle,134217728,95,release,454.604,0.000,0
sample,idle,134217728,96,create,3400.067,0.000,0
sample,idle,134217728,96,map,5.248,0.000,0
sample,idle,134217728,96,access,808.393,0.000,0
sample,idle,134217728,96,unmap,986.632,0.000,0
sample,idle,134217728,96,release,425.116,0.000,0
sample,idle,134217728,97,create,3407.044,0.000,0
sample,idle,134217728,97,map,5.568,0.000,0
sample,idle,134217728,97,access,803.482,0.000,0
sample,idle,134217728,97,unmap,989.848,0.000,0
sample,idle,134217728,97,release,462.396,0.000,0
sample,idle,134217728,98,create,3404.803,0.000,0
sample,idle,134217728,98,map,5.024,0.000,0
sample,idle,134217728,98,access,809.722,0.000,0
sample,idle,134217728,98,unmap,990.776,0.000,0
sample,idle,134217728,98,release,445.228,0.000,0
sample,idle,134217728,99,create,3407.747,0.000,0
sample,idle,134217728,99,map,4.624,0.000,0
sample,idle,134217728,99,access,797.482,0.000,0
sample,idle,134217728,99,unmap,992.984,0.000,0
sample,idle,134217728,99,release,457.020,0.000,0
sample,one_block,134217728,0,create,3417.795,10.004,1
sample,one_block,134217728,0,map,4.847,10.011,1
sample,one_block,134217728,0,access,786.330,10.006,1
sample,one_block,134217728,0,unmap,1028.951,10.005,1
sample,one_block,134217728,0,release,638.394,10.006,1
sample,one_block,134217728,1,create,3405.811,10.006,1
sample,one_block,134217728,1,map,5.008,10.010,1
sample,one_block,134217728,1,access,806.169,10.006,1
sample,one_block,134217728,1,unmap,1039.271,10.007,1
sample,one_block,134217728,1,release,636.523,10.006,1
sample,one_block,134217728,2,create,3403.860,10.005,1
sample,one_block,134217728,2,map,5.072,10.010,1
sample,one_block,134217728,2,access,803.385,10.005,1
sample,one_block,134217728,2,unmap,1042.088,10.007,1
sample,one_block,134217728,2,release,661.723,10.006,1
sample,one_block,134217728,3,create,3414.595,10.006,1
sample,one_block,134217728,3,map,4.752,10.010,1
sample,one_block,134217728,3,access,799.337,10.005,1
sample,one_block,134217728,3,unmap,1035.207,10.006,1
sample,one_block,134217728,3,release,638.283,10.006,1
sample,one_block,134217728,4,create,3412.323,10.005,1
sample,one_block,134217728,4,map,4.608,10.011,1
sample,one_block,134217728,4,access,793.658,10.005,1
sample,one_block,134217728,4,unmap,1036.183,10.007,1
sample,one_block,134217728,4,release,639.642,10.006,1
sample,one_block,134217728,5,create,3414.979,10.006,1
sample,one_block,134217728,5,map,4.960,10.010,1
sample,one_block,134217728,5,access,795.354,10.005,1
sample,one_block,134217728,5,unmap,1029.047,10.006,1
sample,one_block,134217728,5,release,652.650,10.006,1
sample,one_block,134217728,6,create,3407.284,10.004,1
sample,one_block,134217728,6,map,4.784,10.011,1
sample,one_block,134217728,6,access,804.217,10.006,1
sample,one_block,134217728,6,unmap,1037.911,10.005,1
sample,one_block,134217728,6,release,632.043,10.006,1
sample,one_block,134217728,7,create,3406.660,10.006,1
sample,one_block,134217728,7,map,4.704,10.011,1
sample,one_block,134217728,7,access,796.777,10.006,1
sample,one_block,134217728,7,unmap,1027.640,10.006,1
sample,one_block,134217728,7,release,659.547,10.006,1
sample,one_block,134217728,8,create,3421.635,10.004,1
sample,one_block,134217728,8,map,4.800,10.010,1
sample,one_block,134217728,8,access,797.401,10.005,1
sample,one_block,134217728,8,unmap,1034.183,10.005,1
sample,one_block,134217728,8,release,650.698,10.006,1
sample,one_block,134217728,9,create,3418.163,10.005,1
sample,one_block,134217728,9,map,4.559,10.011,1
sample,one_block,134217728,9,access,801.274,10.005,1
sample,one_block,134217728,9,unmap,1037.399,10.005,1
sample,one_block,134217728,9,release,647.898,10.006,1
sample,one_block,134217728,10,create,3434.019,10.005,1
sample,one_block,134217728,10,map,4.544,10.011,1
sample,one_block,134217728,10,access,800.170,10.005,1
sample,one_block,134217728,10,unmap,1030.839,10.005,1
sample,one_block,134217728,10,release,663.578,10.006,1
sample,one_block,134217728,11,create,3434.707,10.005,1
sample,one_block,134217728,11,map,4.816,10.010,1
sample,one_block,134217728,11,access,801.194,10.006,1
sample,one_block,134217728,11,unmap,1034.023,10.007,1
sample,one_block,134217728,11,release,644.234,10.006,1
sample,one_block,134217728,12,create,3421.860,10.006,1
sample,one_block,134217728,12,map,5.056,10.011,1
sample,one_block,134217728,12,access,796.585,10.006,1
sample,one_block,134217728,12,unmap,1031.927,10.007,1
sample,one_block,134217728,12,release,625.019,10.006,1
sample,one_block,134217728,13,create,3406.900,10.004,1
sample,one_block,134217728,13,map,4.896,10.010,1
sample,one_block,134217728,13,access,799.497,10.006,1
sample,one_block,134217728,13,unmap,1027.928,10.007,1
sample,one_block,134217728,13,release,668.939,10.006,1
sample,one_block,134217728,14,create,3414.963,10.006,1
sample,one_block,134217728,14,map,4.880,10.010,1
sample,one_block,134217728,14,access,804.921,10.005,1
sample,one_block,134217728,14,unmap,1042.424,10.006,1
sample,one_block,134217728,14,release,668.779,10.006,1
sample,one_block,134217728,15,create,3422.083,10.006,1
sample,one_block,134217728,15,map,4.992,10.010,1
sample,one_block,134217728,15,access,784.889,10.006,1
sample,one_block,134217728,15,unmap,1033.928,10.007,1
sample,one_block,134217728,15,release,629.227,10.006,1
sample,one_block,134217728,16,create,3401.779,10.006,1
sample,one_block,134217728,16,map,5.024,10.010,1
sample,one_block,134217728,16,access,806.442,10.005,1
sample,one_block,134217728,16,unmap,1035.687,10.005,1
sample,one_block,134217728,16,release,673.034,10.006,1
sample,one_block,134217728,17,create,3430.387,10.005,1
sample,one_block,134217728,17,map,4.800,10.011,1
sample,one_block,134217728,17,access,800.346,10.005,1
sample,one_block,134217728,17,unmap,1030.535,10.005,1
sample,one_block,134217728,17,release,636.890,10.006,1
sample,one_block,134217728,18,create,3413.332,10.005,1
sample,one_block,134217728,18,map,4.864,10.010,1
sample,one_block,134217728,18,access,804.201,10.005,1
sample,one_block,134217728,18,unmap,1024.807,10.006,1
sample,one_block,134217728,18,release,656.395,10.006,1
sample,one_block,134217728,19,create,3427.044,10.005,1
sample,one_block,134217728,19,map,4.832,10.010,1
sample,one_block,134217728,19,access,800.041,10.005,1
sample,one_block,134217728,19,unmap,1034.072,10.005,1
sample,one_block,134217728,19,release,626.043,10.006,1
sample,one_block,134217728,20,create,3411.107,10.004,1
sample,one_block,134217728,20,map,4.784,10.010,1
sample,one_block,134217728,20,access,789.801,10.006,1
sample,one_block,134217728,20,unmap,1030.472,10.005,1
sample,one_block,134217728,20,release,640.891,10.006,1
sample,one_block,134217728,21,create,3422.323,10.004,1
sample,one_block,134217728,21,map,4.960,10.010,1
sample,one_block,134217728,21,access,799.337,10.006,1
sample,one_block,134217728,21,unmap,1038.920,10.005,1
sample,one_block,134217728,21,release,627.979,10.006,1
sample,one_block,134217728,22,create,3404.643,10.006,1
sample,one_block,134217728,22,map,5.056,10.010,1
sample,one_block,134217728,22,access,796.809,10.005,1
sample,one_block,134217728,22,unmap,1030.232,10.006,1
sample,one_block,134217728,22,release,636.203,10.006,1
sample,one_block,134217728,23,create,3416.131,10.005,1
sample,one_block,134217728,23,map,4.656,10.011,1
sample,one_block,134217728,23,access,798.185,10.005,1
sample,one_block,134217728,23,unmap,1025.303,10.005,1
sample,one_block,134217728,23,release,609.483,10.006,1
sample,one_block,134217728,24,create,3421.363,10.004,1
sample,one_block,134217728,24,map,4.799,10.011,1
sample,one_block,134217728,24,access,806.922,10.006,1
sample,one_block,134217728,24,unmap,1033.655,10.006,1
sample,one_block,134217728,24,release,654.842,10.006,1
sample,one_block,134217728,25,create,3399.987,10.005,1
sample,one_block,134217728,25,map,4.640,10.010,1
sample,one_block,134217728,25,access,799.306,10.007,1
sample,one_block,134217728,25,unmap,1029.159,10.006,1
sample,one_block,134217728,25,release,645.578,10.006,1
sample,one_block,134217728,26,create,3392.019,10.004,1
sample,one_block,134217728,26,map,4.688,10.011,1
sample,one_block,134217728,26,access,1254.710,10.005,1
sample,one_block,134217728,26,unmap,1026.183,10.006,1
sample,one_block,134217728,26,release,651.370,10.006,1
sample,one_block,134217728,27,create,3429.348,10.004,1
sample,one_block,134217728,27,map,4.880,10.010,1
sample,one_block,134217728,27,access,796.185,10.006,1
sample,one_block,134217728,27,unmap,1061.719,10.007,1
sample,one_block,134217728,27,release,650.299,10.006,1
sample,one_block,134217728,28,create,3409.508,10.004,1
sample,one_block,134217728,28,map,4.736,10.011,1
sample,one_block,134217728,28,access,782.585,10.005,1
sample,one_block,134217728,28,unmap,1036.696,10.006,1
sample,one_block,134217728,28,release,633.627,10.006,1
sample,one_block,134217728,29,create,3432.291,10.004,1
sample,one_block,134217728,29,map,4.848,10.011,1
sample,one_block,134217728,29,access,792.297,10.006,1
sample,one_block,134217728,29,unmap,1045.415,10.005,1
sample,one_block,134217728,29,release,629.051,10.006,1
sample,sm_count_blocks,134217728,0,create,3416.563,10.004,1
sample,sm_count_blocks,134217728,0,map,4.976,10.011,1
sample,sm_count_blocks,134217728,0,access,806.345,10.005,1
sample,sm_count_blocks,134217728,0,unmap,1030.104,10.006,1
sample,sm_count_blocks,134217728,0,release,668.987,10.006,1
sample,sm_count_blocks,134217728,1,create,3414.771,10.005,1
sample,sm_count_blocks,134217728,1,map,4.720,10.010,1
sample,sm_count_blocks,134217728,1,access,796.729,10.005,1
sample,sm_count_blocks,134217728,1,unmap,1034.792,10.007,1
sample,sm_count_blocks,134217728,1,release,652.139,10.006,1
sample,sm_count_blocks,134217728,2,create,3403.299,10.004,1
sample,sm_count_blocks,134217728,2,map,5.152,10.011,1
sample,sm_count_blocks,134217728,2,access,804.345,10.005,1
sample,sm_count_blocks,134217728,2,unmap,1031.959,10.006,1
sample,sm_count_blocks,134217728,2,release,608.907,10.006,1
sample,sm_count_blocks,134217728,3,create,3398.563,10.006,1
sample,sm_count_blocks,134217728,3,map,4.672,10.011,1
sample,sm_count_blocks,134217728,3,access,807.641,10.005,1
sample,sm_count_blocks,134217728,3,unmap,1035.047,10.007,1
sample,sm_count_blocks,134217728,3,release,639.931,10.006,1
sample,sm_count_blocks,134217728,4,create,3413.443,10.006,1
sample,sm_count_blocks,134217728,4,map,4.720,10.011,1
sample,sm_count_blocks,134217728,4,access,798.713,10.005,1
sample,sm_count_blocks,134217728,4,unmap,1035.847,10.005,1
sample,sm_count_blocks,134217728,4,release,646.363,10.006,1
sample,sm_count_blocks,134217728,5,create,3426.259,10.005,1
sample,sm_count_blocks,134217728,5,map,4.960,10.011,1
sample,sm_count_blocks,134217728,5,access,799.177,10.006,1
sample,sm_count_blocks,134217728,5,unmap,1037.895,10.006,1
sample,sm_count_blocks,134217728,5,release,650.955,10.006,1
sample,sm_count_blocks,134217728,6,create,3411.827,10.004,1
sample,sm_count_blocks,134217728,6,map,5.264,10.009,1
sample,sm_count_blocks,134217728,6,access,799.689,10.005,1
sample,sm_count_blocks,134217728,6,unmap,1036.951,10.006,1
sample,sm_count_blocks,134217728,6,release,622.155,10.006,1
sample,sm_count_blocks,134217728,7,create,3407.219,10.004,1
sample,sm_count_blocks,134217728,7,map,5.232,10.011,1
sample,sm_count_blocks,134217728,7,access,800.057,10.005,1
sample,sm_count_blocks,134217728,7,unmap,1038.359,10.007,1
sample,sm_count_blocks,134217728,7,release,620.027,10.006,1
sample,sm_count_blocks,134217728,8,create,3410.323,10.004,1
sample,sm_count_blocks,134217728,8,map,4.720,10.010,1
sample,sm_count_blocks,134217728,8,access,787.849,10.005,1
sample,sm_count_blocks,134217728,8,unmap,1033.287,10.005,1
sample,sm_count_blocks,134217728,8,release,672.506,10.007,1
sample,sm_count_blocks,134217728,9,create,3436.467,10.006,1
sample,sm_count_blocks,134217728,9,map,4.960,10.010,1
sample,sm_count_blocks,134217728,9,access,800.025,10.005,1
sample,sm_count_blocks,134217728,9,unmap,1030.536,10.005,1
sample,sm_count_blocks,134217728,9,release,645.003,10.006,1
sample,sm_count_blocks,134217728,10,create,3414.419,10.005,1
sample,sm_count_blocks,134217728,10,map,4.848,10.010,1
sample,sm_count_blocks,134217728,10,access,799.289,10.005,1
sample,sm_count_blocks,134217728,10,unmap,1046.375,10.005,1
sample,sm_count_blocks,134217728,10,release,650.075,10.006,1
sample,sm_count_blocks,134217728,11,create,3413.123,10.005,1
sample,sm_count_blocks,134217728,11,map,4.832,10.011,1
sample,sm_count_blocks,134217728,11,access,797.402,10.005,1
sample,sm_count_blocks,134217728,11,unmap,1037.175,10.005,1
sample,sm_count_blocks,134217728,11,release,671.610,10.006,1
sample,sm_count_blocks,134217728,12,create,3427.380,10.003,1
sample,sm_count_blocks,134217728,12,map,4.832,10.010,1
sample,sm_count_blocks,134217728,12,access,801.481,10.005,1
sample,sm_count_blocks,134217728,12,unmap,1033.719,10.005,1
sample,sm_count_blocks,134217728,12,release,618.010,10.006,1
sample,sm_count_blocks,134217728,13,create,3428.788,10.003,1
sample,sm_count_blocks,134217728,13,map,4.848,10.011,1
sample,sm_count_blocks,134217728,13,access,793.674,10.004,1
sample,sm_count_blocks,134217728,13,unmap,1047.063,10.005,1
sample,sm_count_blocks,134217728,13,release,613.035,10.006,1
sample,sm_count_blocks,134217728,14,create,3404.707,10.003,1
sample,sm_count_blocks,134217728,14,map,4.912,10.011,1
sample,sm_count_blocks,134217728,14,access,807.098,10.005,1
sample,sm_count_blocks,134217728,14,unmap,1048.983,10.005,1
sample,sm_count_blocks,134217728,14,release,655.370,10.006,1
sample,sm_count_blocks,134217728,15,create,3431.635,10.003,1
sample,sm_count_blocks,134217728,15,map,6.448,10.011,1
sample,sm_count_blocks,134217728,15,access,799.178,10.005,1
sample,sm_count_blocks,134217728,15,unmap,1039.831,10.005,1
sample,sm_count_blocks,134217728,15,release,636.954,10.006,1
sample,sm_count_blocks,134217728,16,create,3501.218,10.004,1
sample,sm_count_blocks,134217728,16,map,4.848,10.011,1
sample,sm_count_blocks,134217728,16,access,803.978,10.005,1
sample,sm_count_blocks,134217728,16,unmap,1034.807,10.006,1
sample,sm_count_blocks,134217728,16,release,656.634,10.006,1
sample,sm_count_blocks,134217728,17,create,3429.747,10.004,1
sample,sm_count_blocks,134217728,17,map,4.624,10.010,1
sample,sm_count_blocks,134217728,17,access,799.193,10.006,1
sample,sm_count_blocks,134217728,17,unmap,1037.495,10.006,1
sample,sm_count_blocks,134217728,17,release,633.019,10.006,1
sample,sm_count_blocks,134217728,18,create,3417.923,10.004,1
sample,sm_count_blocks,134217728,18,map,5.024,10.011,1
sample,sm_count_blocks,134217728,18,access,805.577,10.006,1
sample,sm_count_blocks,134217728,18,unmap,1038.375,10.005,1
sample,sm_count_blocks,134217728,18,release,628.699,10.006,1
sample,sm_count_blocks,134217728,19,create,3414.499,10.005,1
sample,sm_count_blocks,134217728,19,map,4.960,10.010,1
sample,sm_count_blocks,134217728,19,access,804.137,10.005,1
sample,sm_count_blocks,134217728,19,unmap,1032.232,10.005,1
sample,sm_count_blocks,134217728,19,release,648.411,10.006,1
sample,sm_count_blocks,134217728,20,create,3419.907,10.006,1
sample,sm_count_blocks,134217728,20,map,4.832,10.010,1
sample,sm_count_blocks,134217728,20,access,800.889,10.005,1
sample,sm_count_blocks,134217728,20,unmap,1031.720,10.005,1
sample,sm_count_blocks,134217728,20,release,661.787,10.007,1
sample,sm_count_blocks,134217728,21,create,3441.155,10.004,1
sample,sm_count_blocks,134217728,21,map,4.912,10.011,1
sample,sm_count_blocks,134217728,21,access,797.865,10.005,1
sample,sm_count_blocks,134217728,21,unmap,1035.240,10.006,1
sample,sm_count_blocks,134217728,21,release,632.667,10.007,1
sample,sm_count_blocks,134217728,22,create,3431.699,10.006,1
sample,sm_count_blocks,134217728,22,map,4.848,10.010,1
sample,sm_count_blocks,134217728,22,access,801.849,10.006,1
sample,sm_count_blocks,134217728,22,unmap,1043.336,10.006,1
sample,sm_count_blocks,134217728,22,release,655.515,10.006,1
sample,sm_count_blocks,134217728,23,create,3426.020,10.004,1
sample,sm_count_blocks,134217728,23,map,4.784,10.011,1
sample,sm_count_blocks,134217728,23,access,797.929,10.005,1
sample,sm_count_blocks,134217728,23,unmap,1046.983,10.007,1
sample,sm_count_blocks,134217728,23,release,654.074,10.006,1
sample,sm_count_blocks,134217728,24,create,3402.020,10.006,1
sample,sm_count_blocks,134217728,24,map,4.800,10.011,1
sample,sm_count_blocks,134217728,24,access,801.305,10.005,1
sample,sm_count_blocks,134217728,24,unmap,1026.039,10.006,1
sample,sm_count_blocks,134217728,24,release,667.770,10.006,1
sample,sm_count_blocks,134217728,25,create,3417.828,10.004,1
sample,sm_count_blocks,134217728,25,map,5.216,10.010,1
sample,sm_count_blocks,134217728,25,access,803.465,10.005,1
sample,sm_count_blocks,134217728,25,unmap,1042.087,10.007,1
sample,sm_count_blocks,134217728,25,release,640.410,10.006,1
sample,sm_count_blocks,134217728,26,create,3422.947,10.006,1
sample,sm_count_blocks,134217728,26,map,5.024,10.010,1
sample,sm_count_blocks,134217728,26,access,804.858,10.006,1
sample,sm_count_blocks,134217728,26,unmap,1042.231,10.005,1
sample,sm_count_blocks,134217728,26,release,664.282,10.006,1
sample,sm_count_blocks,134217728,27,create,3421.491,10.004,1
sample,sm_count_blocks,134217728,27,map,4.928,10.010,1
sample,sm_count_blocks,134217728,27,access,798.506,10.006,1
sample,sm_count_blocks,134217728,27,unmap,1047.959,10.005,1
sample,sm_count_blocks,134217728,27,release,660.266,10.006,1
sample,sm_count_blocks,134217728,28,create,3416.659,10.004,1
sample,sm_count_blocks,134217728,28,map,4.864,10.010,1
sample,sm_count_blocks,134217728,28,access,799.786,10.005,1
sample,sm_count_blocks,134217728,28,unmap,1042.759,10.006,1
sample,sm_count_blocks,134217728,28,release,652.586,10.006,1
sample,sm_count_blocks,134217728,29,create,3414.659,10.004,1
sample,sm_count_blocks,134217728,29,map,4.736,10.010,1
sample,sm_count_blocks,134217728,29,access,798.058,10.005,1
sample,sm_count_blocks,134217728,29,unmap,1031.175,10.005,1
sample,sm_count_blocks,134217728,29,release,667.306,10.006,1
memory_header,phase,cuda_free_bytes,cuda_total_bytes,mem_available_bytes
memory,baseline,123957387264,130661203968,127591043072
memory,address_reserved,123957387264,130661203968,127591043072
memory,created,122873159680,130661203968,126506819584
verification_negative_control,PASS
memory,mapped_touched,122872385536,130661203968,126506045440
memory,unmapped_handles_retained,122872385536,130661203968,126506082304
memory,remapped_verified,122872385536,130661203968,126506082304
memory,handles_released,123961573376,130661203968,127595270144
memory,address_freed,123961573376,130661203968,127595270144
pool_verified_bytes,1073741824
PASS
