device,NVIDIA GB10,driver_api,13000,header,13040,sms,48,minimum,2097152,recommended,2097152
sample_header,mode,bytes,iteration,operation,host_us,kernel_ms,pending_after
sample,idle,2097152,0,create,54.064,0.000,0
sample,idle,2097152,0,map,0.640,0.000,0
sample,idle,2097152,0,access,37.664,0.000,0
sample,idle,2097152,0,unmap,62.240,0.000,0
sample,idle,2097152,0,release,27.408,0.000,0
sample,idle,2097152,1,create,54.111,0.000,0
sample,idle,2097152,1,map,0.608,0.000,0
sample,idle,2097152,1,access,37.456,0.000,0
sample,idle,2097152,1,unmap,62.383,0.000,0
sample,idle,2097152,1,release,27.168,0.000,0
sample,idle,2097152,2,create,53.983,0.000,0
sample,idle,2097152,2,map,0.592,0.000,0
sample,idle,2097152,2,access,37.920,0.000,0
sample,idle,2097152,2,unmap,62.031,0.000,0
sample,idle,2097152,2,release,27.600,0.000,0
sample,idle,2097152,3,create,53.936,0.000,0
sample,idle,2097152,3,map,0.592,0.000,0
sample,idle,2097152,3,access,37.951,0.000,0
sample,idle,2097152,3,unmap,62.480,0.000,0
sample,idle,2097152,3,release,27.423,0.000,0
sample,idle,2097152,4,create,54.256,0.000,0
sample,idle,2097152,4,map,0.656,0.000,0
sample,idle,2097152,4,access,37.872,0.000,0
sample,idle,2097152,4,unmap,63.023,0.000,0
sample,idle,2097152,4,release,27.136,0.000,0
sample,idle,2097152,5,create,54.047,0.000,0
sample,idle,2097152,5,map,0.608,0.000,0
sample,idle,2097152,5,access,37.360,0.000,0
sample,idle,2097152,5,unmap,62.991,0.000,0
sample,idle,2097152,5,release,26.992,0.000,0
sample,idle,2097152,6,create,53.472,0.000,0
sample,idle,2097152,6,map,0.544,0.000,0
sample,idle,2097152,6,access,37.695,0.000,0
sample,idle,2097152,6,unmap,65.071,0.000,0
sample,idle,2097152,6,release,27.840,0.000,0
sample,idle,2097152,7,create,54.064,0.000,0
sample,idle,2097152,7,map,0.528,0.000,0
sample,idle,2097152,7,access,40.527,0.000,0
sample,idle,2097152,7,unmap,61.920,0.000,0
sample,idle,2097152,7,release,27.343,0.000,0
sample,idle,2097152,8,create,54.304,0.000,0
sample,idle,2097152,8,map,0.576,0.000,0
sample,idle,2097152,8,access,37.408,0.000,0
sample,idle,2097152,8,unmap,62.111,0.000,0
sample,idle,2097152,8,release,27.616,0.000,0
sample,idle,2097152,9,create,53.727,0.000,0
sample,idle,2097152,9,map,0.576,0.000,0
sample,idle,2097152,9,access,48.592,0.000,0
sample,idle,2097152,9,unmap,64.399,0.000,0
sample,idle,2097152,9,release,27.456,0.000,0
sample,idle,2097152,10,create,53.535,0.000,0
sample,idle,2097152,10,map,0.576,0.000,0
sample,idle,2097152,10,access,44.352,0.000,0
sample,idle,2097152,10,unmap,73.871,0.000,0
sample,idle,2097152,10,release,53.456,0.000,0
sample,idle,2097152,11,create,54.271,0.000,0
sample,idle,2097152,11,map,0.512,0.000,0
sample,idle,2097152,11,access,39.776,0.000,0
sample,idle,2097152,11,unmap,69.023,0.000,0
sample,idle,2097152,11,release,54.720,0.000,0
sample,idle,2097152,12,create,53.935,0.000,0
sample,idle,2097152,12,map,0.592,0.000,0
sample,idle,2097152,12,access,215.519,0.000,0
sample,idle,2097152,12,unmap,64.944,0.000,0
sample,idle,2097152,12,release,27.391,0.000,0
sample,idle,2097152,13,create,54.032,0.000,0
sample,idle,2097152,13,map,0.576,0.000,0
sample,idle,2097152,13,access,38.752,0.000,0
sample,idle,2097152,13,unmap,63.104,0.000,0
sample,idle,2097152,13,release,27.792,0.000,0
sample,idle,2097152,14,create,53.887,0.000,0
sample,idle,2097152,14,map,0.528,0.000,0
sample,idle,2097152,14,access,37.952,0.000,0
sample,idle,2097152,14,unmap,64.239,0.000,0
sample,idle,2097152,14,release,26.944,0.000,0
sample,idle,2097152,15,create,54.096,0.000,0
sample,idle,2097152,15,map,0.544,0.000,0
sample,idle,2097152,15,access,38.351,0.000,0
sample,idle,2097152,15,unmap,66.415,0.000,0
sample,idle,2097152,15,release,32.784,0.000,0
sample,idle,2097152,16,create,54.224,0.000,0
sample,idle,2097152,16,map,0.608,0.000,0
sample,idle,2097152,16,access,37.951,0.000,0
sample,idle,2097152,16,unmap,63.536,0.000,0
sample,idle,2097152,16,release,27.519,0.000,0
sample,idle,2097152,17,create,53.904,0.000,0
sample,idle,2097152,17,map,0.592,0.000,0
sample,idle,2097152,17,access,43.871,0.000,0
sample,idle,2097152,17,unmap,62.704,0.000,0
sample,idle,2097152,17,release,27.216,0.000,0
sample,idle,2097152,18,create,55.232,0.000,0
sample,idle,2097152,18,map,0.640,0.000,0
sample,idle,2097152,18,access,38.623,0.000,0
sample,idle,2097152,18,unmap,65.200,0.000,0
sample,idle,2097152,18,release,27.055,0.000,0
sample,idle,2097152,19,create,53.952,0.000,0
sample,idle,2097152,19,map,0.576,0.000,0
sample,idle,2097152,19,access,38.288,0.000,0
sample,idle,2097152,19,unmap,64.160,0.000,0
sample,idle,2097152,19,release,26.768,0.000,0
sample,idle,2097152,20,create,54.239,0.000,0
sample,idle,2097152,20,map,0.544,0.000,0
sample,idle,2097152,20,access,38.448,0.000,0
sample,idle,2097152,20,unmap,64.911,0.000,0
sample,idle,2097152,20,release,27.072,0.000,0
sample,idle,2097152,21,create,54.431,0.000,0
sample,idle,2097152,21,map,0.576,0.000,0
sample,idle,2097152,21,access,37.760,0.000,0
sample,idle,2097152,21,unmap,62.239,0.000,0
sample,idle,2097152,21,release,26.768,0.000,0
sample,idle,2097152,22,create,53.888,0.000,0
sample,idle,2097152,22,map,0.560,0.000,0
sample,idle,2097152,22,access,38.159,0.000,0
sample,idle,2097152,22,unmap,63.840,0.000,0
sample,idle,2097152,22,release,27.280,0.000,0
sample,idle,2097152,23,create,53.312,0.000,0
sample,idle,2097152,23,map,0.512,0.000,0
sample,idle,2097152,23,access,37.744,0.000,0
sample,idle,2097152,23,unmap,62.175,0.000,0
sample,idle,2097152,23,release,27.232,0.000,0
sample,idle,2097152,24,create,53.311,0.000,0
sample,idle,2097152,24,map,0.560,0.000,0
sample,idle,2097152,24,access,37.872,0.000,0
sample,idle,2097152,24,unmap,62.063,0.000,0
sample,idle,2097152,24,release,27.664,0.000,0
sample,idle,2097152,25,create,53.968,0.000,0
sample,idle,2097152,25,map,0.576,0.000,0
sample,idle,2097152,25,access,39.903,0.000,0
sample,idle,2097152,25,unmap,64.768,0.000,0
sample,idle,2097152,25,release,27.439,0.000,0
sample,idle,2097152,26,create,54.240,0.000,0
sample,idle,2097152,26,map,0.592,0.000,0
sample,idle,2097152,26,access,37.616,0.000,0
sample,idle,2097152,26,unmap,63.616,0.000,0
sample,idle,2097152,26,release,27.312,0.000,0
sample,idle,2097152,27,create,54.031,0.000,0
sample,idle,2097152,27,map,0.544,0.000,0
sample,idle,2097152,27,access,38.128,0.000,0
sample,idle,2097152,27,unmap,63.343,0.000,0
sample,idle,2097152,27,release,27.280,0.000,0
sample,idle,2097152,28,create,53.359,0.000,0
sample,idle,2097152,28,map,0.560,0.000,0
sample,idle,2097152,28,access,37.760,0.000,0
sample,idle,2097152,28,unmap,63.615,0.000,0
sample,idle,2097152,28,release,27.440,0.000,0
sample,idle,2097152,29,create,53.824,0.000,0
sample,idle,2097152,29,map,0.512,0.000,0
sample,idle,2097152,29,access,37.423,0.000,0
sample,idle,2097152,29,unmap,62.112,0.000,0
sample,idle,2097152,29,release,26.511,0.000,0
sample,idle,2097152,30,create,56.272,0.000,0
sample,idle,2097152,30,map,0.544,0.000,0
sample,idle,2097152,30,access,37.248,0.000,0
sample,idle,2097152,30,unmap,63.584,0.000,0
sample,idle,2097152,30,release,27.264,0.000,0
sample,idle,2097152,31,create,53.375,0.000,0
sample,idle,2097152,31,map,0.528,0.000,0
sample,idle,2097152,31,access,37.856,0.000,0
sample,idle,2097152,31,unmap,62.847,0.000,0
sample,idle,2097152,31,release,27.168,0.000,0
sample,idle,2097152,32,create,52.927,0.000,0
sample,idle,2097152,32,map,0.512,0.000,0
sample,idle,2097152,32,access,37.616,0.000,0
sample,idle,2097152,32,unmap,63.535,0.000,0
sample,idle,2097152,32,release,26.784,0.000,0
sample,idle,2097152,33,create,53.072,0.000,0
sample,idle,2097152,33,map,0.576,0.000,0
sample,idle,2097152,33,access,37.487,0.000,0
sample,idle,2097152,33,unmap,62.880,0.000,0
sample,idle,2097152,33,release,26.815,0.000,0
sample,idle,2097152,34,create,53.200,0.000,0
sample,idle,2097152,34,map,0.544,0.000,0
sample,idle,2097152,34,access,37.568,0.000,0
sample,idle,2097152,34,unmap,64.367,0.000,0
sample,idle,2097152,34,release,26.896,0.000,0
sample,idle,2097152,35,create,55.983,0.000,0
sample,idle,2097152,35,map,0.544,0.000,0
sample,idle,2097152,35,access,37.712,0.000,0
sample,idle,2097152,35,unmap,62.207,0.000,0
sample,idle,2097152,35,release,26.768,0.000,0
sample,idle,2097152,36,create,53.376,0.000,0
sample,idle,2097152,36,map,0.608,0.000,0
sample,idle,2097152,36,access,37.887,0.000,0
sample,idle,2097152,36,unmap,64.543,0.000,0
sample,idle,2097152,36,release,26.800,0.000,0
sample,idle,2097152,37,create,53.632,0.000,0
sample,idle,2097152,37,map,0.544,0.000,0
sample,idle,2097152,37,access,38.223,0.000,0
sample,idle,2097152,37,unmap,62.368,0.000,0
sample,idle,2097152,37,release,26.895,0.000,0
sample,idle,2097152,38,create,53.392,0.000,0
sample,idle,2097152,38,map,0.576,0.000,0
sample,idle,2097152,38,access,37.520,0.000,0
sample,idle,2097152,38,unmap,64.447,0.000,0
sample,idle,2097152,38,release,26.864,0.000,0
sample,idle,2097152,39,create,53.295,0.000,0
sample,idle,2097152,39,map,0.592,0.000,0
sample,idle,2097152,39,access,37.536,0.000,0
sample,idle,2097152,39,unmap,62.927,0.000,0
sample,idle,2097152,39,release,27.328,0.000,0
sample,idle,2097152,40,create,55.616,0.000,0
sample,idle,2097152,40,map,0.624,0.000,0
sample,idle,2097152,40,access,37.887,0.000,0
sample,idle,2097152,40,unmap,62.064,0.000,0
sample,idle,2097152,40,release,25.935,0.000,0
sample,idle,2097152,41,create,53.088,0.000,0
sample,idle,2097152,41,map,0.560,0.000,0
sample,idle,2097152,41,access,37.984,0.000,0
sample,idle,2097152,41,unmap,61.456,0.000,0
sample,idle,2097152,41,release,25.568,0.000,0
sample,idle,2097152,42,create,53.631,0.000,0
sample,idle,2097152,42,map,0.560,0.000,0
sample,idle,2097152,42,access,35.744,0.000,0
sample,idle,2097152,42,unmap,62.847,0.000,0
sample,idle,2097152,42,release,25.472,0.000,0
sample,idle,2097152,43,create,53.039,0.000,0
sample,idle,2097152,43,map,0.528,0.000,0
sample,idle,2097152,43,access,36.240,0.000,0
sample,idle,2097152,43,unmap,61.983,0.000,0
sample,idle,2097152,43,release,25.856,0.000,0
sample,idle,2097152,44,create,54.096,0.000,0
sample,idle,2097152,44,map,0.544,0.000,0
sample,idle,2097152,44,access,37.007,0.000,0
sample,idle,2097152,44,unmap,61.808,0.000,0
sample,idle,2097152,44,release,25.408,0.000,0
sample,idle,2097152,45,create,61.375,0.000,0
sample,idle,2097152,45,map,0.592,0.000,0
sample,idle,2097152,45,access,36.864,0.000,0
sample,idle,2097152,45,unmap,61.711,0.000,0
sample,idle,2097152,45,release,27.216,0.000,0
sample,idle,2097152,46,create,53.295,0.000,0
sample,idle,2097152,46,map,0.560,0.000,0
sample,idle,2097152,46,access,37.760,0.000,0
sample,idle,2097152,46,unmap,63.007,0.000,0
sample,idle,2097152,46,release,24.944,0.000,0
sample,idle,2097152,47,create,53.536,0.000,0
sample,idle,2097152,47,map,0.528,0.000,0
sample,idle,2097152,47,access,36.271,0.000,0
sample,idle,2097152,47,unmap,63.376,0.000,0
sample,idle,2097152,47,release,26.687,0.000,0
sample,idle,2097152,48,create,53.488,0.000,0
sample,idle,2097152,48,map,0.560,0.000,0
sample,idle,2097152,48,access,37.440,0.000,0
sample,idle,2097152,48,unmap,62.656,0.000,0
sample,idle,2097152,48,release,26.368,0.000,0
sample,idle,2097152,49,create,53.375,0.000,0
sample,idle,2097152,49,map,0.544,0.000,0
sample,idle,2097152,49,access,37.280,0.000,0
sample,idle,2097152,49,unmap,61.599,0.000,0
sample,idle,2097152,49,release,27.152,0.000,0
sample,idle,2097152,50,create,54.912,0.000,0
sample,idle,2097152,50,map,0.528,0.000,0
sample,idle,2097152,50,access,37.199,0.000,0
sample,idle,2097152,50,unmap,65.151,0.000,0
sample,idle,2097152,50,release,26.432,0.000,0
sample,idle,2097152,51,create,53.280,0.000,0
sample,idle,2097152,51,map,0.528,0.000,0
sample,idle,2097152,51,access,37.663,0.000,0
sample,idle,2097152,51,unmap,63.232,0.000,0
sample,idle,2097152,51,release,26.512,0.000,0
sample,idle,2097152,52,create,52.799,0.000,0
sample,idle,2097152,52,map,0.544,0.000,0
sample,idle,2097152,52,access,37.200,0.000,0
sample,idle,2097152,52,unmap,61.871,0.000,0
sample,idle,2097152,52,release,25.776,0.000,0
sample,idle,2097152,53,create,53.087,0.000,0
sample,idle,2097152,53,map,0.528,0.000,0
sample,idle,2097152,53,access,36.656,0.000,0
sample,idle,2097152,53,unmap,60.607,0.000,0
sample,idle,2097152,53,release,25.536,0.000,0
sample,idle,2097152,54,create,53.360,0.000,0
sample,idle,2097152,54,map,0.528,0.000,0
sample,idle,2097152,54,access,35.727,0.000,0
sample,idle,2097152,54,unmap,60.656,0.000,0
sample,idle,2097152,54,release,25.584,0.000,0
sample,idle,2097152,55,create,55.775,0.000,0
sample,idle,2097152,55,map,0.608,0.000,0
sample,idle,2097152,55,access,36.192,0.000,0
sample,idle,2097152,55,unmap,60.240,0.000,0
sample,idle,2097152,55,release,25.984,0.000,0
sample,idle,2097152,56,create,53.631,0.000,0
sample,idle,2097152,56,map,0.608,0.000,0
sample,idle,2097152,56,access,35.808,0.000,0
sample,idle,2097152,56,unmap,60.287,0.000,0
sample,idle,2097152,56,release,26.160,0.000,0
sample,idle,2097152,57,create,52.944,0.000,0
sample,idle,2097152,57,map,0.640,0.000,0
sample,idle,2097152,57,access,36.591,0.000,0
sample,idle,2097152,57,unmap,59.520,0.000,0
sample,idle,2097152,57,release,26.047,0.000,0
sample,idle,2097152,58,create,53.152,0.000,0
sample,idle,2097152,58,map,0.624,0.000,0
sample,idle,2097152,58,access,36.096,0.000,0
sample,idle,2097152,58,unmap,60.416,0.000,0
sample,idle,2097152,58,release,25.856,0.000,0
sample,idle,2097152,59,create,53.039,0.000,0
sample,idle,2097152,59,map,0.528,0.000,0
sample,idle,2097152,59,access,36.272,0.000,0
sample,idle,2097152,59,unmap,59.679,0.000,0
sample,idle,2097152,59,release,26.384,0.000,0
sample,idle,2097152,60,create,56.400,0.000,0
sample,idle,2097152,60,map,0.624,0.000,0
sample,idle,2097152,60,access,36.575,0.000,0
sample,idle,2097152,60,unmap,60.704,0.000,0
sample,idle,2097152,60,release,26.447,0.000,0
sample,idle,2097152,61,create,52.720,0.000,0
sample,idle,2097152,61,map,0.576,0.000,0
sample,idle,2097152,61,access,36.192,0.000,0
sample,idle,2097152,61,unmap,60.176,0.000,0
sample,idle,2097152,61,release,26.352,0.000,0
sample,idle,2097152,62,create,53.151,0.000,0
sample,idle,2097152,62,map,0.544,0.000,0
sample,idle,2097152,62,access,35.872,0.000,0
sample,idle,2097152,62,unmap,60.063,0.000,0
sample,idle,2097152,62,release,25.648,0.000,0
sample,idle,2097152,63,create,53.008,0.000,0
sample,idle,2097152,63,map,0.512,0.000,0
sample,idle,2097152,63,access,36.271,0.000,0
sample,idle,2097152,63,unmap,59.264,0.000,0
sample,idle,2097152,63,release,25.935,0.000,0
sample,idle,2097152,64,create,53.152,0.000,0
sample,idle,2097152,64,map,0.528,0.000,0
sample,idle,2097152,64,access,36.400,0.000,0
sample,idle,2097152,64,unmap,59.472,0.000,0
sample,idle,2097152,64,release,25.872,0.000,0
sample,idle,2097152,65,create,55.711,0.000,0
sample,idle,2097152,65,map,0.560,0.000,0
sample,idle,2097152,65,access,36.752,0.000,0
sample,idle,2097152,65,unmap,60.847,0.000,0
sample,idle,2097152,65,release,26.480,0.000,0
sample,idle,2097152,66,create,53.216,0.000,0
sample,idle,2097152,66,map,0.544,0.000,0
sample,idle,2097152,66,access,36.639,0.000,0
sample,idle,2097152,66,unmap,61.456,0.000,0
sample,idle,2097152,66,release,26.447,0.000,0
sample,idle,2097152,67,create,53.088,0.000,0
sample,idle,2097152,67,map,0.544,0.000,0
sample,idle,2097152,67,access,37.472,0.000,0
sample,idle,2097152,67,unmap,63.872,0.000,0
sample,idle,2097152,67,release,26.624,0.000,0
sample,idle,2097152,68,create,52.879,0.000,0
sample,idle,2097152,68,map,0.544,0.000,0
sample,idle,2097152,68,access,37.680,0.000,0
sample,idle,2097152,68,unmap,63.151,0.000,0
sample,idle,2097152,68,release,26.608,0.000,0
sample,idle,2097152,69,create,53.008,0.000,0
sample,idle,2097152,69,map,0.527,0.000,0
sample,idle,2097152,69,access,37.280,0.000,0
sample,idle,2097152,69,unmap,62.783,0.000,0
sample,idle,2097152,69,release,26.560,0.000,0
sample,idle,2097152,70,create,55.600,0.000,0
sample,idle,2097152,70,map,0.592,0.000,0
sample,idle,2097152,70,access,37.231,0.000,0
sample,idle,2097152,70,unmap,64.352,0.000,0
sample,idle,2097152,70,release,27.104,0.000,0
sample,idle,2097152,71,create,52.928,0.000,0
sample,idle,2097152,71,map,0.544,0.000,0
sample,idle,2097152,71,access,37.760,0.000,0
sample,idle,2097152,71,unmap,87.935,0.000,0
sample,idle,2097152,71,release,27.120,0.000,0
sample,idle,2097152,72,create,53.007,0.000,0
sample,idle,2097152,72,map,0.496,0.000,0
sample,idle,2097152,72,access,38.048,0.000,0
sample,idle,2097152,72,unmap,64.911,0.000,0
sample,idle,2097152,72,release,29.840,0.000,0
sample,idle,2097152,73,create,53.471,0.000,0
sample,idle,2097152,73,map,0.544,0.000,0
sample,idle,2097152,73,access,38.272,0.000,0
sample,idle,2097152,73,unmap,63.903,0.000,0
sample,idle,2097152,73,release,30.688,0.000,0
sample,idle,2097152,74,create,53.327,0.000,0
sample,idle,2097152,74,map,0.592,0.000,0
sample,idle,2097152,74,access,40.240,0.000,0
sample,idle,2097152,74,unmap,102.479,0.000,0
sample,idle,2097152,74,release,83.615,0.000,0
sample,idle,2097152,75,create,53.648,0.000,0
sample,idle,2097152,75,map,0.576,0.000,0
sample,idle,2097152,75,access,79.567,0.000,0
sample,idle,2097152,75,unmap,65.935,0.000,0
sample,idle,2097152,75,release,30.896,0.000,0
sample,idle,2097152,76,create,53.264,0.000,0
sample,idle,2097152,76,map,0.560,0.000,0
sample,idle,2097152,76,access,77.023,0.000,0
sample,idle,2097152,76,unmap,99.119,0.000,0
sample,idle,2097152,76,release,68.255,0.000,0
sample,idle,2097152,77,create,53.216,0.000,0
sample,idle,2097152,77,map,0.528,0.000,0
sample,idle,2097152,77,access,38.240,0.000,0
sample,idle,2097152,77,unmap,72.064,0.000,0
sample,idle,2097152,77,release,26.976,0.000,0
sample,idle,2097152,78,create,53.311,0.000,0
sample,idle,2097152,78,map,0.528,0.000,0
sample,idle,2097152,78,access,39.680,0.000,0
sample,idle,2097152,78,unmap,64.159,0.000,0
sample,idle,2097152,78,release,27.200,0.000,0
sample,idle,2097152,79,create,53.135,0.000,0
sample,idle,2097152,79,map,0.512,0.000,0
sample,idle,2097152,79,access,38.112,0.000,0
sample,idle,2097152,79,unmap,65.151,0.000,0
sample,idle,2097152,79,release,27.200,0.000,0
sample,idle,2097152,80,create,53.056,0.000,0
sample,idle,2097152,80,map,0.512,0.000,0
sample,idle,2097152,80,access,37.903,0.000,0
sample,idle,2097152,80,unmap,64.912,0.000,0
sample,idle,2097152,80,release,30.431,0.000,0
sample,idle,2097152,81,create,53.264,0.000,0
sample,idle,2097152,81,map,0.528,0.000,0
sample,idle,2097152,81,access,37.856,0.000,0
sample,idle,2097152,81,unmap,73.168,0.000,0
sample,idle,2097152,81,release,27.135,0.000,0
sample,idle,2097152,82,create,52.816,0.000,0
sample,idle,2097152,82,map,0.560,0.000,0
sample,idle,2097152,82,access,37.872,0.000,0
sample,idle,2097152,82,unmap,67.728,0.000,0
sample,idle,2097152,82,release,43.104,0.000,0
sample,idle,2097152,83,create,55.599,0.000,0
sample,idle,2097152,83,map,0.576,0.000,0
sample,idle,2097152,83,access,69.983,0.000,0
sample,idle,2097152,83,unmap,113.487,0.000,0
sample,idle,2097152,83,release,27.104,0.000,0
sample,idle,2097152,84,create,53.184,0.000,0
sample,idle,2097152,84,map,0.576,0.000,0
sample,idle,2097152,84,access,40.175,0.000,0
sample,idle,2097152,84,unmap,64.927,0.000,0
sample,idle,2097152,84,release,27.664,0.000,0
sample,idle,2097152,85,create,53.456,0.000,0
sample,idle,2097152,85,map,0.544,0.000,0
sample,idle,2097152,85,access,37.887,0.000,0
sample,idle,2097152,85,unmap,65.600,0.000,0
sample,idle,2097152,85,release,26.016,0.000,0
sample,idle,2097152,86,create,52.895,0.000,0
sample,idle,2097152,86,map,0.512,0.000,0
sample,idle,2097152,86,access,37.520,0.000,0
sample,idle,2097152,86,unmap,63.279,0.000,0
sample,idle,2097152,86,release,27.120,0.000,0
sample,idle,2097152,87,create,52.783,0.000,0
sample,idle,2097152,87,map,0.512,0.000,0
sample,idle,2097152,87,access,39.840,0.000,0
sample,idle,2097152,87,unmap,94.431,0.000,0
sample,idle,2097152,87,release,26.992,0.000,0
sample,idle,2097152,88,create,53.311,0.000,0
sample,idle,2097152,88,map,0.544,0.000,0
sample,idle,2097152,88,access,42.624,0.000,0
sample,idle,2097152,88,unmap,95.903,0.000,0
sample,idle,2097152,88,release,27.360,0.000,0
sample,idle,2097152,89,create,53.615,0.000,0
sample,idle,2097152,89,map,0.528,0.000,0
sample,idle,2097152,89,access,37.472,0.000,0
sample,idle,2097152,89,unmap,62.079,0.000,0
sample,idle,2097152,89,release,26.592,0.000,0
sample,idle,2097152,90,create,53.136,0.000,0
sample,idle,2097152,90,map,0.544,0.000,0
sample,idle,2097152,90,access,37.567,0.000,0
sample,idle,2097152,90,unmap,63.664,0.000,0
sample,idle,2097152,90,release,27.023,0.000,0
sample,idle,2097152,91,create,53.392,0.000,0
sample,idle,2097152,91,map,0.528,0.000,0
sample,idle,2097152,91,access,37.632,0.000,0
sample,idle,2097152,91,unmap,69.376,0.000,0
sample,idle,2097152,91,release,26.896,0.000,0
sample,idle,2097152,92,create,55.503,0.000,0
sample,idle,2097152,92,map,0.560,0.000,0
sample,idle,2097152,92,access,38.128,0.000,0
sample,idle,2097152,92,unmap,64.191,0.000,0
sample,idle,2097152,92,release,27.424,0.000,0
sample,idle,2097152,93,create,53.423,0.000,0
sample,idle,2097152,93,map,0.608,0.000,0
sample,idle,2097152,93,access,37.632,0.000,0
sample,idle,2097152,93,unmap,62.415,0.000,0
sample,idle,2097152,93,release,26.592,0.000,0
sample,idle,2097152,94,create,52.704,0.000,0
sample,idle,2097152,94,map,0.608,0.000,0
sample,idle,2097152,94,access,37.999,0.000,0
sample,idle,2097152,94,unmap,63.184,0.000,0
sample,idle,2097152,94,release,27.327,0.000,0
sample,idle,2097152,95,create,53.264,0.000,0
sample,idle,2097152,95,map,0.544,0.000,0
sample,idle,2097152,95,access,37.488,0.000,0
sample,idle,2097152,95,unmap,62.448,0.000,0
sample,idle,2097152,95,release,26.512,0.000,0
sample,idle,2097152,96,create,53.215,0.000,0
sample,idle,2097152,96,map,0.528,0.000,0
sample,idle,2097152,96,access,37.728,0.000,0
sample,idle,2097152,96,unmap,64.351,0.000,0
sample,idle,2097152,96,release,29.680,0.000,0
sample,idle,2097152,97,create,53.535,0.000,0
sample,idle,2097152,97,map,0.560,0.000,0
sample,idle,2097152,97,access,37.584,0.000,0
sample,idle,2097152,97,unmap,63.903,0.000,0
sample,idle,2097152,97,release,27.680,0.000,0
sample,idle,2097152,98,create,53.296,0.000,0
sample,idle,2097152,98,map,0.512,0.000,0
sample,idle,2097152,98,access,37.455,0.000,0
sample,idle,2097152,98,unmap,63.984,0.000,0
sample,idle,2097152,98,release,26.959,0.000,0
sample,idle,2097152,99,create,52.752,0.000,0
sample,idle,2097152,99,map,0.544,0.000,0
sample,idle,2097152,99,access,37.584,0.000,0
sample,idle,2097152,99,unmap,62.672,0.000,0
sample,idle,2097152,99,release,26.368,0.000,0
sample,one_block,2097152,0,create,55.840,10.004,1
sample,one_block,2097152,0,map,0.576,10.005,1
sample,one_block,2097152,0,access,40.031,10.005,1
sample,one_block,2097152,0,unmap,62.544,10.007,1
sample,one_block,2097152,0,release,31.120,10.006,1
sample,one_block,2097152,1,create,54.000,10.004,1
sample,one_block,2097152,1,map,0.672,10.004,1
sample,one_block,2097152,1,access,38.784,10.005,1
sample,one_block,2097152,1,unmap,64.111,10.005,1
sample,one_block,2097152,1,release,31.184,10.006,1
sample,one_block,2097152,2,create,54.112,10.004,1
sample,one_block,2097152,2,map,0.608,10.005,1
sample,one_block,2097152,2,access,39.056,10.005,1
sample,one_block,2097152,2,unmap,64.575,10.005,1
sample,one_block,2097152,2,release,31.056,10.006,1
sample,one_block,2097152,3,create,53.792,10.004,1
sample,one_block,2097152,3,map,0.624,10.004,1
sample,one_block,2097152,3,access,38.256,10.005,1
sample,one_block,2097152,3,unmap,62.687,10.006,1
sample,one_block,2097152,3,release,31.119,10.006,1
sample,one_block,2097152,4,create,53.968,10.004,1
sample,one_block,2097152,4,map,0.640,10.004,1
sample,one_block,2097152,4,access,38.592,10.005,1
sample,one_block,2097152,4,unmap,64.143,10.005,1
sample,one_block,2097152,4,release,31.023,10.006,1
sample,one_block,2097152,5,create,53.151,10.004,1
sample,one_block,2097152,5,map,0.624,10.004,1
sample,one_block,2097152,5,access,38.448,10.006,1
sample,one_block,2097152,5,unmap,64.176,10.005,1
sample,one_block,2097152,5,release,31.856,10.006,1
sample,one_block,2097152,6,create,53.663,10.004,1
sample,one_block,2097152,6,map,0.640,10.004,1
sample,one_block,2097152,6,access,38.752,10.005,1
sample,one_block,2097152,6,unmap,62.720,10.006,1
sample,one_block,2097152,6,release,31.056,10.006,1
sample,one_block,2097152,7,create,54.143,10.004,1
sample,one_block,2097152,7,map,0.672,10.004,1
sample,one_block,2097152,7,access,38.703,10.005,1
sample,one_block,2097152,7,unmap,63.584,10.005,1
sample,one_block,2097152,7,release,31.920,10.006,1
sample,one_block,2097152,8,create,53.632,10.004,1
sample,one_block,2097152,8,map,0.640,10.004,1
sample,one_block,2097152,8,access,38.607,10.005,1
sample,one_block,2097152,8,unmap,62.992,10.007,1
sample,one_block,2097152,8,release,31.264,10.006,1
sample,one_block,2097152,9,create,53.328,10.004,1
sample,one_block,2097152,9,map,0.576,10.004,1
sample,one_block,2097152,9,access,37.904,10.005,1
sample,one_block,2097152,9,unmap,65.503,10.005,1
sample,one_block,2097152,9,release,31.984,10.006,1
sample,one_block,2097152,10,create,54.464,10.004,1
sample,one_block,2097152,10,map,0.624,10.003,1
sample,one_block,2097152,10,access,38.368,10.005,1
sample,one_block,2097152,10,unmap,61.151,10.006,1
sample,one_block,2097152,10,release,31.071,10.006,1
sample,one_block,2097152,11,create,53.712,10.004,1
sample,one_block,2097152,11,map,0.624,10.005,1
sample,one_block,2097152,11,access,38.544,10.005,1
sample,one_block,2097152,11,unmap,63.183,10.007,1
sample,one_block,2097152,11,release,31.407,10.006,1
sample,one_block,2097152,12,create,57.200,10.004,1
sample,one_block,2097152,12,map,0.704,10.004,1
sample,one_block,2097152,12,access,39.168,10.005,1
sample,one_block,2097152,12,unmap,63.311,10.005,1
sample,one_block,2097152,12,release,31.232,10.006,1
sample,one_block,2097152,13,create,53.887,10.004,1
sample,one_block,2097152,13,map,0.656,10.004,1
sample,one_block,2097152,13,access,38.368,10.005,1
sample,one_block,2097152,13,unmap,65.440,10.006,1
sample,one_block,2097152,13,release,31.456,10.006,1
sample,one_block,2097152,14,create,53.679,10.004,1
sample,one_block,2097152,14,map,0.592,10.004,1
sample,one_block,2097152,14,access,38.095,10.006,1
sample,one_block,2097152,14,unmap,253.566,10.006,1
sample,one_block,2097152,14,release,31.472,10.006,1
sample,one_block,2097152,15,create,53.615,10.004,1
sample,one_block,2097152,15,map,0.752,10.004,1
sample,one_block,2097152,15,access,38.815,10.005,1
sample,one_block,2097152,15,unmap,64.048,10.006,1
sample,one_block,2097152,15,release,31.104,10.006,1
sample,one_block,2097152,16,create,53.664,10.004,1
sample,one_block,2097152,16,map,0.672,10.004,1
sample,one_block,2097152,16,access,38.207,10.006,1
sample,one_block,2097152,16,unmap,63.344,10.006,1
sample,one_block,2097152,16,release,30.992,10.006,1
sample,one_block,2097152,17,create,53.552,10.004,1
sample,one_block,2097152,17,map,0.704,10.004,1
sample,one_block,2097152,17,access,38.016,10.005,1
sample,one_block,2097152,17,unmap,64.223,10.006,1
sample,one_block,2097152,17,release,30.880,10.006,1
sample,one_block,2097152,18,create,53.536,10.004,1
sample,one_block,2097152,18,map,0.624,10.004,1
sample,one_block,2097152,18,access,37.696,10.005,1
sample,one_block,2097152,18,unmap,61.663,10.006,1
sample,one_block,2097152,18,release,30.495,10.006,1
sample,one_block,2097152,19,create,53.231,10.004,1
sample,one_block,2097152,19,map,0.656,10.004,1
sample,one_block,2097152,19,access,37.968,10.005,1
sample,one_block,2097152,19,unmap,63.040,10.007,1
sample,one_block,2097152,19,release,31.616,10.006,1
sample,one_block,2097152,20,create,54.015,10.004,1
sample,one_block,2097152,20,map,0.640,10.004,1
sample,one_block,2097152,20,access,38.735,10.005,1
sample,one_block,2097152,20,unmap,62.016,10.005,1
sample,one_block,2097152,20,release,31.440,10.006,1
sample,one_block,2097152,21,create,56.032,10.004,1
sample,one_block,2097152,21,map,0.624,10.004,1
sample,one_block,2097152,21,access,38.624,10.005,1
sample,one_block,2097152,21,unmap,66.063,10.005,1
sample,one_block,2097152,21,release,31.712,10.006,1
sample,one_block,2097152,22,create,53.536,10.004,1
sample,one_block,2097152,22,map,0.608,10.004,1
sample,one_block,2097152,22,access,38.272,10.005,1
sample,one_block,2097152,22,unmap,62.223,10.005,1
sample,one_block,2097152,22,release,31.055,10.006,1
sample,one_block,2097152,23,create,53.919,10.004,1
sample,one_block,2097152,23,map,0.592,10.004,1
sample,one_block,2097152,23,access,38.784,10.005,1
sample,one_block,2097152,23,unmap,64.207,10.005,1
sample,one_block,2097152,23,release,31.152,10.006,1
sample,one_block,2097152,24,create,54.351,10.004,1
sample,one_block,2097152,24,map,0.688,10.004,1
sample,one_block,2097152,24,access,39.071,10.004,1
sample,one_block,2097152,24,unmap,61.056,10.006,1
sample,one_block,2097152,24,release,30.944,10.006,1
sample,one_block,2097152,25,create,54.048,10.004,1
sample,one_block,2097152,25,map,0.640,10.004,1
sample,one_block,2097152,25,access,38.448,10.004,1
sample,one_block,2097152,25,unmap,64.111,10.007,1
sample,one_block,2097152,25,release,31.696,10.006,1
sample,one_block,2097152,26,create,54.480,10.004,1
sample,one_block,2097152,26,map,0.736,10.004,1
sample,one_block,2097152,26,access,39.056,10.005,1
sample,one_block,2097152,26,unmap,61.151,10.007,1
sample,one_block,2097152,26,release,31.087,10.006,1
sample,one_block,2097152,27,create,54.512,10.004,1
sample,one_block,2097152,27,map,0.672,10.004,1
sample,one_block,2097152,27,access,38.896,10.005,1
sample,one_block,2097152,27,unmap,65.839,10.005,1
sample,one_block,2097152,27,release,30.944,10.006,1
sample,one_block,2097152,28,create,53.519,10.004,1
sample,one_block,2097152,28,map,0.592,10.004,1
sample,one_block,2097152,28,access,38.751,10.005,1
sample,one_block,2097152,28,unmap,62.160,10.007,1
sample,one_block,2097152,28,release,32.688,10.006,1
sample,one_block,2097152,29,create,55.615,10.004,1
sample,one_block,2097152,29,map,0.720,10.004,1
sample,one_block,2097152,29,access,38.655,10.005,1
sample,one_block,2097152,29,unmap,63.472,10.005,1
sample,one_block,2097152,29,release,31.280,10.006,1
sample,sm_count_blocks,2097152,0,create,54.096,10.004,1
sample,sm_count_blocks,2097152,0,map,0.704,10.004,1
sample,sm_count_blocks,2097152,0,access,38.320,10.005,1
sample,sm_count_blocks,2097152,0,unmap,63.231,10.005,1
sample,sm_count_blocks,2097152,0,release,31.087,10.006,1
sample,sm_count_blocks,2097152,1,create,53.712,10.004,1
sample,sm_count_blocks,2097152,1,map,0.656,10.004,1
sample,sm_count_blocks,2097152,1,access,38.832,10.005,1
sample,sm_count_blocks,2097152,1,unmap,60.895,10.006,1
sample,sm_count_blocks,2097152,1,release,30.896,10.006,1
sample,sm_count_blocks,2097152,2,create,53.919,10.004,1
sample,sm_count_blocks,2097152,2,map,0.640,10.004,1
sample,sm_count_blocks,2097152,2,access,38.431,10.005,1
sample,sm_count_blocks,2097152,2,unmap,63.024,10.005,1
sample,sm_count_blocks,2097152,2,release,31.056,10.006,1
sample,sm_count_blocks,2097152,3,create,53.840,10.004,1
sample,sm_count_blocks,2097152,3,map,0.656,10.004,1
sample,sm_count_blocks,2097152,3,access,38.960,10.005,1
sample,sm_count_blocks,2097152,3,unmap,63.519,10.007,1
sample,sm_count_blocks,2097152,3,release,29.696,10.008,1
sample,sm_count_blocks,2097152,4,create,53.680,10.004,1
sample,sm_count_blocks,2097152,4,map,0.656,10.004,1
sample,sm_count_blocks,2097152,4,access,38.272,10.005,1
sample,sm_count_blocks,2097152,4,unmap,62.159,10.005,1
sample,sm_count_blocks,2097152,4,release,31.264,10.006,1
sample,sm_count_blocks,2097152,5,create,53.359,10.004,1
sample,sm_count_blocks,2097152,5,map,0.656,10.004,1
sample,sm_count_blocks,2097152,5,access,38.607,10.005,1
sample,sm_count_blocks,2097152,5,unmap,62.112,10.005,1
sample,sm_count_blocks,2097152,5,release,31.328,10.006,1
sample,sm_count_blocks,2097152,6,create,53.504,10.004,1
sample,sm_count_blocks,2097152,6,map,0.752,10.004,1
sample,sm_count_blocks,2097152,6,access,38.512,10.006,1
sample,sm_count_blocks,2097152,6,unmap,65.023,10.006,1
sample,sm_count_blocks,2097152,6,release,30.831,10.006,1
sample,sm_count_blocks,2097152,7,create,53.887,10.004,1
sample,sm_count_blocks,2097152,7,map,0.704,10.004,1
sample,sm_count_blocks,2097152,7,access,38.656,10.005,1
sample,sm_count_blocks,2097152,7,unmap,64.847,10.007,1
sample,sm_count_blocks,2097152,7,release,31.920,10.006,1
sample,sm_count_blocks,2097152,8,create,55.391,10.004,1
sample,sm_count_blocks,2097152,8,map,0.576,10.004,1
sample,sm_count_blocks,2097152,8,access,38.207,10.005,1
sample,sm_count_blocks,2097152,8,unmap,63.920,10.005,1
sample,sm_count_blocks,2097152,8,release,31.344,10.006,1
sample,sm_count_blocks,2097152,9,create,53.744,10.006,1
sample,sm_count_blocks,2097152,9,map,0.576,10.004,1
sample,sm_count_blocks,2097152,9,access,38.432,10.005,1
sample,sm_count_blocks,2097152,9,unmap,64.703,10.006,1
sample,sm_count_blocks,2097152,9,release,30.591,10.006,1
sample,sm_count_blocks,2097152,10,create,53.344,10.004,1
sample,sm_count_blocks,2097152,10,map,0.640,10.004,1
sample,sm_count_blocks,2097152,10,access,38.592,10.005,1
sample,sm_count_blocks,2097152,10,unmap,64.319,10.006,1
sample,sm_count_blocks,2097152,10,release,31.136,10.006,1
sample,sm_count_blocks,2097152,11,create,53.743,10.004,1
sample,sm_count_blocks,2097152,11,map,0.640,10.004,1
sample,sm_count_blocks,2097152,11,access,39.087,10.005,1
sample,sm_count_blocks,2097152,11,unmap,61.232,10.005,1
sample,sm_count_blocks,2097152,11,release,31.696,10.006,1
sample,sm_count_blocks,2097152,12,create,54.144,10.006,1
sample,sm_count_blocks,2097152,12,map,0.704,10.004,1
sample,sm_count_blocks,2097152,12,access,38.576,10.004,1
sample,sm_count_blocks,2097152,12,unmap,64.255,10.006,1
sample,sm_count_blocks,2097152,12,release,30.719,10.006,1
sample,sm_count_blocks,2097152,13,create,54.240,10.004,1
sample,sm_count_blocks,2097152,13,map,0.576,10.004,1
sample,sm_count_blocks,2097152,13,access,38.112,10.006,1
sample,sm_count_blocks,2097152,13,unmap,63.295,10.006,1
sample,sm_count_blocks,2097152,13,release,30.144,10.006,1
sample,sm_count_blocks,2097152,14,create,53.615,10.004,1
sample,sm_count_blocks,2097152,14,map,0.624,10.004,1
sample,sm_count_blocks,2097152,14,access,38.159,10.005,1
sample,sm_count_blocks,2097152,14,unmap,62.976,10.006,1
sample,sm_count_blocks,2097152,14,release,30.128,10.006,1
sample,sm_count_blocks,2097152,15,create,53.760,10.004,1
sample,sm_count_blocks,2097152,15,map,0.544,10.004,1
sample,sm_count_blocks,2097152,15,access,38.272,10.005,1
sample,sm_count_blocks,2097152,15,unmap,74.255,10.006,1
sample,sm_count_blocks,2097152,15,release,30.815,10.006,1
sample,sm_count_blocks,2097152,16,create,53.552,10.004,1
sample,sm_count_blocks,2097152,16,map,0.656,10.004,1
sample,sm_count_blocks,2097152,16,access,37.872,10.005,1
sample,sm_count_blocks,2097152,16,unmap,61.951,10.005,1
sample,sm_count_blocks,2097152,16,release,30.576,10.006,1
sample,sm_count_blocks,2097152,17,create,53.759,10.004,1
sample,sm_count_blocks,2097152,17,map,0.576,10.004,1
sample,sm_count_blocks,2097152,17,access,38.095,10.005,1
sample,sm_count_blocks,2097152,17,unmap,61.168,10.005,1
sample,sm_count_blocks,2097152,17,release,31.264,10.006,1
sample,sm_count_blocks,2097152,18,create,54.224,10.004,1
sample,sm_count_blocks,2097152,18,map,0.672,10.004,1
sample,sm_count_blocks,2097152,18,access,38.464,10.005,1
sample,sm_count_blocks,2097152,18,unmap,62.991,10.006,1
sample,sm_count_blocks,2097152,18,release,31.103,10.006,1
sample,sm_count_blocks,2097152,19,create,53.711,10.004,1
sample,sm_count_blocks,2097152,19,map,0.640,10.004,1
sample,sm_count_blocks,2097152,19,access,38.576,10.005,1
sample,sm_count_blocks,2097152,19,unmap,62.544,10.005,1
sample,sm_count_blocks,2097152,19,release,30.944,10.006,1
sample,sm_count_blocks,2097152,20,create,53.263,10.004,1
sample,sm_count_blocks,2097152,20,map,0.624,10.004,1
sample,sm_count_blocks,2097152,20,access,38.271,10.005,1
sample,sm_count_blocks,2097152,20,unmap,61.808,10.005,1
sample,sm_count_blocks,2097152,20,release,30.768,10.006,1
sample,sm_count_blocks,2097152,21,create,53.552,10.004,1
sample,sm_count_blocks,2097152,21,map,0.624,10.004,1
sample,sm_count_blocks,2097152,21,access,38.064,10.006,1
sample,sm_count_blocks,2097152,21,unmap,62.399,10.006,1
sample,sm_count_blocks,2097152,21,release,30.431,10.006,1
sample,sm_count_blocks,2097152,22,create,55.503,10.004,1
sample,sm_count_blocks,2097152,22,map,0.592,10.004,1
sample,sm_count_blocks,2097152,22,access,40.336,10.005,1
sample,sm_count_blocks,2097152,22,unmap,63.568,10.005,1
sample,sm_count_blocks,2097152,22,release,30.512,10.006,1
sample,sm_count_blocks,2097152,23,create,53.520,10.004,1
sample,sm_count_blocks,2097152,23,map,0.688,10.004,1
sample,sm_count_blocks,2097152,23,access,38.448,10.005,1
sample,sm_count_blocks,2097152,23,unmap,62.863,10.005,1
sample,sm_count_blocks,2097152,23,release,30.783,10.006,1
sample,sm_count_blocks,2097152,24,create,53.599,10.004,1
sample,sm_count_blocks,2097152,24,map,0.608,10.004,1
sample,sm_count_blocks,2097152,24,access,37.824,10.005,1
sample,sm_count_blocks,2097152,24,unmap,63.744,10.006,1
sample,sm_count_blocks,2097152,24,release,30.768,10.006,1
sample,sm_count_blocks,2097152,25,create,53.408,10.004,1
sample,sm_count_blocks,2097152,25,map,0.576,10.004,1
sample,sm_count_blocks,2097152,25,access,38.176,10.005,1
sample,sm_count_blocks,2097152,25,unmap,63.247,10.005,1
sample,sm_count_blocks,2097152,25,release,31.119,10.006,1
sample,sm_count_blocks,2097152,26,create,53.632,10.004,1
sample,sm_count_blocks,2097152,26,map,0.640,10.004,1
sample,sm_count_blocks,2097152,26,access,38.544,10.005,1
sample,sm_count_blocks,2097152,26,unmap,65.056,10.005,1
sample,sm_count_blocks,2097152,26,release,30.736,10.006,1
sample,sm_count_blocks,2097152,27,create,52.991,10.004,1
sample,sm_count_blocks,2097152,27,map,0.608,10.004,1
sample,sm_count_blocks,2097152,27,access,38.208,10.005,1
sample,sm_count_blocks,2097152,27,unmap,61.247,10.006,1
sample,sm_count_blocks,2097152,27,release,31.039,10.006,1
sample,sm_count_blocks,2097152,28,create,53.216,10.004,1
sample,sm_count_blocks,2097152,28,map,0.688,10.004,1
sample,sm_count_blocks,2097152,28,access,38.560,10.005,1
sample,sm_count_blocks,2097152,28,unmap,65.088,10.005,1
sample,sm_count_blocks,2097152,28,release,30.736,10.006,1
sample,sm_count_blocks,2097152,29,create,53.663,10.004,1
sample,sm_count_blocks,2097152,29,map,0.576,10.004,1
sample,sm_count_blocks,2097152,29,access,38.847,10.005,1
sample,sm_count_blocks,2097152,29,unmap,63.327,10.005,1
sample,sm_count_blocks,2097152,29,release,31.664,10.006,1
sample,idle,8388608,0,create,197.455,0.000,0
sample,idle,8388608,0,map,1.232,0.000,0
sample,idle,8388608,0,access,80.143,0.000,0
sample,idle,8388608,0,unmap,159.502,0.000,0
sample,idle,8388608,0,release,45.872,0.000,0
sample,idle,8388608,1,create,198.670,0.000,0
sample,idle,8388608,1,map,1.264,0.000,0
sample,idle,8388608,1,access,82.672,0.000,0
sample,idle,8388608,1,unmap,154.367,0.000,0
sample,idle,8388608,1,release,46.016,0.000,0
sample,idle,8388608,2,create,197.854,0.000,0
sample,idle,8388608,2,map,1.376,0.000,0
sample,idle,8388608,2,access,83.023,0.000,0
sample,idle,8388608,2,unmap,157.551,0.000,0
sample,idle,8388608,2,release,46.255,0.000,0
sample,idle,8388608,3,create,197.695,0.000,0
sample,idle,8388608,3,map,1.648,0.000,0
sample,idle,8388608,3,access,83.279,0.000,0
sample,idle,8388608,3,unmap,152.894,0.000,0
sample,idle,8388608,3,release,46.688,0.000,0
sample,idle,8388608,4,create,197.502,0.000,0
sample,idle,8388608,4,map,1.328,0.000,0
sample,idle,8388608,4,access,83.583,0.000,0
sample,idle,8388608,4,unmap,160.591,0.000,0
sample,idle,8388608,4,release,46.895,0.000,0
sample,idle,8388608,5,create,196.863,0.000,0
sample,idle,8388608,5,map,1.424,0.000,0
sample,idle,8388608,5,access,87.231,0.000,0
sample,idle,8388608,5,unmap,156.542,0.000,0
sample,idle,8388608,5,release,46.576,0.000,0
sample,idle,8388608,6,create,196.302,0.000,0
sample,idle,8388608,6,map,1.328,0.000,0
sample,idle,8388608,6,access,80.176,0.000,0
sample,idle,8388608,6,unmap,157.039,0.000,0
sample,idle,8388608,6,release,45.760,0.000,0
sample,idle,8388608,7,create,203.326,0.000,0
sample,idle,8388608,7,map,1.376,0.000,0
sample,idle,8388608,7,access,81.759,0.000,0
sample,idle,8388608,7,unmap,153.663,0.000,0
sample,idle,8388608,7,release,46.847,0.000,0
sample,idle,8388608,8,create,196.046,0.000,0
sample,idle,8388608,8,map,1.312,0.000,0
sample,idle,8388608,8,access,84.000,0.000,0
sample,idle,8388608,8,unmap,156.783,0.000,0
sample,idle,8388608,8,release,47.696,0.000,0
sample,idle,8388608,9,create,203.310,0.000,0
sample,idle,8388608,9,map,1.488,0.000,0
sample,idle,8388608,9,access,82.607,0.000,0
sample,idle,8388608,9,unmap,155.951,0.000,0
sample,idle,8388608,9,release,46.591,0.000,0
sample,idle,8388608,10,create,197.567,0.000,0
sample,idle,8388608,10,map,1.232,0.000,0
sample,idle,8388608,10,access,82.687,0.000,0
sample,idle,8388608,10,unmap,159.422,0.000,0
sample,idle,8388608,10,release,46.656,0.000,0
sample,idle,8388608,11,create,203.390,0.000,0
sample,idle,8388608,11,map,1.408,0.000,0
sample,idle,8388608,11,access,80.575,0.000,0
sample,idle,8388608,11,unmap,155.359,0.000,0
sample,idle,8388608,11,release,46.127,0.000,0
sample,idle,8388608,12,create,195.263,0.000,0
sample,idle,8388608,12,map,1.120,0.000,0
sample,idle,8388608,12,access,80.895,0.000,0
sample,idle,8388608,12,unmap,156.062,0.000,0
sample,idle,8388608,12,release,45.696,0.000,0
sample,idle,8388608,13,create,202.286,0.000,0
sample,idle,8388608,13,map,1.408,0.000,0
sample,idle,8388608,13,access,82.719,0.000,0
sample,idle,8388608,13,unmap,153.759,0.000,0
sample,idle,8388608,13,release,45.631,0.000,0
sample,idle,8388608,14,create,196.847,0.000,0
sample,idle,8388608,14,map,1.184,0.000,0
sample,idle,8388608,14,access,81.407,0.000,0
sample,idle,8388608,14,unmap,157.006,0.000,0
sample,idle,8388608,14,release,51.904,0.000,0
sample,idle,8388608,15,create,197.198,0.000,0
sample,idle,8388608,15,map,1.296,0.000,0
sample,idle,8388608,15,access,81.744,0.000,0
sample,idle,8388608,15,unmap,152.591,0.000,0
sample,idle,8388608,15,release,46.864,0.000,0
sample,idle,8388608,16,create,195.678,0.000,0
sample,idle,8388608,16,map,0.976,0.000,0
sample,idle,8388608,16,access,83.615,0.000,0
sample,idle,8388608,16,unmap,155.935,0.000,0
sample,idle,8388608,16,release,50.735,0.000,0
sample,idle,8388608,17,create,199.599,0.000,0
sample,idle,8388608,17,map,1.328,0.000,0
sample,idle,8388608,17,access,82.095,0.000,0
sample,idle,8388608,17,unmap,156.510,0.000,0
sample,idle,8388608,17,release,47.376,0.000,0
sample,idle,8388608,18,create,197.534,0.000,0
sample,idle,8388608,18,map,1.040,0.000,0
sample,idle,8388608,18,access,81.695,0.000,0
sample,idle,8388608,18,unmap,163.135,0.000,0
sample,idle,8388608,18,release,44.703,0.000,0
sample,idle,8388608,19,create,197.151,0.000,0
sample,idle,8388608,19,map,1.312,0.000,0
sample,idle,8388608,19,access,81.871,0.000,0
sample,idle,8388608,19,unmap,156.238,0.000,0
sample,idle,8388608,19,release,46.416,0.000,0
sample,idle,8388608,20,create,195.646,0.000,0
sample,idle,8388608,20,map,1.152,0.000,0
sample,idle,8388608,20,access,82.416,0.000,0
sample,idle,8388608,20,unmap,157.839,0.000,0
sample,idle,8388608,20,release,49.616,0.000,0
sample,idle,8388608,21,create,197.118,0.000,0
sample,idle,8388608,21,map,1.104,0.000,0
sample,idle,8388608,21,access,81.327,0.000,0
sample,idle,8388608,21,unmap,155.231,0.000,0
sample,idle,8388608,21,release,47.103,0.000,0
sample,idle,8388608,22,create,195.486,0.000,0
sample,idle,8388608,22,map,1.088,0.000,0
sample,idle,8388608,22,access,81.568,0.000,0
sample,idle,8388608,22,unmap,160.399,0.000,0
sample,idle,8388608,22,release,45.120,0.000,0
sample,idle,8388608,23,create,196.878,0.000,0
sample,idle,8388608,23,map,1.264,0.000,0
sample,idle,8388608,23,access,80.527,0.000,0
sample,idle,8388608,23,unmap,152.863,0.000,0
sample,idle,8388608,23,release,45.615,0.000,0
sample,idle,8388608,24,create,196.063,0.000,0
sample,idle,8388608,24,map,1.264,0.000,0
sample,idle,8388608,24,access,82.143,0.000,0
sample,idle,8388608,24,unmap,156.894,0.000,0
sample,idle,8388608,24,release,45.536,0.000,0
sample,idle,8388608,25,create,196.286,0.000,0
sample,idle,8388608,25,map,1.568,0.000,0
sample,idle,8388608,25,access,82.032,0.000,0
sample,idle,8388608,25,unmap,154.783,0.000,0
sample,idle,8388608,25,release,47.232,0.000,0
sample,idle,8388608,26,create,196.222,0.000,0
sample,idle,8388608,26,map,1.184,0.000,0
sample,idle,8388608,26,access,81.263,0.000,0
sample,idle,8388608,26,unmap,157.007,0.000,0
sample,idle,8388608,26,release,47.423,0.000,0
sample,idle,8388608,27,create,197.247,0.000,0
sample,idle,8388608,27,map,1.408,0.000,0
sample,idle,8388608,27,access,80.816,0.000,0
sample,idle,8388608,27,unmap,154.654,0.000,0
sample,idle,8388608,27,release,47.456,0.000,0
sample,idle,8388608,28,create,196.558,0.000,0
sample,idle,8388608,28,map,1.296,0.000,0
sample,idle,8388608,28,access,81.631,0.000,0
sample,idle,8388608,28,unmap,156.655,0.000,0
sample,idle,8388608,28,release,46.479,0.000,0
sample,idle,8388608,29,create,197.983,0.000,0
sample,idle,8388608,29,map,1.456,0.000,0
sample,idle,8388608,29,access,80.687,0.000,0
sample,idle,8388608,29,unmap,154.398,0.000,0
sample,idle,8388608,29,release,48.144,0.000,0
sample,idle,8388608,30,create,196.814,0.000,0
sample,idle,8388608,30,map,1.136,0.000,0
sample,idle,8388608,30,access,81.648,0.000,0
sample,idle,8388608,30,unmap,157.967,0.000,0
sample,idle,8388608,30,release,45.248,0.000,0
sample,idle,8388608,31,create,196.910,0.000,0
sample,idle,8388608,31,map,1.376,0.000,0
sample,idle,8388608,31,access,80.559,0.000,0
sample,idle,8388608,31,unmap,154.446,0.000,0
sample,idle,8388608,31,release,47.232,0.000,0
sample,idle,8388608,32,create,201.326,0.000,0
sample,idle,8388608,32,map,1.296,0.000,0
sample,idle,8388608,32,access,80.992,0.000,0
sample,idle,8388608,32,unmap,159.407,0.000,0
sample,idle,8388608,32,release,45.440,0.000,0
sample,idle,8388608,33,create,197.118,0.000,0
sample,idle,8388608,33,map,1.424,0.000,0
sample,idle,8388608,33,access,81.535,0.000,0
sample,idle,8388608,33,unmap,154.447,0.000,0
sample,idle,8388608,33,release,46.655,0.000,0
sample,idle,8388608,34,create,202.062,0.000,0
sample,idle,8388608,34,map,1.184,0.000,0
sample,idle,8388608,34,access,80.352,0.000,0
sample,idle,8388608,34,unmap,155.374,0.000,0
sample,idle,8388608,34,release,45.696,0.000,0
sample,idle,8388608,35,create,196.350,0.000,0
sample,idle,8388608,35,map,1.088,0.000,0
sample,idle,8388608,35,access,79.967,0.000,0
sample,idle,8388608,35,unmap,153.551,0.000,0
sample,idle,8388608,35,release,45.695,0.000,0
sample,idle,8388608,36,create,201.407,0.000,0
sample,idle,8388608,36,map,1.312,0.000,0
sample,idle,8388608,36,access,77.167,0.000,0
sample,idle,8388608,36,unmap,156.063,0.000,0
sample,idle,8388608,36,release,44.927,0.000,0
sample,idle,8388608,37,create,196.542,0.000,0
sample,idle,8388608,37,map,1.392,0.000,0
sample,idle,8388608,37,access,81.088,0.000,0
sample,idle,8388608,37,unmap,154.575,0.000,0
sample,idle,8388608,37,release,46.112,0.000,0
sample,idle,8388608,38,create,202.558,0.000,0
sample,idle,8388608,38,map,1.296,0.000,0
sample,idle,8388608,38,access,79.295,0.000,0
sample,idle,8388608,38,unmap,156.655,0.000,0
sample,idle,8388608,38,release,43.599,0.000,0
sample,idle,8388608,39,create,197.071,0.000,0
sample,idle,8388608,39,map,1.200,0.000,0
sample,idle,8388608,39,access,77.807,0.000,0
sample,idle,8388608,39,unmap,150.750,0.000,0
sample,idle,8388608,39,release,46.960,0.000,0
sample,idle,8388608,40,create,202.670,0.000,0
sample,idle,8388608,40,map,1.168,0.000,0
sample,idle,8388608,40,access,81.168,0.000,0
sample,idle,8388608,40,unmap,152.383,0.000,0
sample,idle,8388608,40,release,44.544,0.000,0
sample,idle,8388608,41,create,197.230,0.000,0
sample,idle,8388608,41,map,1.280,0.000,0
sample,idle,8388608,41,access,81.663,0.000,0
sample,idle,8388608,41,unmap,156.447,0.000,0
sample,idle,8388608,41,release,48.255,0.000,0
sample,idle,8388608,42,create,200.543,0.000,0
sample,idle,8388608,42,map,0.960,0.000,0
sample,idle,8388608,42,access,80.159,0.000,0
sample,idle,8388608,42,unmap,156.990,0.000,0
sample,idle,8388608,42,release,46.128,0.000,0
sample,idle,8388608,43,create,196.222,0.000,0
sample,idle,8388608,43,map,1.392,0.000,0
sample,idle,8388608,43,access,74.912,0.000,0
sample,idle,8388608,43,unmap,144.239,0.000,0
sample,idle,8388608,43,release,49.792,0.000,0
sample,idle,8388608,44,create,195.070,0.000,0
sample,idle,8388608,44,map,1.216,0.000,0
sample,idle,8388608,44,access,75.599,0.000,0
sample,idle,8388608,44,unmap,149.519,0.000,0
sample,idle,8388608,44,release,45.023,0.000,0
sample,idle,8388608,45,create,197.055,0.000,0
sample,idle,8388608,45,map,1.136,0.000,0
sample,idle,8388608,45,access,75.039,0.000,0
sample,idle,8388608,45,unmap,149.966,0.000,0
sample,idle,8388608,45,release,49.600,0.000,0
sample,idle,8388608,46,create,195.502,0.000,0
sample,idle,8388608,46,map,1.200,0.000,0
sample,idle,8388608,46,access,74.464,0.000,0
sample,idle,8388608,46,unmap,149.135,0.000,0
sample,idle,8388608,46,release,45.632,0.000,0
sample,idle,8388608,47,create,196.574,0.000,0
sample,idle,8388608,47,map,1.264,0.000,0
sample,idle,8388608,47,access,73.967,0.000,0
sample,idle,8388608,47,unmap,148.079,0.000,0
sample,idle,8388608,47,release,49.983,0.000,0
sample,idle,8388608,48,create,195.471,0.000,0
sample,idle,8388608,48,map,1.120,0.000,0
sample,idle,8388608,48,access,74.815,0.000,0
sample,idle,8388608,48,unmap,159.631,0.000,0
sample,idle,8388608,48,release,44.927,0.000,0
sample,idle,8388608,49,create,196.543,0.000,0
sample,idle,8388608,49,map,1.264,0.000,0
sample,idle,8388608,49,access,80.255,0.000,0
sample,idle,8388608,49,unmap,156.814,0.000,0
sample,idle,8388608,49,release,52.992,0.000,0
sample,idle,8388608,50,create,196.318,0.000,0
sample,idle,8388608,50,map,1.184,0.000,0
sample,idle,8388608,50,access,110.639,0.000,0
sample,idle,8388608,50,unmap,161.070,0.000,0
sample,idle,8388608,50,release,49.456,0.000,0
sample,idle,8388608,51,create,197.150,0.000,0
sample,idle,8388608,51,map,1.280,0.000,0
sample,idle,8388608,51,access,131.759,0.000,0
sample,idle,8388608,51,unmap,259.262,0.000,0
sample,idle,8388608,51,release,56.112,0.000,0
sample,idle,8388608,52,create,195.070,0.000,0
sample,idle,8388608,52,map,1.520,0.000,0
sample,idle,8388608,52,access,130.671,0.000,0
sample,idle,8388608,52,unmap,161.630,0.000,0
sample,idle,8388608,52,release,49.440,0.000,0
sample,idle,8388608,53,create,200.974,0.000,0
sample,idle,8388608,53,map,1.440,0.000,0
sample,idle,8388608,53,access,82.063,0.000,0
sample,idle,8388608,53,unmap,156.799,0.000,0
sample,idle,8388608,53,release,47.631,0.000,0
sample,idle,8388608,54,create,194.607,0.000,0
sample,idle,8388608,54,map,0.928,0.000,0
sample,idle,8388608,54,access,81.183,0.000,0
sample,idle,8388608,54,unmap,216.494,0.000,0
sample,idle,8388608,54,release,107.583,0.000,0
sample,idle,8388608,55,create,196.542,0.000,0
sample,idle,8388608,55,map,1.216,0.000,0
sample,idle,8388608,55,access,85.760,0.000,0
sample,idle,8388608,55,unmap,158.575,0.000,0
sample,idle,8388608,55,release,46.352,0.000,0
sample,idle,8388608,56,create,195.502,0.000,0
sample,idle,8388608,56,map,1.184,0.000,0
sample,idle,8388608,56,access,96.527,0.000,0
sample,idle,8388608,56,unmap,179.022,0.000,0
sample,idle,8388608,56,release,67.648,0.000,0
sample,idle,8388608,57,create,196.798,0.000,0
sample,idle,8388608,57,map,1.264,0.000,0
sample,idle,8388608,57,access,80.895,0.000,0
sample,idle,8388608,57,unmap,154.015,0.000,0
sample,idle,8388608,57,release,45.615,0.000,0
sample,idle,8388608,58,create,196.014,0.000,0
sample,idle,8388608,58,map,0.992,0.000,0
sample,idle,8388608,58,access,82.032,0.000,0
sample,idle,8388608,58,unmap,159.119,0.000,0
sample,idle,8388608,58,release,44.768,0.000,0
sample,idle,8388608,59,create,195.582,0.000,0
sample,idle,8388608,59,map,1.312,0.000,0
sample,idle,8388608,59,access,81.743,0.000,0
sample,idle,8388608,59,unmap,153.311,0.000,0
sample,idle,8388608,59,release,47.775,0.000,0
sample,idle,8388608,60,create,195.487,0.000,0
sample,idle,8388608,60,map,1.152,0.000,0
sample,idle,8388608,60,access,85.343,0.000,0
sample,idle,8388608,60,unmap,156.686,0.000,0
sample,idle,8388608,60,release,47.024,0.000,0
sample,idle,8388608,61,create,196.094,0.000,0
sample,idle,8388608,61,map,1.408,0.000,0
sample,idle,8388608,61,access,81.840,0.000,0
sample,idle,8388608,61,unmap,154.687,0.000,0
sample,idle,8388608,61,release,47.760,0.000,0
sample,idle,8388608,62,create,195.150,0.000,0
sample,idle,8388608,62,map,1.152,0.000,0
sample,idle,8388608,62,access,81.967,0.000,0
sample,idle,8388608,62,unmap,154.335,0.000,0
sample,idle,8388608,62,release,46.575,0.000,0
sample,idle,8388608,63,create,197.343,0.000,0
sample,idle,8388608,63,map,1.200,0.000,0
sample,idle,8388608,63,access,81.104,0.000,0
sample,idle,8388608,63,unmap,153.630,0.000,0
sample,idle,8388608,63,release,47.408,0.000,0
sample,idle,8388608,64,create,200.606,0.000,0
sample,idle,8388608,64,map,1.216,0.000,0
sample,idle,8388608,64,access,80.495,0.000,0
sample,idle,8388608,64,unmap,157.151,0.000,0
sample,idle,8388608,64,release,46.143,0.000,0
sample,idle,8388608,65,create,196.575,0.000,0
sample,idle,8388608,65,map,1.264,0.000,0
sample,idle,8388608,65,access,82.239,0.000,0
sample,idle,8388608,65,unmap,154.446,0.000,0
sample,idle,8388608,65,release,50.064,0.000,0
sample,idle,8388608,66,create,201.582,0.000,0
sample,idle,8388608,66,map,1.168,0.000,0
sample,idle,8388608,66,access,79.920,0.000,0
sample,idle,8388608,66,unmap,154.959,0.000,0
sample,idle,8388608,66,release,46.512,0.000,0
sample,idle,8388608,67,create,196.030,0.000,0
sample,idle,8388608,67,map,1.424,0.000,0
sample,idle,8388608,67,access,81.967,0.000,0
sample,idle,8388608,67,unmap,152.687,0.000,0
sample,idle,8388608,67,release,47.727,0.000,0
sample,idle,8388608,68,create,200.319,0.000,0
sample,idle,8388608,68,map,1.392,0.000,0
sample,idle,8388608,68,access,81.136,0.000,0
sample,idle,8388608,68,unmap,155.487,0.000,0
sample,idle,8388608,68,release,47.088,0.000,0
sample,idle,8388608,69,create,195.582,0.000,0
sample,idle,8388608,69,map,1.328,0.000,0
sample,idle,8388608,69,access,81.119,0.000,0
sample,idle,8388608,69,unmap,153.951,0.000,0
sample,idle,8388608,69,release,46.367,0.000,0
sample,idle,8388608,70,create,201.151,0.000,0
sample,idle,8388608,70,map,1.104,0.000,0
sample,idle,8388608,70,access,79.471,0.000,0
sample,idle,8388608,70,unmap,158.574,0.000,0
sample,idle,8388608,70,release,45.776,0.000,0
sample,idle,8388608,71,create,196.510,0.000,0
sample,idle,8388608,71,map,1.488,0.000,0
sample,idle,8388608,71,access,81.184,0.000,0
sample,idle,8388608,71,unmap,152.703,0.000,0
sample,idle,8388608,71,release,47.183,0.000,0
sample,idle,8388608,72,create,201.055,0.000,0
sample,idle,8388608,72,map,1.136,0.000,0
sample,idle,8388608,72,access,80.511,0.000,0
sample,idle,8388608,72,unmap,156.671,0.000,0
sample,idle,8388608,72,release,46.784,0.000,0
sample,idle,8388608,73,create,197.102,0.000,0
sample,idle,8388608,73,map,1.168,0.000,0
sample,idle,8388608,73,access,81.040,0.000,0
sample,idle,8388608,73,unmap,154.367,0.000,0
sample,idle,8388608,73,release,47.072,0.000,0
sample,idle,8388608,74,create,200.270,0.000,0
sample,idle,8388608,74,map,1.168,0.000,0
sample,idle,8388608,74,access,78.207,0.000,0
sample,idle,8388608,74,unmap,157.551,0.000,0
sample,idle,8388608,74,release,46.863,0.000,0
sample,idle,8388608,75,create,195.663,0.000,0
sample,idle,8388608,75,map,1.296,0.000,0
sample,idle,8388608,75,access,80.799,0.000,0
sample,idle,8388608,75,unmap,151.006,0.000,0
sample,idle,8388608,75,release,52.832,0.000,0
sample,idle,8388608,76,create,195.534,0.000,0
sample,idle,8388608,76,map,0.928,0.000,0
sample,idle,8388608,76,access,78.432,0.000,0
sample,idle,8388608,76,unmap,156.767,0.000,0
sample,idle,8388608,76,release,44.432,0.000,0
sample,idle,8388608,77,create,196.766,0.000,0
sample,idle,8388608,77,map,1.248,0.000,0
sample,idle,8388608,77,access,80.415,0.000,0
sample,idle,8388608,77,unmap,159.951,0.000,0
sample,idle,8388608,77,release,45.567,0.000,0
sample,idle,8388608,78,create,195.182,0.000,0
sample,idle,8388608,78,map,1.056,0.000,0
sample,idle,8388608,78,access,81.424,0.000,0
sample,idle,8388608,78,unmap,157.582,0.000,0
sample,idle,8388608,78,release,45.008,0.000,0
sample,idle,8388608,79,create,196.734,0.000,0
sample,idle,8388608,79,map,1.216,0.000,0
sample,idle,8388608,79,access,81.151,0.000,0
sample,idle,8388608,79,unmap,160.031,0.000,0
sample,idle,8388608,79,release,45.519,0.000,0
sample,idle,8388608,80,create,195.359,0.000,0
sample,idle,8388608,80,map,1.152,0.000,0
sample,idle,8388608,80,access,80.831,0.000,0
sample,idle,8388608,80,unmap,155.246,0.000,0
sample,idle,8388608,80,release,45.968,0.000,0
sample,idle,8388608,81,create,196.286,0.000,0
sample,idle,8388608,81,map,1.440,0.000,0
sample,idle,8388608,81,access,80.624,0.000,0
sample,idle,8388608,81,unmap,159.535,0.000,0
sample,idle,8388608,81,release,47.136,0.000,0
sample,idle,8388608,82,create,195.790,0.000,0
sample,idle,8388608,82,map,1.200,0.000,0
sample,idle,8388608,82,access,80.159,0.000,0
sample,idle,8388608,82,unmap,155.887,0.000,0
sample,idle,8388608,82,release,45.759,0.000,0
sample,idle,8388608,83,create,197.935,0.000,0
sample,idle,8388608,83,map,1.184,0.000,0
sample,idle,8388608,83,access,80.463,0.000,0
sample,idle,8388608,83,unmap,156.318,0.000,0
sample,idle,8388608,83,release,48.400,0.000,0
sample,idle,8388608,84,create,196.398,0.000,0
sample,idle,8388608,84,map,1.200,0.000,0
sample,idle,8388608,84,access,80.783,0.000,0
sample,idle,8388608,84,unmap,157.455,0.000,0
sample,idle,8388608,84,release,47.231,0.000,0
sample,idle,8388608,85,create,197.423,0.000,0
sample,idle,8388608,85,map,1.296,0.000,0
sample,idle,8388608,85,access,80.911,0.000,0
sample,idle,8388608,85,unmap,160.190,0.000,0
sample,idle,8388608,85,release,47.792,0.000,0
sample,idle,8388608,86,create,195.550,0.000,0
sample,idle,8388608,86,map,1.024,0.000,0
sample,idle,8388608,86,access,80.928,0.000,0
sample,idle,8388608,86,unmap,154.079,0.000,0
sample,idle,8388608,86,release,45.664,0.000,0
sample,idle,8388608,87,create,196.606,0.000,0
sample,idle,8388608,87,map,1.216,0.000,0
sample,idle,8388608,87,access,80.895,0.000,0
sample,idle,8388608,87,unmap,151.023,0.000,0
sample,idle,8388608,87,release,47.647,0.000,0
sample,idle,8388608,88,create,195.151,0.000,0
sample,idle,8388608,88,map,1.200,0.000,0
sample,idle,8388608,88,access,81.679,0.000,0
sample,idle,8388608,88,unmap,158.894,0.000,0
sample,idle,8388608,88,release,44.896,0.000,0
sample,idle,8388608,89,create,196.462,0.000,0
sample,idle,8388608,89,map,1.312,0.000,0
sample,idle,8388608,89,access,80.832,0.000,0
sample,idle,8388608,89,unmap,153.519,0.000,0
sample,idle,8388608,89,release,46.496,0.000,0
sample,idle,8388608,90,create,195.903,0.000,0
sample,idle,8388608,90,map,1.088,0.000,0
sample,idle,8388608,90,access,80.703,0.000,0
sample,idle,8388608,90,unmap,155.327,0.000,0
sample,idle,8388608,90,release,45.999,0.000,0
sample,idle,8388608,91,create,196.366,0.000,0
sample,idle,8388608,91,map,1.200,0.000,0
sample,idle,8388608,91,access,85.312,0.000,0
sample,idle,8388608,91,unmap,152.847,0.000,0
sample,idle,8388608,91,release,47.984,0.000,0
sample,idle,8388608,92,create,196.206,0.000,0
sample,idle,8388608,92,map,1.456,0.000,0
sample,idle,8388608,92,access,82.591,0.000,0
sample,idle,8388608,92,unmap,159.423,0.000,0
sample,idle,8388608,92,release,47.471,0.000,0
sample,idle,8388608,93,create,202.943,0.000,0
sample,idle,8388608,93,map,1.456,0.000,0
sample,idle,8388608,93,access,77.743,0.000,0
sample,idle,8388608,93,unmap,152.158,0.000,0
sample,idle,8388608,93,release,46.912,0.000,0
sample,idle,8388608,94,create,195.726,0.000,0
sample,idle,8388608,94,map,1.088,0.000,0
sample,idle,8388608,94,access,80.080,0.000,0
sample,idle,8388608,94,unmap,156.927,0.000,0
sample,idle,8388608,94,release,45.872,0.000,0
sample,idle,8388608,95,create,202.542,0.000,0
sample,idle,8388608,95,map,1.376,0.000,0
sample,idle,8388608,95,access,80.335,0.000,0
sample,idle,8388608,95,unmap,153.167,0.000,0
sample,idle,8388608,95,release,47.935,0.000,0
sample,idle,8388608,96,create,195.982,0.000,0
sample,idle,8388608,96,map,1.360,0.000,0
sample,idle,8388608,96,access,80.128,0.000,0
sample,idle,8388608,96,unmap,157.055,0.000,0
sample,idle,8388608,96,release,46.656,0.000,0
sample,idle,8388608,97,create,201.742,0.000,0
sample,idle,8388608,97,map,1.376,0.000,0
sample,idle,8388608,97,access,80.463,0.000,0
sample,idle,8388608,97,unmap,155.919,0.000,0
sample,idle,8388608,97,release,44.511,0.000,0
sample,idle,8388608,98,create,195.359,0.000,0
sample,idle,8388608,98,map,1.232,0.000,0
sample,idle,8388608,98,access,79.055,0.000,0
sample,idle,8388608,98,unmap,157.982,0.000,0
sample,idle,8388608,98,release,45.296,0.000,0
sample,idle,8388608,99,create,201.422,0.000,0
sample,idle,8388608,99,map,1.248,0.000,0
sample,idle,8388608,99,access,80.656,0.000,0
sample,idle,8388608,99,unmap,154.831,0.000,0
sample,idle,8388608,99,release,47.952,0.000,0
sample,one_block,8388608,0,create,202.286,10.004,1
sample,one_block,8388608,0,map,1.216,10.007,1
sample,one_block,8388608,0,access,82.223,10.005,1
sample,one_block,8388608,0,unmap,151.662,10.007,1
sample,one_block,8388608,0,release,58.304,10.006,1
sample,one_block,8388608,1,create,200.351,10.004,1
sample,one_block,8388608,1,map,1.536,10.007,1
sample,one_block,8388608,1,access,82.128,10.005,1
sample,one_block,8388608,1,unmap,155.759,10.005,1
sample,one_block,8388608,1,release,57.615,10.006,1
sample,one_block,8388608,2,create,197.838,10.004,1
sample,one_block,8388608,2,map,1.552,10.006,1
sample,one_block,8388608,2,access,82.959,10.006,1
sample,one_block,8388608,2,unmap,155.583,10.007,1
sample,one_block,8388608,2,release,58.960,10.006,1
sample,one_block,8388608,3,create,196.686,10.004,1
sample,one_block,8388608,3,map,1.280,10.007,1
sample,one_block,8388608,3,access,82.367,10.006,1
sample,one_block,8388608,3,unmap,156.798,10.005,1
sample,one_block,8388608,3,release,58.351,10.006,1
sample,one_block,8388608,4,create,198.639,10.004,1
sample,one_block,8388608,4,map,1.088,10.006,1
sample,one_block,8388608,4,access,80.336,10.005,1
sample,one_block,8388608,4,unmap,151.615,10.007,1
sample,one_block,8388608,4,release,61.375,10.006,1
sample,one_block,8388608,5,create,198.254,10.004,1
sample,one_block,8388608,5,map,1.440,10.006,1
sample,one_block,8388608,5,access,82.927,10.005,1
sample,one_block,8388608,5,unmap,156.175,10.005,1
sample,one_block,8388608,5,release,57.344,10.006,1
sample,one_block,8388608,6,create,198.494,10.004,1
sample,one_block,8388608,6,map,1.264,10.006,1
sample,one_block,8388608,6,access,81.519,10.005,1
sample,one_block,8388608,6,unmap,156.094,10.005,1
sample,one_block,8388608,6,release,57.167,10.006,1
sample,one_block,8388608,7,create,197.790,10.004,1
sample,one_block,8388608,7,map,1.376,10.007,1
sample,one_block,8388608,7,access,86.464,10.006,1
sample,one_block,8388608,7,unmap,155.167,10.007,1
sample,one_block,8388608,7,release,59.152,10.006,1
sample,one_block,8388608,8,create,199.822,10.004,1
sample,one_block,8388608,8,map,1.472,10.006,1
sample,one_block,8388608,8,access,81.935,10.005,1
sample,one_block,8388608,8,unmap,156.926,10.007,1
sample,one_block,8388608,8,release,58.800,10.006,1
sample,one_block,8388608,9,create,197.727,10.004,1
sample,one_block,8388608,9,map,1.280,10.007,1
sample,one_block,8388608,9,access,82.080,10.005,1
sample,one_block,8388608,9,unmap,159.007,10.006,1
sample,one_block,8388608,9,release,59.167,10.006,1
sample,one_block,8388608,10,create,198.702,10.004,1
sample,one_block,8388608,10,map,1.344,10.006,1
sample,one_block,8388608,10,access,81.679,10.005,1
sample,one_block,8388608,10,unmap,153.471,10.006,1
sample,one_block,8388608,10,release,58.240,10.006,1
sample,one_block,8388608,11,create,197.391,10.004,1
sample,one_block,8388608,11,map,1.168,10.007,1
sample,one_block,8388608,11,access,81.695,10.005,1
sample,one_block,8388608,11,unmap,154.079,10.005,1
sample,one_block,8388608,11,release,59.391,10.006,1
sample,one_block,8388608,12,create,200.830,10.004,1
sample,one_block,8388608,12,map,1.456,10.006,1
sample,one_block,8388608,12,access,80.895,10.005,1
sample,one_block,8388608,12,unmap,156.319,10.007,1
sample,one_block,8388608,12,release,61.232,10.006,1
sample,one_block,8388608,13,create,199.679,10.004,1
sample,one_block,8388608,13,map,1.232,10.007,1
sample,one_block,8388608,13,access,97.071,10.006,1
sample,one_block,8388608,13,unmap,162.830,10.007,1
sample,one_block,8388608,13,release,57.855,10.006,1
sample,one_block,8388608,14,create,198.462,10.004,1
sample,one_block,8388608,14,map,1.408,10.007,1
sample,one_block,8388608,14,access,82.191,10.005,1
sample,one_block,8388608,14,unmap,155.775,10.005,1
sample,one_block,8388608,14,release,58.032,10.006,1
sample,one_block,8388608,15,create,197.246,10.004,1
sample,one_block,8388608,15,map,1.392,10.007,1
sample,one_block,8388608,15,access,83.199,10.005,1
sample,one_block,8388608,15,unmap,154.526,10.007,1
sample,one_block,8388608,15,release,58.271,10.006,1
sample,one_block,8388608,16,create,197.966,10.004,1
sample,one_block,8388608,16,map,1.264,10.006,1
sample,one_block,8388608,16,access,80.800,10.005,1
sample,one_block,8388608,16,unmap,156.479,10.007,1
sample,one_block,8388608,16,release,57.151,10.006,1
sample,one_block,8388608,17,create,197.758,10.004,1
sample,one_block,8388608,17,map,1.200,10.007,1
sample,one_block,8388608,17,access,81.519,10.005,1
sample,one_block,8388608,17,unmap,158.863,10.005,1
sample,one_block,8388608,17,release,56.736,10.006,1
sample,one_block,8388608,18,create,197.103,10.004,1
sample,one_block,8388608,18,map,1.456,10.006,1
sample,one_block,8388608,18,access,80.176,10.005,1
sample,one_block,8388608,18,unmap,154.671,10.005,1
sample,one_block,8388608,18,release,59.599,10.006,1
sample,one_block,8388608,19,create,196.798,10.004,1
sample,one_block,8388608,19,map,1.296,10.007,1
sample,one_block,8388608,19,access,82.479,10.005,1
sample,one_block,8388608,19,unmap,155.327,10.007,1
sample,one_block,8388608,19,release,57.840,10.006,1
sample,one_block,8388608,20,create,197.839,10.004,1
sample,one_block,8388608,20,map,1.200,10.006,1
sample,one_block,8388608,20,access,81.568,10.005,1
sample,one_block,8388608,20,unmap,154.127,10.007,1
sample,one_block,8388608,20,release,60.799,10.006,1
sample,one_block,8388608,21,create,198.126,10.004,1
sample,one_block,8388608,21,map,1.232,10.007,1
sample,one_block,8388608,21,access,83.472,10.005,1
sample,one_block,8388608,21,unmap,159.631,10.005,1
sample,one_block,8388608,21,release,59.088,10.006,1
sample,one_block,8388608,22,create,198.558,10.004,1
sample,one_block,8388608,22,map,1.328,10.006,1
sample,one_block,8388608,22,access,80.559,10.005,1
sample,one_block,8388608,22,unmap,155.374,10.005,1
sample,one_block,8388608,22,release,61.007,10.006,1
sample,one_block,8388608,23,create,201.038,10.004,1
sample,one_block,8388608,23,map,1.200,10.006,1
sample,one_block,8388608,23,access,85.536,10.005,1
sample,one_block,8388608,23,unmap,159.231,10.005,1
sample,one_block,8388608,23,release,55.072,10.006,1
sample,one_block,8388608,24,create,201.374,10.004,1
sample,one_block,8388608,24,map,1.440,10.006,1
sample,one_block,8388608,24,access,84.543,10.005,1
sample,one_block,8388608,24,unmap,155.102,10.007,1
sample,one_block,8388608,24,release,58.688,10.006,1
sample,one_block,8388608,25,create,199.071,10.004,1
sample,one_block,8388608,25,map,1.488,10.008,1
sample,one_block,8388608,25,access,81.088,10.005,1
sample,one_block,8388608,25,unmap,157.199,10.006,1
sample,one_block,8388608,25,release,57.744,10.006,1
sample,one_block,8388608,26,create,197.790,10.004,1
sample,one_block,8388608,26,map,1.248,10.006,1
sample,one_block,8388608,26,access,83.807,10.005,1
sample,one_block,8388608,26,unmap,153.550,10.006,1
sample,one_block,8388608,26,release,58.287,10.006,1
sample,one_block,8388608,27,create,197.007,10.004,1
sample,one_block,8388608,27,map,1.248,10.006,1
sample,one_block,8388608,27,access,82.624,10.005,1
sample,one_block,8388608,27,unmap,155.823,10.006,1
sample,one_block,8388608,27,release,56.176,10.006,1
sample,one_block,8388608,28,create,198.302,10.004,1
sample,one_block,8388608,28,map,1.408,10.007,1
sample,one_block,8388608,28,access,80.415,10.005,1
sample,one_block,8388608,28,unmap,157.726,10.005,1
sample,one_block,8388608,28,release,60.991,10.006,1
sample,one_block,8388608,29,create,196.782,10.004,1
sample,one_block,8388608,29,map,1.248,10.007,1
sample,one_block,8388608,29,access,80.640,10.005,1
sample,one_block,8388608,29,unmap,157.823,10.005,1
sample,one_block,8388608,29,release,58.368,10.006,1
sample,sm_count_blocks,8388608,0,create,200.526,10.005,1
sample,sm_count_blocks,8388608,0,map,1.328,10.006,1
sample,sm_count_blocks,8388608,0,access,81.600,10.005,1
sample,sm_count_blocks,8388608,0,unmap,156.447,10.005,1
sample,sm_count_blocks,8388608,0,release,58.944,10.006,1
sample,sm_count_blocks,8388608,1,create,199.038,10.006,1
sample,sm_count_blocks,8388608,1,map,1.392,10.006,1
sample,sm_count_blocks,8388608,1,access,83.599,10.005,1
sample,sm_count_blocks,8388608,1,unmap,152.206,10.007,1
sample,sm_count_blocks,8388608,1,release,61.263,10.006,1
sample,sm_count_blocks,8388608,2,create,197.854,10.004,1
sample,sm_count_blocks,8388608,2,map,1.184,10.007,1
sample,sm_count_blocks,8388608,2,access,83.439,10.005,1
sample,sm_count_blocks,8388608,2,unmap,155.631,10.007,1
sample,sm_count_blocks,8388608,2,release,59.008,10.006,1
sample,sm_count_blocks,8388608,3,create,197.887,10.004,1
sample,sm_count_blocks,8388608,3,map,1.248,10.007,1
sample,sm_count_blocks,8388608,3,access,82.351,10.005,1
sample,sm_count_blocks,8388608,3,unmap,156.319,10.007,1
sample,sm_count_blocks,8388608,3,release,58.911,10.006,1
sample,sm_count_blocks,8388608,4,create,197.774,10.004,1
sample,sm_count_blocks,8388608,4,map,1.376,10.006,1
sample,sm_count_blocks,8388608,4,access,84.463,10.005,1
sample,sm_count_blocks,8388608,4,unmap,154.047,10.005,1
sample,sm_count_blocks,8388608,4,release,59.168,10.006,1
sample,sm_count_blocks,8388608,5,create,197.807,10.005,1
sample,sm_count_blocks,8388608,5,map,1.264,10.006,1
sample,sm_count_blocks,8388608,5,access,81.296,10.005,1
sample,sm_count_blocks,8388608,5,unmap,150.559,10.007,1
sample,sm_count_blocks,8388608,5,release,58.031,10.006,1
sample,sm_count_blocks,8388608,6,create,198.382,10.004,1
sample,sm_count_blocks,8388608,6,map,1.424,10.007,1
sample,sm_count_blocks,8388608,6,access,82.719,10.005,1
sample,sm_count_blocks,8388608,6,unmap,155.023,10.007,1
sample,sm_count_blocks,8388608,6,release,58.896,10.006,1
sample,sm_count_blocks,8388608,7,create,198.303,10.004,1
sample,sm_count_blocks,8388608,7,map,1.328,10.006,1
sample,sm_count_blocks,8388608,7,access,81.791,10.005,1
sample,sm_count_blocks,8388608,7,unmap,153.647,10.010,1
sample,sm_count_blocks,8388608,7,release,90.415,10.006,1
sample,sm_count_blocks,8388608,8,create,196.782,10.005,1
sample,sm_count_blocks,8388608,8,map,1.392,10.006,1
sample,sm_count_blocks,8388608,8,access,85.199,10.005,1
sample,sm_count_blocks,8388608,8,unmap,155.455,10.005,1
sample,sm_count_blocks,8388608,8,release,58.368,10.006,1
sample,sm_count_blocks,8388608,9,create,198.735,10.004,1
sample,sm_count_blocks,8388608,9,map,1.136,10.007,1
sample,sm_count_blocks,8388608,9,access,81.792,10.005,1
sample,sm_count_blocks,8388608,9,unmap,161.295,10.005,1
sample,sm_count_blocks,8388608,9,release,58.447,10.006,1
sample,sm_count_blocks,8388608,10,create,197.662,10.004,1
sample,sm_count_blocks,8388608,10,map,1.232,10.005,1
sample,sm_count_blocks,8388608,10,access,81.807,10.005,1
sample,sm_count_blocks,8388608,10,unmap,156.702,10.013,1
sample,sm_count_blocks,8388608,10,release,58.447,10.006,1
sample,sm_count_blocks,8388608,11,create,204.158,10.004,1
sample,sm_count_blocks,8388608,11,map,1.488,10.006,1
sample,sm_count_blocks,8388608,11,access,81.632,10.004,1
sample,sm_count_blocks,8388608,11,unmap,154.975,10.005,1
sample,sm_count_blocks,8388608,11,release,58.208,10.006,1
sample,sm_count_blocks,8388608,12,create,198.623,10.004,1
sample,sm_count_blocks,8388608,12,map,1.344,10.007,1
sample,sm_count_blocks,8388608,12,access,82.607,10.005,1
sample,sm_count_blocks,8388608,12,unmap,155.663,10.005,1
sample,sm_count_blocks,8388608,12,release,59.967,10.006,1
sample,sm_count_blocks,8388608,13,create,197.918,10.004,1
sample,sm_count_blocks,8388608,13,map,1.344,10.006,1
sample,sm_count_blocks,8388608,13,access,84.111,10.005,1
sample,sm_count_blocks,8388608,13,unmap,154.190,10.006,1
sample,sm_count_blocks,8388608,13,release,57.151,10.006,1
sample,sm_count_blocks,8388608,14,create,197.390,10.004,1
sample,sm_count_blocks,8388608,14,map,1.472,10.007,1
sample,sm_count_blocks,8388608,14,access,82.479,10.006,1
sample,sm_count_blocks,8388608,14,unmap,155.295,10.005,1
sample,sm_count_blocks,8388608,14,release,60.960,10.006,1
sample,sm_count_blocks,8388608,15,create,198.575,10.004,1
sample,sm_count_blocks,8388608,15,map,1.216,10.006,1
sample,sm_count_blocks,8388608,15,access,81.904,10.005,1
sample,sm_count_blocks,8388608,15,unmap,152.191,10.007,1
sample,sm_count_blocks,8388608,15,release,60.159,10.006,1
sample,sm_count_blocks,8388608,16,create,197.806,10.004,1
sample,sm_count_blocks,8388608,16,map,1.456,10.007,1
sample,sm_count_blocks,8388608,16,access,85.583,10.005,1
sample,sm_count_blocks,8388608,16,unmap,160.030,10.007,1
sample,sm_count_blocks,8388608,16,release,57.423,10.006,1
sample,sm_count_blocks,8388608,17,create,198.254,10.004,1
sample,sm_count_blocks,8388608,17,map,1.424,10.006,1
sample,sm_count_blocks,8388608,17,access,82.272,10.006,1
sample,sm_count_blocks,8388608,17,unmap,155.263,10.006,1
sample,sm_count_blocks,8388608,17,release,59.296,10.006,1
sample,sm_count_blocks,8388608,18,create,197.743,10.004,1
sample,sm_count_blocks,8388608,18,map,1.328,10.007,1
sample,sm_count_blocks,8388608,18,access,81.664,10.005,1
sample,sm_count_blocks,8388608,18,unmap,157.231,10.005,1
sample,sm_count_blocks,8388608,18,release,59.007,10.006,1
sample,sm_count_blocks,8388608,19,create,198.766,10.004,1
sample,sm_count_blocks,8388608,19,map,1.504,10.006,1
sample,sm_count_blocks,8388608,19,access,80.655,10.006,1
sample,sm_count_blocks,8388608,19,unmap,156.494,10.005,1
sample,sm_count_blocks,8388608,19,release,60.207,10.006,1
sample,sm_count_blocks,8388608,20,create,205.566,10.004,1
sample,sm_count_blocks,8388608,20,map,1.312,10.006,1
sample,sm_count_blocks,8388608,20,access,89.535,10.006,1
sample,sm_count_blocks,8388608,20,unmap,155.039,10.006,1
sample,sm_count_blocks,8388608,20,release,60.256,10.006,1
sample,sm_count_blocks,8388608,21,create,201.518,10.004,1
sample,sm_count_blocks,8388608,21,map,1.408,10.007,1
sample,sm_count_blocks,8388608,21,access,84.319,10.005,1
sample,sm_count_blocks,8388608,21,unmap,154.703,10.007,1
sample,sm_count_blocks,8388608,21,release,58.527,10.006,1
sample,sm_count_blocks,8388608,22,create,199.262,10.004,1
sample,sm_count_blocks,8388608,22,map,1.328,10.006,1
sample,sm_count_blocks,8388608,22,access,82.511,10.006,1
sample,sm_count_blocks,8388608,22,unmap,158.495,10.007,1
sample,sm_count_blocks,8388608,22,release,59.056,10.006,1
sample,sm_count_blocks,8388608,23,create,204.335,10.004,1
sample,sm_count_blocks,8388608,23,map,1.408,10.006,1
sample,sm_count_blocks,8388608,23,access,82.816,10.006,1
sample,sm_count_blocks,8388608,23,unmap,150.671,10.005,1
sample,sm_count_blocks,8388608,23,release,61.040,10.006,1
sample,sm_count_blocks,8388608,24,create,202.110,10.004,1
sample,sm_count_blocks,8388608,24,map,1.344,10.007,1
sample,sm_count_blocks,8388608,24,access,85.919,10.005,1
sample,sm_count_blocks,8388608,24,unmap,155.679,10.005,1
sample,sm_count_blocks,8388608,24,release,59.903,10.006,1
sample,sm_count_blocks,8388608,25,create,198.958,10.004,1
sample,sm_count_blocks,8388608,25,map,1.280,10.006,1
sample,sm_count_blocks,8388608,25,access,81.551,10.006,1
sample,sm_count_blocks,8388608,25,unmap,154.350,10.007,1
sample,sm_count_blocks,8388608,25,release,61.120,10.008,1
sample,sm_count_blocks,8388608,26,create,199.503,10.004,1
sample,sm_count_blocks,8388608,26,map,1.264,10.007,1
sample,sm_count_blocks,8388608,26,access,83.168,10.005,1
sample,sm_count_blocks,8388608,26,unmap,161.647,10.005,1
sample,sm_count_blocks,8388608,26,release,59.120,10.006,1
sample,sm_count_blocks,8388608,27,create,199.918,10.004,1
sample,sm_count_blocks,8388608,27,map,1.456,10.006,1
sample,sm_count_blocks,8388608,27,access,82.751,10.006,1
sample,sm_count_blocks,8388608,27,unmap,155.919,10.006,1
sample,sm_count_blocks,8388608,27,release,58.703,10.006,1
sample,sm_count_blocks,8388608,28,create,198.046,10.004,1
sample,sm_count_blocks,8388608,28,map,1.040,10.007,1
sample,sm_count_blocks,8388608,28,access,86.463,10.005,1
sample,sm_count_blocks,8388608,28,unmap,155.630,10.007,1
sample,sm_count_blocks,8388608,28,release,59.552,10.006,1
sample,sm_count_blocks,8388608,29,create,199.487,10.004,1
sample,sm_count_blocks,8388608,29,map,1.200,10.006,1
sample,sm_count_blocks,8388608,29,access,83.680,10.005,1
sample,sm_count_blocks,8388608,29,unmap,157.103,10.005,1
sample,sm_count_blocks,8388608,29,release,59.568,10.006,1
sample,idle,33554432,0,create,926.088,0.000,0
sample,idle,33554432,0,map,5.312,0.000,0
sample,idle,33554432,0,access,260.766,0.000,0
sample,idle,33554432,0,unmap,327.869,0.000,0
sample,idle,33554432,0,release,144.879,0.000,0
sample,idle,33554432,1,create,925.368,0.000,0
sample,idle,33554432,1,map,5.216,0.000,0
sample,idle,33554432,1,access,260.830,0.000,0
sample,idle,33554432,1,unmap,327.694,0.000,0
sample,idle,33554432,1,release,144.974,0.000,0
sample,idle,33554432,2,create,913.449,0.000,0
sample,idle,33554432,2,map,5.120,0.000,0
sample,idle,33554432,2,access,267.117,0.000,0
sample,idle,33554432,2,unmap,326.829,0.000,0
sample,idle,33554432,2,release,142.799,0.000,0
sample,idle,33554432,3,create,923.688,0.000,0
sample,idle,33554432,3,map,5.280,0.000,0
sample,idle,33554432,3,access,261.550,0.000,0
sample,idle,33554432,3,unmap,328.445,0.000,0
sample,idle,33554432,3,release,135.935,0.000,0
sample,idle,33554432,4,create,924.632,0.000,0
sample,idle,33554432,4,map,5.104,0.000,0
sample,idle,33554432,4,access,261.950,0.000,0
sample,idle,33554432,4,unmap,327.069,0.000,0
sample,idle,33554432,4,release,140.351,0.000,0
sample,idle,33554432,5,create,926.632,0.000,0
sample,idle,33554432,5,map,5.344,0.000,0
sample,idle,33554432,5,access,259.597,0.000,0
sample,idle,33554432,5,unmap,331.725,0.000,0
sample,idle,33554432,5,release,142.671,0.000,0
sample,idle,33554432,6,create,929.704,0.000,0
sample,idle,33554432,6,map,4.032,0.000,0
sample,idle,33554432,6,access,259.150,0.000,0
sample,idle,33554432,6,unmap,327.261,0.000,0
sample,idle,33554432,6,release,147.679,0.000,0
sample,idle,33554432,7,create,919.528,0.000,0
sample,idle,33554432,7,map,4.304,0.000,0
sample,idle,33554432,7,access,254.926,0.000,0
sample,idle,33554432,7,unmap,324.781,0.000,0
sample,idle,33554432,7,release,149.487,0.000,0
sample,idle,33554432,8,create,924.408,0.000,0
sample,idle,33554432,8,map,4.944,0.000,0
sample,idle,33554432,8,access,250.445,0.000,0
sample,idle,33554432,8,unmap,303.022,0.000,0
sample,idle,33554432,8,release,141.710,0.000,0
sample,idle,33554432,9,create,926.841,0.000,0
sample,idle,33554432,9,map,5.264,0.000,0
sample,idle,33554432,9,access,242.477,0.000,0
sample,idle,33554432,9,unmap,325.678,0.000,0
sample,idle,33554432,9,release,142.750,0.000,0
sample,idle,33554432,10,create,925.129,0.000,0
sample,idle,33554432,10,map,4.816,0.000,0
sample,idle,33554432,10,access,481.916,0.000,0
sample,idle,33554432,10,unmap,453.740,0.000,0
sample,idle,33554432,10,release,141.135,0.000,0
sample,idle,33554432,11,create,929.928,0.000,0
sample,idle,33554432,11,map,5.024,0.000,0
sample,idle,33554432,11,access,273.693,0.000,0
sample,idle,33554432,11,unmap,367.165,0.000,0
sample,idle,33554432,11,release,181.007,0.000,0
sample,idle,33554432,12,create,926.216,0.000,0
sample,idle,33554432,12,map,4.992,0.000,0
sample,idle,33554432,12,access,258.589,0.000,0
sample,idle,33554432,12,unmap,325.390,0.000,0
sample,idle,33554432,12,release,146.750,0.000,0
sample,idle,33554432,13,create,927.768,0.000,0
sample,idle,33554432,13,map,5.024,0.000,0
sample,idle,33554432,13,access,261.726,0.000,0
sample,idle,33554432,13,unmap,327.821,0.000,0
sample,idle,33554432,13,release,144.047,0.000,0
sample,idle,33554432,14,create,925.864,0.000,0
sample,idle,33554432,14,map,5.376,0.000,0
sample,idle,33554432,14,access,252.398,0.000,0
sample,idle,33554432,14,unmap,319.853,0.000,0
sample,idle,33554432,14,release,144.399,0.000,0
sample,idle,33554432,15,create,922.952,0.000,0
sample,idle,33554432,15,map,5.024,0.000,0
sample,idle,33554432,15,access,261.598,0.000,0
sample,idle,33554432,15,unmap,321.662,0.000,0
sample,idle,33554432,15,release,143.662,0.000,0
sample,idle,33554432,16,create,922.665,0.000,0
sample,idle,33554432,16,map,4.815,0.000,0
sample,idle,33554432,16,access,258.830,0.000,0
sample,idle,33554432,16,unmap,325.341,0.000,0
sample,idle,33554432,16,release,143.487,0.000,0
sample,idle,33554432,17,create,928.168,0.000,0
sample,idle,33554432,17,map,4.560,0.000,0
sample,idle,33554432,17,access,260.270,0.000,0
sample,idle,33554432,17,unmap,326.749,0.000,0
sample,idle,33554432,17,release,142.975,0.000,0
sample,idle,33554432,18,create,931.512,0.000,0
sample,idle,33554432,18,map,4.112,0.000,0
sample,idle,33554432,18,access,248.270,0.000,0
sample,idle,33554432,18,unmap,325.373,0.000,0
sample,idle,33554432,18,release,144.543,0.000,0
sample,idle,33554432,19,create,926.120,0.000,0
sample,idle,33554432,19,map,4.864,0.000,0
sample,idle,33554432,19,access,234.414,0.000,0
sample,idle,33554432,19,unmap,303.757,0.000,0
sample,idle,33554432,19,release,137.871,0.000,0
sample,idle,33554432,20,create,912.008,0.000,0
sample,idle,33554432,20,map,4.608,0.000,0
sample,idle,33554432,20,access,233.070,0.000,0
sample,idle,33554432,20,unmap,320.893,0.000,0
sample,idle,33554432,20,release,145.359,0.000,0
sample,idle,33554432,21,create,927.384,0.000,0
sample,idle,33554432,21,map,4.448,0.000,0
sample,idle,33554432,21,access,494.764,0.000,0
sample,idle,33554432,21,unmap,410.876,0.000,0
sample,idle,33554432,21,release,146.623,0.000,0
sample,idle,33554432,22,create,925.560,0.000,0
sample,idle,33554432,22,map,4.368,0.000,0
sample,idle,33554432,22,access,281.982,0.000,0
sample,idle,33554432,22,unmap,356.893,0.000,0
sample,idle,33554432,22,release,180.622,0.000,0
sample,idle,33554432,23,create,935.288,0.000,0
sample,idle,33554432,23,map,5.024,0.000,0
sample,idle,33554432,23,access,262.926,0.000,0
sample,idle,33554432,23,unmap,327.597,0.000,0
sample,idle,33554432,23,release,144.559,0.000,0
sample,idle,33554432,24,create,920.568,0.000,0
sample,idle,33554432,24,map,4.912,0.000,0
sample,idle,33554432,24,access,259.165,0.000,0
sample,idle,33554432,24,unmap,331.437,0.000,0
sample,idle,33554432,24,release,146.287,0.000,0
sample,idle,33554432,25,create,930.808,0.000,0
sample,idle,33554432,25,map,4.752,0.000,0
sample,idle,33554432,25,access,258.814,0.000,0
sample,idle,33554432,25,unmap,335.437,0.000,0
sample,idle,33554432,25,release,141.343,0.000,0
sample,idle,33554432,26,create,927.720,0.000,0
sample,idle,33554432,26,map,4.304,0.000,0
sample,idle,33554432,26,access,256.798,0.000,0
sample,idle,33554432,26,unmap,329.150,0.000,0
sample,idle,33554432,26,release,136.622,0.000,0
sample,idle,33554432,27,create,924.345,0.000,0
sample,idle,33554432,27,map,4.800,0.000,0
sample,idle,33554432,27,access,268.173,0.000,0
sample,idle,33554432,27,unmap,328.173,0.000,0
sample,idle,33554432,27,release,137.855,0.000,0
sample,idle,33554432,28,create,923.608,0.000,0
sample,idle,33554432,28,map,4.960,0.000,0
sample,idle,33554432,28,access,261.982,0.000,0
sample,idle,33554432,28,unmap,315.469,0.000,0
sample,idle,33554432,28,release,135.343,0.000,0
sample,idle,33554432,29,create,929.496,0.000,0
sample,idle,33554432,29,map,5.616,0.000,0
sample,idle,33554432,29,access,266.894,0.000,0
sample,idle,33554432,29,unmap,331.629,0.000,0
sample,idle,33554432,29,release,137.919,0.000,0
sample,idle,33554432,30,create,934.168,0.000,0
sample,idle,33554432,30,map,5.568,0.000,0
sample,idle,33554432,30,access,237.742,0.000,0
sample,idle,33554432,30,unmap,303.950,0.000,0
sample,idle,33554432,30,release,141.519,0.000,0
sample,idle,33554432,31,create,930.744,0.000,0
sample,idle,33554432,31,map,5.616,0.000,0
sample,idle,33554432,31,access,259.325,0.000,0
sample,idle,33554432,31,unmap,329.565,0.000,0
sample,idle,33554432,31,release,158.863,0.000,0
sample,idle,33554432,32,create,921.208,0.000,0
sample,idle,33554432,32,map,5.456,0.000,0
sample,idle,33554432,32,access,392.717,0.000,0
sample,idle,33554432,32,unmap,332.189,0.000,0
sample,idle,33554432,32,release,146.751,0.000,0
sample,idle,33554432,33,create,920.424,0.000,0
sample,idle,33554432,33,map,5.728,0.000,0
sample,idle,33554432,33,access,274.269,0.000,0
sample,idle,33554432,33,unmap,405.596,0.000,0
sample,idle,33554432,33,release,138.239,0.000,0
sample,idle,33554432,34,create,924.968,0.000,0
sample,idle,33554432,34,map,5.552,0.000,0
sample,idle,33554432,34,access,261.870,0.000,0
sample,idle,33554432,34,unmap,325.949,0.000,0
sample,idle,33554432,34,release,143.439,0.000,0
sample,idle,33554432,35,create,930.392,0.000,0
sample,idle,33554432,35,map,5.184,0.000,0
sample,idle,33554432,35,access,261.134,0.000,0
sample,idle,33554432,35,unmap,327.325,0.000,0
sample,idle,33554432,35,release,143.151,0.000,0
sample,idle,33554432,36,create,926.440,0.000,0
sample,idle,33554432,36,map,5.328,0.000,0
sample,idle,33554432,36,access,260.173,0.000,0
sample,idle,33554432,36,unmap,324.990,0.000,0
sample,idle,33554432,36,release,142.494,0.000,0
sample,idle,33554432,37,create,933.016,0.000,0
sample,idle,33554432,37,map,5.232,0.000,0
sample,idle,33554432,37,access,257.086,0.000,0
sample,idle,33554432,37,unmap,327.533,0.000,0
sample,idle,33554432,37,release,144.671,0.000,0
sample,idle,33554432,38,create,915.304,0.000,0
sample,idle,33554432,38,map,5.264,0.000,0
sample,idle,33554432,38,access,272.958,0.000,0
sample,idle,33554432,38,unmap,328.541,0.000,0
sample,idle,33554432,38,release,144.095,0.000,0
sample,idle,33554432,39,create,919.400,0.000,0
sample,idle,33554432,39,map,5.488,0.000,0
sample,idle,33554432,39,access,263.101,0.000,0
sample,idle,33554432,39,unmap,317.310,0.000,0
sample,idle,33554432,39,release,147.438,0.000,0
sample,idle,33554432,40,create,924.105,0.000,0
sample,idle,33554432,40,map,4.543,0.000,0
sample,idle,33554432,40,access,254.702,0.000,0
sample,idle,33554432,40,unmap,321.597,0.000,0
sample,idle,33554432,40,release,139.951,0.000,0
sample,idle,33554432,41,create,1004.568,0.000,0
sample,idle,33554432,41,map,5.424,0.000,0
sample,idle,33554432,41,access,238.973,0.000,0
sample,idle,33554432,41,unmap,307.038,0.000,0
sample,idle,33554432,41,release,141.743,0.000,0
sample,idle,33554432,42,create,928.216,0.000,0
sample,idle,33554432,42,map,5.616,0.000,0
sample,idle,33554432,42,access,257.518,0.000,0
sample,idle,33554432,42,unmap,393.853,0.000,0
sample,idle,33554432,42,release,152.558,0.000,0
sample,idle,33554432,43,create,928.152,0.000,0
sample,idle,33554432,43,map,5.136,0.000,0
sample,idle,33554432,43,access,264.718,0.000,0
sample,idle,33554432,43,unmap,332.429,0.000,0
sample,idle,33554432,43,release,144.527,0.000,0
sample,idle,33554432,44,create,923.512,0.000,0
sample,idle,33554432,44,map,4.832,0.000,0
sample,idle,33554432,44,access,348.893,0.000,0
sample,idle,33554432,44,unmap,352.541,0.000,0
sample,idle,33554432,44,release,139.311,0.000,0
sample,idle,33554432,45,create,921.624,0.000,0
sample,idle,33554432,45,map,4.640,0.000,0
sample,idle,33554432,45,access,275.309,0.000,0
sample,idle,33554432,45,unmap,329.325,0.000,0
sample,idle,33554432,45,release,145.599,0.000,0
sample,idle,33554432,46,create,928.536,0.000,0
sample,idle,33554432,46,map,5.488,0.000,0
sample,idle,33554432,46,access,261.534,0.000,0
sample,idle,33554432,46,unmap,326.541,0.000,0
sample,idle,33554432,46,release,140.095,0.000,0
sample,idle,33554432,47,create,930.856,0.000,0
sample,idle,33554432,47,map,4.768,0.000,0
sample,idle,33554432,47,access,264.814,0.000,0
sample,idle,33554432,47,unmap,331.981,0.000,0
sample,idle,33554432,47,release,144.126,0.000,0
sample,idle,33554432,48,create,921.801,0.000,0
sample,idle,33554432,48,map,4.800,0.000,0
sample,idle,33554432,48,access,259.645,0.000,0
sample,idle,33554432,48,unmap,331.533,0.000,0
sample,idle,33554432,48,release,143.391,0.000,0
sample,idle,33554432,49,create,926.792,0.000,0
sample,idle,33554432,49,map,4.832,0.000,0
sample,idle,33554432,49,access,262.558,0.000,0
sample,idle,33554432,49,unmap,328.429,0.000,0
sample,idle,33554432,49,release,139.567,0.000,0
sample,idle,33554432,50,create,911.064,0.000,0
sample,idle,33554432,50,map,5.024,0.000,0
sample,idle,33554432,50,access,260.014,0.000,0
sample,idle,33554432,50,unmap,327.981,0.000,0
sample,idle,33554432,50,release,139.663,0.000,0
sample,idle,33554432,51,create,923.544,0.000,0
sample,idle,33554432,51,map,5.280,0.000,0
sample,idle,33554432,51,access,263.453,0.000,0
sample,idle,33554432,51,unmap,327.261,0.000,0
sample,idle,33554432,51,release,140.719,0.000,0
sample,idle,33554432,52,create,920.729,0.000,0
sample,idle,33554432,52,map,4.848,0.000,0
sample,idle,33554432,52,access,262.830,0.000,0
sample,idle,33554432,52,unmap,325.949,0.000,0
sample,idle,33554432,52,release,135.039,0.000,0
sample,idle,33554432,53,create,925.672,0.000,0
sample,idle,33554432,53,map,4.800,0.000,0
sample,idle,33554432,53,access,261.166,0.000,0
sample,idle,33554432,53,unmap,334.173,0.000,0
sample,idle,33554432,53,release,140.767,0.000,0
sample,idle,33554432,54,create,924.744,0.000,0
sample,idle,33554432,54,map,4.720,0.000,0
sample,idle,33554432,54,access,257.502,0.000,0
sample,idle,33554432,54,unmap,326.478,0.000,0
sample,idle,33554432,54,release,137.454,0.000,0
sample,idle,33554432,55,create,920.985,0.000,0
sample,idle,33554432,55,map,4.464,0.000,0
sample,idle,33554432,55,access,261.309,0.000,0
sample,idle,33554432,55,unmap,320.413,0.000,0
sample,idle,33554432,55,release,139.759,0.000,0
sample,idle,33554432,56,create,927.480,0.000,0
sample,idle,33554432,56,map,5.520,0.000,0
sample,idle,33554432,56,access,254.510,0.000,0
sample,idle,33554432,56,unmap,323.005,0.000,0
sample,idle,33554432,56,release,143.551,0.000,0
sample,idle,33554432,57,create,927.784,0.000,0
sample,idle,33554432,57,map,5.376,0.000,0
sample,idle,33554432,57,access,258.206,0.000,0
sample,idle,33554432,57,unmap,325.453,0.000,0
sample,idle,33554432,57,release,141.391,0.000,0
sample,idle,33554432,58,create,925.528,0.000,0
sample,idle,33554432,58,map,4.480,0.000,0
sample,idle,33554432,58,access,257.422,0.000,0
sample,idle,33554432,58,unmap,329.630,0.000,0
sample,idle,33554432,58,release,147.070,0.000,0
sample,idle,33554432,59,create,928.985,0.000,0
sample,idle,33554432,59,map,4.079,0.000,0
sample,idle,33554432,59,access,259.518,0.000,0
sample,idle,33554432,59,unmap,328.269,0.000,0
sample,idle,33554432,59,release,142.543,0.000,0
sample,idle,33554432,60,create,915.560,0.000,0
sample,idle,33554432,60,map,5.152,0.000,0
sample,idle,33554432,60,access,258.542,0.000,0
sample,idle,33554432,60,unmap,325.309,0.000,0
sample,idle,33554432,60,release,141.791,0.000,0
sample,idle,33554432,61,create,926.392,0.000,0
sample,idle,33554432,61,map,4.384,0.000,0
sample,idle,33554432,61,access,256.542,0.000,0
sample,idle,33554432,61,unmap,327.086,0.000,0
sample,idle,33554432,61,release,139.710,0.000,0
sample,idle,33554432,62,create,922.009,0.000,0
sample,idle,33554432,62,map,4.096,0.000,0
sample,idle,33554432,62,access,258.541,0.000,0
sample,idle,33554432,62,unmap,332.701,0.000,0
sample,idle,33554432,62,release,143.487,0.000,0
sample,idle,33554432,63,create,929.576,0.000,0
sample,idle,33554432,63,map,5.824,0.000,0
sample,idle,33554432,63,access,258.126,0.000,0
sample,idle,33554432,63,unmap,335.181,0.000,0
sample,idle,33554432,63,release,144.799,0.000,0
sample,idle,33554432,64,create,921.592,0.000,0
sample,idle,33554432,64,map,5.504,0.000,0
sample,idle,33554432,64,access,254.686,0.000,0
sample,idle,33554432,64,unmap,322.317,0.000,0
sample,idle,33554432,64,release,140.847,0.000,0
sample,idle,33554432,65,create,933.048,0.000,0
sample,idle,33554432,65,map,5.296,0.000,0
sample,idle,33554432,65,access,262.413,0.000,0
sample,idle,33554432,65,unmap,322.782,0.000,0
sample,idle,33554432,65,release,143.838,0.000,0
sample,idle,33554432,66,create,928.552,0.000,0
sample,idle,33554432,66,map,5.360,0.000,0
sample,idle,33554432,66,access,260.862,0.000,0
sample,idle,33554432,66,unmap,327.021,0.000,0
sample,idle,33554432,66,release,140.879,0.000,0
sample,idle,33554432,67,create,933.320,0.000,0
sample,idle,33554432,67,map,4.800,0.000,0
sample,idle,33554432,67,access,263.822,0.000,0
sample,idle,33554432,67,unmap,333.021,0.000,0
sample,idle,33554432,67,release,141.759,0.000,0
sample,idle,33554432,68,create,917.673,0.000,0
sample,idle,33554432,68,map,4.656,0.000,0
sample,idle,33554432,68,access,260.733,0.000,0
sample,idle,33554432,68,unmap,329.469,0.000,0
sample,idle,33554432,68,release,137.391,0.000,0
sample,idle,33554432,69,create,926.776,0.000,0
sample,idle,33554432,69,map,5.328,0.000,0
sample,idle,33554432,69,access,259.198,0.000,0
sample,idle,33554432,69,unmap,328.669,0.000,0
sample,idle,33554432,69,release,139.711,0.000,0
sample,idle,33554432,70,create,912.984,0.000,0
sample,idle,33554432,70,map,4.384,0.000,0
sample,idle,33554432,70,access,265.582,0.000,0
sample,idle,33554432,70,unmap,330.253,0.000,0
sample,idle,33554432,70,release,139.535,0.000,0
sample,idle,33554432,71,create,924.568,0.000,0
sample,idle,33554432,71,map,5.552,0.000,0
sample,idle,33554432,71,access,261.486,0.000,0
sample,idle,33554432,71,unmap,327.582,0.000,0
sample,idle,33554432,71,release,135.102,0.000,0
sample,idle,33554432,72,create,927.913,0.000,0
sample,idle,33554432,72,map,4.976,0.000,0
sample,idle,33554432,72,access,253.581,0.000,0
sample,idle,33554432,72,unmap,329.325,0.000,0
sample,idle,33554432,72,release,143.583,0.000,0
sample,idle,33554432,73,create,929.224,0.000,0
sample,idle,33554432,73,map,5.216,0.000,0
sample,idle,33554432,73,access,261.630,0.000,0
sample,idle,33554432,73,unmap,329.373,0.000,0
sample,idle,33554432,73,release,140.639,0.000,0
sample,idle,33554432,74,create,925.064,0.000,0
sample,idle,33554432,74,map,5.472,0.000,0
sample,idle,33554432,74,access,260.334,0.000,0
sample,idle,33554432,74,unmap,326.606,0.000,0
sample,idle,33554432,74,release,143.390,0.000,0
sample,idle,33554432,75,create,920.073,0.000,0
sample,idle,33554432,75,map,5.136,0.000,0
sample,idle,33554432,75,access,264.237,0.000,0
sample,idle,33554432,75,unmap,325.597,0.000,0
sample,idle,33554432,75,release,143.887,0.000,0
sample,idle,33554432,76,create,931.048,0.000,0
sample,idle,33554432,76,map,5.776,0.000,0
sample,idle,33554432,76,access,261.358,0.000,0
sample,idle,33554432,76,unmap,322.589,0.000,0
sample,idle,33554432,76,release,140.671,0.000,0
sample,idle,33554432,77,create,933.992,0.000,0
sample,idle,33554432,77,map,5.696,0.000,0
sample,idle,33554432,77,access,263.838,0.000,0
sample,idle,33554432,77,unmap,327.070,0.000,0
sample,idle,33554432,77,release,143.454,0.000,0
sample,idle,33554432,78,create,928.121,0.000,0
sample,idle,33554432,78,map,5.664,0.000,0
sample,idle,33554432,78,access,262.430,0.000,0
sample,idle,33554432,78,unmap,332.941,0.000,0
sample,idle,33554432,78,release,141.871,0.000,0
sample,idle,33554432,79,create,924.648,0.000,0
sample,idle,33554432,79,map,5.168,0.000,0
sample,idle,33554432,79,access,260.654,0.000,0
sample,idle,33554432,79,unmap,330.669,0.000,0
sample,idle,33554432,79,release,142.798,0.000,0
sample,idle,33554432,80,create,913.193,0.000,0
sample,idle,33554432,80,map,5.376,0.000,0
sample,idle,33554432,80,access,271.981,0.000,0
sample,idle,33554432,80,unmap,327.101,0.000,0
sample,idle,33554432,80,release,142.879,0.000,0
sample,idle,33554432,81,create,920.328,0.000,0
sample,idle,33554432,81,map,5.440,0.000,0
sample,idle,33554432,81,access,268.606,0.000,0
sample,idle,33554432,81,unmap,327.645,0.000,0
sample,idle,33554432,81,release,142.191,0.000,0
sample,idle,33554432,82,create,928.104,0.000,0
sample,idle,33554432,82,map,5.872,0.000,0
sample,idle,33554432,82,access,258.046,0.000,0
sample,idle,33554432,82,unmap,327.694,0.000,0
sample,idle,33554432,82,release,140.670,0.000,0
sample,idle,33554432,83,create,925.369,0.000,0
sample,idle,33554432,83,map,5.776,0.000,0
sample,idle,33554432,83,access,257.021,0.000,0
sample,idle,33554432,83,unmap,324.157,0.000,0
sample,idle,33554432,83,release,142.159,0.000,0
sample,idle,33554432,84,create,928.808,0.000,0
sample,idle,33554432,84,map,4.464,0.000,0
sample,idle,33554432,84,access,255.982,0.000,0
sample,idle,33554432,84,unmap,320.253,0.000,0
sample,idle,33554432,84,release,145.215,0.000,0
sample,idle,33554432,85,create,920.232,0.000,0
sample,idle,33554432,85,map,14.800,0.000,0
sample,idle,33554432,85,access,263.118,0.000,0
sample,idle,33554432,85,unmap,329.389,0.000,0
sample,idle,33554432,85,release,140.031,0.000,0
sample,idle,33554432,86,create,909.656,0.000,0
sample,idle,33554432,86,map,5.104,0.000,0
sample,idle,33554432,86,access,267.805,0.000,0
sample,idle,33554432,86,unmap,325.422,0.000,0
sample,idle,33554432,86,release,141.294,0.000,0
sample,idle,33554432,87,create,930.440,0.000,0
sample,idle,33554432,87,map,4.976,0.000,0
sample,idle,33554432,87,access,263.438,0.000,0
sample,idle,33554432,87,unmap,330.381,0.000,0
sample,idle,33554432,87,release,143.647,0.000,0
sample,idle,33554432,88,create,925.400,0.000,0
sample,idle,33554432,88,map,4.976,0.000,0
sample,idle,33554432,88,access,259.806,0.000,0
sample,idle,33554432,88,unmap,326.541,0.000,0
sample,idle,33554432,88,release,141.727,0.000,0
sample,idle,33554432,89,create,925.432,0.000,0
sample,idle,33554432,89,map,4.528,0.000,0
sample,idle,33554432,89,access,271.293,0.000,0
sample,idle,33554432,89,unmap,328.125,0.000,0
sample,idle,33554432,89,release,144.191,0.000,0
sample,idle,33554432,90,create,928.968,0.000,0
sample,idle,33554432,90,map,5.056,0.000,0
sample,idle,33554432,90,access,260.702,0.000,0
sample,idle,33554432,90,unmap,326.861,0.000,0
sample,idle,33554432,90,release,138.127,0.000,0
sample,idle,33554432,91,create,919.944,0.000,0
sample,idle,33554432,91,map,5.312,0.000,0
sample,idle,33554432,91,access,265.678,0.000,0
sample,idle,33554432,91,unmap,327.677,0.000,0
sample,idle,33554432,91,release,143.855,0.000,0
sample,idle,33554432,92,create,914.456,0.000,0
sample,idle,33554432,92,map,4.896,0.000,0
sample,idle,33554432,92,access,262.734,0.000,0
sample,idle,33554432,92,unmap,319.742,0.000,0
sample,idle,33554432,92,release,139.326,0.000,0
sample,idle,33554432,93,create,935.817,0.000,0
sample,idle,33554432,93,map,5.567,0.000,0
sample,idle,33554432,93,access,265.070,0.000,0
sample,idle,33554432,93,unmap,328.573,0.000,0
sample,idle,33554432,93,release,136.927,0.000,0
sample,idle,33554432,94,create,919.656,0.000,0
sample,idle,33554432,94,map,5.072,0.000,0
sample,idle,33554432,94,access,254.094,0.000,0
sample,idle,33554432,94,unmap,317.517,0.000,0
sample,idle,33554432,94,release,141.743,0.000,0
sample,idle,33554432,95,create,922.904,0.000,0
sample,idle,33554432,95,map,5.280,0.000,0
sample,idle,33554432,95,access,263.518,0.000,0
sample,idle,33554432,95,unmap,330.013,0.000,0
sample,idle,33554432,95,release,137.007,0.000,0
sample,idle,33554432,96,create,922.472,0.000,0
sample,idle,33554432,96,map,4.672,0.000,0
sample,idle,33554432,96,access,267.229,0.000,0
sample,idle,33554432,96,unmap,325.757,0.000,0
sample,idle,33554432,96,release,142.671,0.000,0
sample,idle,33554432,97,create,928.952,0.000,0
sample,idle,33554432,97,map,5.008,0.000,0
sample,idle,33554432,97,access,261.102,0.000,0
sample,idle,33554432,97,unmap,322.445,0.000,0
sample,idle,33554432,97,release,138.895,0.000,0
sample,idle,33554432,98,create,927.192,0.000,0
sample,idle,33554432,98,map,4.000,0.000,0
sample,idle,33554432,98,access,262.062,0.000,0
sample,idle,33554432,98,unmap,333.005,0.000,0
sample,idle,33554432,98,release,139.279,0.000,0
sample,idle,33554432,99,create,928.648,0.000,0
sample,idle,33554432,99,map,4.416,0.000,0
sample,idle,33554432,99,access,258.797,0.000,0
sample,idle,33554432,99,unmap,329.069,0.000,0
sample,idle,33554432,99,release,148.719,0.000,0
sample,one_block,33554432,0,create,929.656,10.005,1
sample,one_block,33554432,0,map,4.384,10.011,1
sample,one_block,33554432,0,access,264.302,10.006,1
sample,one_block,33554432,0,unmap,334.381,10.005,1
sample,one_block,33554432,0,release,183.007,10.006,1
sample,one_block,33554432,1,create,927.656,10.004,1
sample,one_block,33554432,1,map,4.144,10.012,1
sample,one_block,33554432,1,access,256.094,10.005,1
sample,one_block,33554432,1,unmap,334.397,10.005,1
sample,one_block,33554432,1,release,186.446,10.006,1
sample,one_block,33554432,2,create,936.264,10.005,1
sample,one_block,33554432,2,map,4.336,10.010,1
sample,one_block,33554432,2,access,254.350,10.005,1
sample,one_block,33554432,2,unmap,336.029,10.007,1
sample,one_block,33554432,2,release,185.358,10.006,1
sample,one_block,33554432,3,create,929.160,10.006,1
sample,one_block,33554432,3,map,4.016,10.010,1
sample,one_block,33554432,3,access,259.518,10.006,1
sample,one_block,33554432,3,unmap,338.637,10.005,1
sample,one_block,33554432,3,release,189.134,10.006,1
sample,one_block,33554432,4,create,924.616,10.004,1
sample,one_block,33554432,4,map,4.192,10.010,1
sample,one_block,33554432,4,access,261.821,10.005,1
sample,one_block,33554432,4,unmap,337.213,10.007,1
sample,one_block,33554432,4,release,182.671,10.006,1
sample,one_block,33554432,5,create,923.481,10.004,1
sample,one_block,33554432,5,map,4.928,10.011,1
sample,one_block,33554432,5,access,259.022,10.005,1
sample,one_block,33554432,5,unmap,335.502,10.007,1
sample,one_block,33554432,5,release,187.887,10.006,1
sample,one_block,33554432,6,create,932.728,10.004,1
sample,one_block,33554432,6,map,4.288,10.010,1
sample,one_block,33554432,6,access,256.414,10.005,1
sample,one_block,33554432,6,unmap,338.749,10.006,1
sample,one_block,33554432,6,release,185.487,10.006,1
sample,one_block,33554432,7,create,930.232,10.006,1
sample,one_block,33554432,7,map,4.880,10.010,1
sample,one_block,33554432,7,access,255.102,10.005,1
sample,one_block,33554432,7,unmap,334.525,10.006,1
sample,one_block,33554432,7,release,185.518,10.006,1
sample,one_block,33554432,8,create,935.704,10.004,1
sample,one_block,33554432,8,map,4.832,10.010,1
sample,one_block,33554432,8,access,258.286,10.005,1
sample,one_block,33554432,8,unmap,340.509,10.005,1
sample,one_block,33554432,8,release,185.758,10.006,1
sample,one_block,33554432,9,create,920.344,10.006,1
sample,one_block,33554432,9,map,4.784,10.010,1
sample,one_block,33554432,9,access,260.910,10.005,1
sample,one_block,33554432,9,unmap,338.125,10.006,1
sample,one_block,33554432,9,release,188.430,10.006,1
sample,one_block,33554432,10,create,914.744,10.004,1
sample,one_block,33554432,10,map,4.720,10.010,1
sample,one_block,33554432,10,access,255.726,10.006,1
sample,one_block,33554432,10,unmap,337.021,10.005,1
sample,one_block,33554432,10,release,186.366,10.006,1
sample,one_block,33554432,11,create,926.536,10.004,1
sample,one_block,33554432,11,map,4.752,10.010,1
sample,one_block,33554432,11,access,256.893,10.005,1
sample,one_block,33554432,11,unmap,334.414,10.007,1
sample,one_block,33554432,11,release,185.823,10.006,1
sample,one_block,33554432,12,create,928.600,10.004,1
sample,one_block,33554432,12,map,4.944,10.011,1
sample,one_block,33554432,12,access,254.750,10.006,1
sample,one_block,33554432,12,unmap,337.197,10.007,1
sample,one_block,33554432,12,release,188.431,10.006,1
sample,one_block,33554432,13,create,931.512,10.006,1
sample,one_block,33554432,13,map,4.896,10.009,1
sample,one_block,33554432,13,access,255.582,10.005,1
sample,one_block,33554432,13,unmap,335.709,10.007,1
sample,one_block,33554432,13,release,185.183,10.006,1
sample,one_block,33554432,14,create,924.920,10.004,1
sample,one_block,33554432,14,map,4.848,10.011,1
sample,one_block,33554432,14,access,263.614,10.005,1
sample,one_block,33554432,14,unmap,339.149,10.006,1
sample,one_block,33554432,14,release,185.135,10.006,1
sample,one_block,33554432,15,create,913.992,10.004,1
sample,one_block,33554432,15,map,5.008,10.010,1
sample,one_block,33554432,15,access,255.422,10.006,1
sample,one_block,33554432,15,unmap,333.533,10.005,1
sample,one_block,33554432,15,release,186.782,10.006,1
sample,one_block,33554432,16,create,932.824,10.004,1
sample,one_block,33554432,16,map,5.008,10.011,1
sample,one_block,33554432,16,access,259.406,10.005,1
sample,one_block,33554432,16,unmap,335.373,10.006,1
sample,one_block,33554432,16,release,186.414,10.006,1
sample,one_block,33554432,17,create,929.512,10.004,1
sample,one_block,33554432,17,map,4.880,10.010,1
sample,one_block,33554432,17,access,265.278,10.005,1
sample,one_block,33554432,17,unmap,337.517,10.005,1
sample,one_block,33554432,17,release,186.142,10.006,1
sample,one_block,33554432,18,create,932.296,10.006,1
sample,one_block,33554432,18,map,4.512,10.011,1
sample,one_block,33554432,18,access,257.486,10.005,1
sample,one_block,33554432,18,unmap,335.741,10.007,1
sample,one_block,33554432,18,release,183.822,10.006,1
sample,one_block,33554432,19,create,924.024,10.004,1
sample,one_block,33554432,19,map,4.736,10.010,1
sample,one_block,33554432,19,access,315.373,10.005,1
sample,one_block,33554432,19,unmap,336.221,10.006,1
sample,one_block,33554432,19,release,181.198,10.006,1
sample,one_block,33554432,20,create,919.768,10.006,1
sample,one_block,33554432,20,map,4.704,10.011,1
sample,one_block,33554432,20,access,259.774,10.005,1
sample,one_block,33554432,20,unmap,336.253,10.006,1
sample,one_block,33554432,20,release,188.254,10.006,1
sample,one_block,33554432,21,create,924.280,10.004,1
sample,one_block,33554432,21,map,5.008,10.011,1
sample,one_block,33554432,21,access,257.726,10.006,1
sample,one_block,33554432,21,unmap,342.045,10.006,1
sample,one_block,33554432,21,release,179.246,10.006,1
sample,one_block,33554432,22,create,932.600,10.004,1
sample,one_block,33554432,22,map,4.544,10.010,1
sample,one_block,33554432,22,access,261.870,10.005,1
sample,one_block,33554432,22,unmap,340.189,10.005,1
sample,one_block,33554432,22,release,179.950,10.006,1
sample,one_block,33554432,23,create,926.504,10.004,1
sample,one_block,33554432,23,map,4.784,10.010,1
sample,one_block,33554432,23,access,256.830,10.005,1
sample,one_block,33554432,23,unmap,333.373,10.005,1
sample,one_block,33554432,23,release,187.902,10.006,1
sample,one_block,33554432,24,create,926.072,10.006,1
sample,one_block,33554432,24,map,4.672,10.010,1
sample,one_block,33554432,24,access,258.286,10.005,1
sample,one_block,33554432,24,unmap,333.789,10.006,1
sample,one_block,33554432,24,release,187.358,10.006,1
sample,one_block,33554432,25,create,915.448,10.004,1
sample,one_block,33554432,25,map,4.672,10.010,1
sample,one_block,33554432,25,access,258.510,10.005,1
sample,one_block,33554432,25,unmap,334.669,10.007,1
sample,one_block,33554432,25,release,185.646,10.006,1
sample,one_block,33554432,26,create,932.104,10.004,1
sample,one_block,33554432,26,map,4.624,10.010,1
sample,one_block,33554432,26,access,256.381,10.005,1
sample,one_block,33554432,26,unmap,335.261,10.006,1
sample,one_block,33554432,26,release,186.894,10.006,1
sample,one_block,33554432,27,create,930.856,10.006,1
sample,one_block,33554432,27,map,4.832,10.010,1
sample,one_block,33554432,27,access,257.901,10.005,1
sample,one_block,33554432,27,unmap,335.837,10.005,1
sample,one_block,33554432,27,release,188.030,10.006,1
sample,one_block,33554432,28,create,936.472,10.004,1
sample,one_block,33554432,28,map,4.976,10.010,1
sample,one_block,33554432,28,access,258.558,10.005,1
sample,one_block,33554432,28,unmap,336.286,10.007,1
sample,one_block,33554432,28,release,190.703,10.006,1
sample,one_block,33554432,29,create,926.968,10.004,1
sample,one_block,33554432,29,map,4.672,10.009,1
sample,one_block,33554432,29,access,257.742,10.005,1
sample,one_block,33554432,29,unmap,331.485,10.007,1
sample,one_block,33554432,29,release,184.239,10.006,1
sample,sm_count_blocks,33554432,0,create,918.520,10.004,1
sample,sm_count_blocks,33554432,0,map,4.960,10.010,1
sample,sm_count_blocks,33554432,0,access,259.518,10.005,1
sample,sm_count_blocks,33554432,0,unmap,335.421,10.007,1
sample,sm_count_blocks,33554432,0,release,179.918,10.006,1
sample,sm_count_blocks,33554432,1,create,951.912,10.006,1
sample,sm_count_blocks,33554432,1,map,4.624,10.009,1
sample,sm_count_blocks,33554432,1,access,256.302,10.006,1
sample,sm_count_blocks,33554432,1,unmap,336.269,10.007,1
sample,sm_count_blocks,33554432,1,release,183.502,10.006,1
sample,sm_count_blocks,33554432,2,create,934.744,10.004,1
sample,sm_count_blocks,33554432,2,map,4.512,10.011,1
sample,sm_count_blocks,33554432,2,access,255.438,10.004,1
sample,sm_count_blocks,33554432,2,unmap,352.381,10.005,1
sample,sm_count_blocks,33554432,2,release,182.846,10.006,1
sample,sm_count_blocks,33554432,3,create,934.568,10.004,1
sample,sm_count_blocks,33554432,3,map,4.800,10.010,1
sample,sm_count_blocks,33554432,3,access,261.326,10.005,1
sample,sm_count_blocks,33554432,3,unmap,333.997,10.005,1
sample,sm_count_blocks,33554432,3,release,186.942,10.006,1
sample,sm_count_blocks,33554432,4,create,924.232,10.004,1
sample,sm_count_blocks,33554432,4,map,4.720,10.010,1
sample,sm_count_blocks,33554432,4,access,263.358,10.005,1
sample,sm_count_blocks,33554432,4,unmap,336.477,10.005,1
sample,sm_count_blocks,33554432,4,release,188.575,10.006,1
sample,sm_count_blocks,33554432,5,create,924.776,10.006,1
sample,sm_count_blocks,33554432,5,map,4.912,10.010,1
sample,sm_count_blocks,33554432,5,access,267.006,10.006,1
sample,sm_count_blocks,33554432,5,unmap,338.941,10.007,1
sample,sm_count_blocks,33554432,5,release,185.519,10.006,1
sample,sm_count_blocks,33554432,6,create,926.344,10.004,1
sample,sm_count_blocks,33554432,6,map,4.752,10.010,1
sample,sm_count_blocks,33554432,6,access,264.398,10.005,1
sample,sm_count_blocks,33554432,6,unmap,340.317,10.005,1
sample,sm_count_blocks,33554432,6,release,185.631,10.007,1
sample,sm_count_blocks,33554432,7,create,932.600,10.004,1
sample,sm_count_blocks,33554432,7,map,4.336,10.010,1
sample,sm_count_blocks,33554432,7,access,262.254,10.005,1
sample,sm_count_blocks,33554432,7,unmap,337.309,10.007,1
sample,sm_count_blocks,33554432,7,release,185.727,10.006,1
sample,sm_count_blocks,33554432,8,create,924.856,10.004,1
sample,sm_count_blocks,33554432,8,map,4.800,10.011,1
sample,sm_count_blocks,33554432,8,access,254.286,10.006,1
sample,sm_count_blocks,33554432,8,unmap,334.813,10.005,1
sample,sm_count_blocks,33554432,8,release,188.399,10.006,1
sample,sm_count_blocks,33554432,9,create,925.033,10.004,1
sample,sm_count_blocks,33554432,9,map,5.024,10.010,1
sample,sm_count_blocks,33554432,9,access,261.598,10.005,1
sample,sm_count_blocks,33554432,9,unmap,333.662,10.005,1
sample,sm_count_blocks,33554432,9,release,187.167,10.006,1
sample,sm_count_blocks,33554432,10,create,914.361,10.006,1
sample,sm_count_blocks,33554432,10,map,4.736,10.011,1
sample,sm_count_blocks,33554432,10,access,248.605,10.006,1
sample,sm_count_blocks,33554432,10,unmap,333.406,10.005,1
sample,sm_count_blocks,33554432,10,release,190.063,10.006,1
sample,sm_count_blocks,33554432,11,create,935.656,10.004,1
sample,sm_count_blocks,33554432,11,map,5.008,10.010,1
sample,sm_count_blocks,33554432,11,access,256.605,10.005,1
sample,sm_count_blocks,33554432,11,unmap,335.661,10.006,1
sample,sm_count_blocks,33554432,11,release,177.518,10.006,1
sample,sm_count_blocks,33554432,12,create,931.800,10.004,1
sample,sm_count_blocks,33554432,12,map,4.864,10.010,1
sample,sm_count_blocks,33554432,12,access,255.661,10.005,1
sample,sm_count_blocks,33554432,12,unmap,334.430,10.007,1
sample,sm_count_blocks,33554432,12,release,183.487,10.006,1
sample,sm_count_blocks,33554432,13,create,938.457,10.004,1
sample,sm_count_blocks,33554432,13,map,4.896,10.010,1
sample,sm_count_blocks,33554432,13,access,262.670,10.005,1
sample,sm_count_blocks,33554432,13,unmap,338.573,10.007,1
sample,sm_count_blocks,33554432,13,release,183.726,10.006,1
sample,sm_count_blocks,33554432,14,create,925.960,10.006,1
sample,sm_count_blocks,33554432,14,map,4.816,10.011,1
sample,sm_count_blocks,33554432,14,access,252.797,10.008,1
sample,sm_count_blocks,33554432,14,unmap,335.262,10.006,1
sample,sm_count_blocks,33554432,14,release,182.574,10.006,1
sample,sm_count_blocks,33554432,15,create,921.352,10.004,1
sample,sm_count_blocks,33554432,15,map,4.528,10.009,1
sample,sm_count_blocks,33554432,15,access,256.077,10.006,1
sample,sm_count_blocks,33554432,15,unmap,337.197,10.007,1
sample,sm_count_blocks,33554432,15,release,185.886,10.006,1
sample,sm_count_blocks,33554432,16,create,924.936,10.004,1
sample,sm_count_blocks,33554432,16,map,4.928,10.010,1
sample,sm_count_blocks,33554432,16,access,255.102,10.005,1
sample,sm_count_blocks,33554432,16,unmap,332.141,10.006,1
sample,sm_count_blocks,33554432,16,release,183.166,10.006,1
sample,sm_count_blocks,33554432,17,create,940.760,10.004,1
sample,sm_count_blocks,33554432,17,map,4.688,10.010,1
sample,sm_count_blocks,33554432,17,access,257.310,10.005,1
sample,sm_count_blocks,33554432,17,unmap,336.349,10.005,1
sample,sm_count_blocks,33554432,17,release,187.086,10.006,1
sample,sm_count_blocks,33554432,18,create,932.456,10.006,1
sample,sm_count_blocks,33554432,18,map,4.896,10.010,1
sample,sm_count_blocks,33554432,18,access,259.838,10.006,1
sample,sm_count_blocks,33554432,18,unmap,335.997,10.006,1
sample,sm_count_blocks,33554432,18,release,187.230,10.006,1
sample,sm_count_blocks,33554432,19,create,933.272,10.006,1
sample,sm_count_blocks,33554432,19,map,4.592,10.010,1
sample,sm_count_blocks,33554432,19,access,260.494,10.006,1
sample,sm_count_blocks,33554432,19,unmap,332.925,10.005,1
sample,sm_count_blocks,33554432,19,release,187.711,10.006,1
sample,sm_count_blocks,33554432,20,create,919.528,10.006,1
sample,sm_count_blocks,33554432,20,map,4.912,10.010,1
sample,sm_count_blocks,33554432,20,access,258.654,10.005,1
sample,sm_count_blocks,33554432,20,unmap,335.214,10.005,1
sample,sm_count_blocks,33554432,20,release,183.343,10.006,1
sample,sm_count_blocks,33554432,21,create,928.473,10.004,1
sample,sm_count_blocks,33554432,21,map,4.976,10.010,1
sample,sm_count_blocks,33554432,21,access,260.685,10.006,1
sample,sm_count_blocks,33554432,21,unmap,342.461,10.007,1
sample,sm_count_blocks,33554432,21,release,188.046,10.006,1
sample,sm_count_blocks,33554432,22,create,932.888,10.004,1
sample,sm_count_blocks,33554432,22,map,5.056,10.010,1
sample,sm_count_blocks,33554432,22,access,260.030,10.005,1
sample,sm_count_blocks,33554432,22,unmap,338.557,10.005,1
sample,sm_count_blocks,33554432,22,release,185.374,10.006,1
sample,sm_count_blocks,33554432,23,create,935.096,10.006,1
sample,sm_count_blocks,33554432,23,map,4.896,10.011,1
sample,sm_count_blocks,33554432,23,access,256.366,10.005,1
sample,sm_count_blocks,33554432,23,unmap,356.525,10.006,1
sample,sm_count_blocks,33554432,23,release,180.670,10.008,1
sample,sm_count_blocks,33554432,24,create,924.632,10.004,1
sample,sm_count_blocks,33554432,24,map,4.832,10.010,1
sample,sm_count_blocks,33554432,24,access,259.742,10.006,1
sample,sm_count_blocks,33554432,24,unmap,336.301,10.005,1
sample,sm_count_blocks,33554432,24,release,180.351,10.006,1
sample,sm_count_blocks,33554432,25,create,919.608,10.006,1
sample,sm_count_blocks,33554432,25,map,4.864,10.010,1
sample,sm_count_blocks,33554432,25,access,267.742,10.005,1
sample,sm_count_blocks,33554432,25,unmap,338.029,10.005,1
sample,sm_count_blocks,33554432,25,release,187.983,10.006,1
sample,sm_count_blocks,33554432,26,create,928.360,10.004,1
sample,sm_count_blocks,33554432,26,map,4.848,10.011,1
sample,sm_count_blocks,33554432,26,access,255.662,10.005,1
sample,sm_count_blocks,33554432,26,unmap,337.326,10.007,1
sample,sm_count_blocks,33554432,26,release,186.639,10.006,1
sample,sm_count_blocks,33554432,27,create,930.632,10.004,1
sample,sm_count_blocks,33554432,27,map,4.272,10.010,1
sample,sm_count_blocks,33554432,27,access,257.102,10.005,1
sample,sm_count_blocks,33554432,27,unmap,339.502,10.005,1
sample,sm_count_blocks,33554432,27,release,187.326,10.006,1
sample,sm_count_blocks,33554432,28,create,926.824,10.006,1
sample,sm_count_blocks,33554432,28,map,4.608,10.010,1
sample,sm_count_blocks,33554432,28,access,241.358,10.007,1
sample,sm_count_blocks,33554432,28,unmap,340.861,10.005,1
sample,sm_count_blocks,33554432,28,release,181.550,10.006,1
sample,sm_count_blocks,33554432,29,create,926.648,10.004,1
sample,sm_count_blocks,33554432,29,map,4.368,10.010,1
sample,sm_count_blocks,33554432,29,access,257.614,10.006,1
sample,sm_count_blocks,33554432,29,unmap,338.189,10.005,1
sample,sm_count_blocks,33554432,29,release,182.878,10.006,1
sample,idle,134217728,0,create,3817.375,0.000,0
sample,idle,134217728,0,map,5.888,0.000,0
sample,idle,134217728,0,access,833.945,0.000,0
sample,idle,134217728,0,unmap,958.680,0.000,0
sample,idle,134217728,0,release,458.732,0.000,0
sample,idle,134217728,1,create,3818.223,0.000,0
sample,idle,134217728,1,map,5.520,0.000,0
sample,idle,134217728,1,access,862.185,0.000,0
sample,idle,134217728,1,unmap,1333.733,0.000,0
sample,idle,134217728,1,release,474.940,0.000,0
sample,idle,134217728,2,create,3809.200,0.000,0
sample,idle,134217728,2,map,5.552,0.000,0
sample,idle,134217728,2,access,842.856,0.000,0
sample,idle,134217728,2,unmap,1011.783,0.000,0
sample,idle,134217728,2,release,453.869,0.000,0
sample,idle,134217728,3,create,3784.207,0.000,0
sample,idle,134217728,3,map,5.264,0.000,0
sample,idle,134217728,3,access,841.193,0.000,0
sample,idle,134217728,3,unmap,1016.247,0.000,0
sample,idle,134217728,3,release,473.372,0.000,0
sample,idle,134217728,4,create,3827.920,0.000,0
sample,idle,134217728,4,map,6.448,0.000,0
sample,idle,134217728,4,access,831.945,0.000,0
sample,idle,134217728,4,unmap,1015.303,0.000,0
sample,idle,134217728,4,release,485.612,0.000,0
sample,idle,134217728,5,create,3816.048,0.000,0
sample,idle,134217728,5,map,5.856,0.000,0
sample,idle,134217728,5,access,840.761,0.000,0
sample,idle,134217728,5,unmap,1014.792,0.000,0
sample,idle,134217728,5,release,469.852,0.000,0
sample,idle,134217728,6,create,3821.791,0.000,0
sample,idle,134217728,6,map,5.312,0.000,0
sample,idle,134217728,6,access,826.841,0.000,0
sample,idle,134217728,6,unmap,988.791,0.000,0
sample,idle,134217728,6,release,481.628,0.000,0
sample,idle,134217728,7,create,3809.296,0.000,0
sample,idle,134217728,7,map,5.664,0.000,0
sample,idle,134217728,7,access,850.393,0.000,0
sample,idle,134217728,7,unmap,1020.343,0.000,0
sample,idle,134217728,7,release,479.676,0.000,0
sample,idle,134217728,8,create,3789.760,0.000,0
sample,idle,134217728,8,map,5.824,0.000,0
sample,idle,134217728,8,access,820.569,0.000,0
sample,idle,134217728,8,unmap,1010.583,0.000,0
sample,idle,134217728,8,release,469.628,0.000,0
sample,idle,134217728,9,create,3804.064,0.000,0
sample,idle,134217728,9,map,5.760,0.000,0
sample,idle,134217728,9,access,851.401,0.000,0
sample,idle,134217728,9,unmap,1016.519,0.000,0
sample,idle,134217728,9,release,508.716,0.000,0
sample,idle,134217728,10,create,3830.832,0.000,0
sample,idle,134217728,10,map,5.376,0.000,0
sample,idle,134217728,10,access,835.768,0.000,0
sample,idle,134217728,10,unmap,1020.999,0.000,0
sample,idle,134217728,10,release,476.748,0.000,0
sample,idle,134217728,11,create,3800.944,0.000,0
sample,idle,134217728,11,map,5.776,0.000,0
sample,idle,134217728,11,access,851.113,0.000,0
sample,idle,134217728,11,unmap,1018.136,0.000,0
sample,idle,134217728,11,release,473.388,0.000,0
sample,idle,134217728,12,create,3823.791,0.000,0
sample,idle,134217728,12,map,5.680,0.000,0
sample,idle,134217728,12,access,749.706,0.000,0
sample,idle,134217728,12,unmap,904.809,0.000,0
sample,idle,134217728,12,release,471.148,0.000,0
sample,idle,134217728,13,create,3831.663,0.000,0
sample,idle,134217728,13,map,5.744,0.000,0
sample,idle,134217728,13,access,867.368,0.000,0
sample,idle,134217728,13,unmap,1014.967,0.000,0
sample,idle,134217728,13,release,470.828,0.000,0
sample,idle,134217728,14,create,3804.368,0.000,0
sample,idle,134217728,14,map,5.376,0.000,0
sample,idle,134217728,14,access,837.321,0.000,0
sample,idle,134217728,14,unmap,1009.784,0.000,0
sample,idle,134217728,14,release,460.700,0.000,0
sample,idle,134217728,15,create,3820.351,0.000,0
sample,idle,134217728,15,map,5.600,0.000,0
sample,idle,134217728,15,access,847.593,0.000,0
sample,idle,134217728,15,unmap,1012.999,0.000,0
sample,idle,134217728,15,release,483.916,0.000,0
sample,idle,134217728,16,create,3830.863,0.000,0
sample,idle,134217728,16,map,5.728,0.000,0
sample,idle,134217728,16,access,830.697,0.000,0
sample,idle,134217728,16,unmap,1013.207,0.000,0
sample,idle,134217728,16,release,472.188,0.000,0
sample,idle,134217728,17,create,3819.312,0.000,0
sample,idle,134217728,17,map,5.488,0.000,0
sample,idle,134217728,17,access,840.345,0.000,0
sample,idle,134217728,17,unmap,1014.215,0.000,0
sample,idle,134217728,17,release,465.628,0.000,0
sample,idle,134217728,18,create,3824.944,0.000,0
sample,idle,134217728,18,map,5.776,0.000,0
sample,idle,134217728,18,access,746.362,0.000,0
sample,idle,134217728,18,unmap,965.624,0.000,0
sample,idle,134217728,18,release,461.708,0.000,0
sample,idle,134217728,19,create,3833.279,0.000,0
sample,idle,134217728,19,map,5.152,0.000,0
sample,idle,134217728,19,access,853.065,0.000,0
sample,idle,134217728,19,unmap,1014.887,0.000,0
sample,idle,134217728,19,release,451.212,0.000,0
sample,idle,134217728,20,create,3798.928,0.000,0
sample,idle,134217728,20,map,5.680,0.000,0
sample,idle,134217728,20,access,826.585,0.000,0
sample,idle,134217728,20,unmap,1011.944,0.000,0
sample,idle,134217728,20,release,479.676,0.000,0
sample,idle,134217728,21,create,3805.855,0.000,0
sample,idle,134217728,21,map,5.536,0.000,0
sample,idle,134217728,21,access,843.145,0.000,0
sample,idle,134217728,21,unmap,1009.095,0.000,0
sample,idle,134217728,21,release,461.084,0.000,0
sample,idle,134217728,22,create,3784.752,0.000,0
sample,idle,134217728,22,map,12.464,0.000,0
sample,idle,134217728,22,access,838.441,0.000,0
sample,idle,134217728,22,unmap,1011.704,0.000,0
sample,idle,134217728,22,release,467.340,0.000,0
sample,idle,134217728,23,create,3784.624,0.000,0
sample,idle,134217728,23,map,5.872,0.000,0
sample,idle,134217728,23,access,841.257,0.000,0
sample,idle,134217728,23,unmap,1007.720,0.000,0
sample,idle,134217728,23,release,462.988,0.000,0
sample,idle,134217728,24,create,3791.471,0.000,0
sample,idle,134217728,24,map,5.712,0.000,0
sample,idle,134217728,24,access,833.449,0.000,0
sample,idle,134217728,24,unmap,1006.119,0.000,0
sample,idle,134217728,24,release,455.756,0.000,0
sample,idle,134217728,25,create,3820.672,0.000,0
sample,idle,134217728,25,map,5.696,0.000,0
sample,idle,134217728,25,access,844.953,0.000,0
sample,idle,134217728,25,unmap,1011.560,0.000,0
sample,idle,134217728,25,release,464.316,0.000,0
sample,idle,134217728,26,create,3808.303,0.000,0
sample,idle,134217728,26,map,5.616,0.000,0
sample,idle,134217728,26,access,828.873,0.000,0
sample,idle,134217728,26,unmap,1005.207,0.000,0
sample,idle,134217728,26,release,489.212,0.000,0
sample,idle,134217728,27,create,3823.248,0.000,0
sample,idle,134217728,27,map,5.632,0.000,0
sample,idle,134217728,27,access,847.176,0.000,0
sample,idle,134217728,27,unmap,1008.151,0.000,0
sample,idle,134217728,27,release,463.052,0.000,0
sample,idle,134217728,28,create,3816.016,0.000,0
sample,idle,134217728,28,map,5.312,0.000,0
sample,idle,134217728,28,access,827.625,0.000,0
sample,idle,134217728,28,unmap,999.704,0.000,0
sample,idle,134217728,28,release,473.052,0.000,0
sample,idle,134217728,29,create,3831.295,0.000,0
sample,idle,134217728,29,map,5.904,0.000,0
sample,idle,134217728,29,access,836.713,0.000,0
sample,idle,134217728,29,unmap,1004.215,0.000,0
sample,idle,134217728,29,release,467.356,0.000,0
sample,idle,134217728,30,create,3795.440,0.000,0
sample,idle,134217728,30,map,5.408,0.000,0
sample,idle,134217728,30,access,830.057,0.000,0
sample,idle,134217728,30,unmap,1011.464,0.000,0
sample,idle,134217728,30,release,468.124,0.000,0
sample,idle,134217728,31,create,3821.071,0.000,0
sample,idle,134217728,31,map,5.568,0.000,0
sample,idle,134217728,31,access,833.241,0.000,0
sample,idle,134217728,31,unmap,1016.871,0.000,0
sample,idle,134217728,31,release,489.132,0.000,0
sample,idle,134217728,32,create,3810.032,0.000,0
sample,idle,134217728,32,map,5.487,0.000,0
sample,idle,134217728,32,access,849.385,0.000,0
sample,idle,134217728,32,unmap,984.359,0.000,0
sample,idle,134217728,32,release,450.525,0.000,0
sample,idle,134217728,33,create,3786.863,0.000,0
sample,idle,134217728,33,map,5.552,0.000,0
sample,idle,134217728,33,access,846.361,0.000,0
sample,idle,134217728,33,unmap,1011.271,0.000,0
sample,idle,134217728,33,release,460.220,0.000,0
sample,idle,134217728,34,create,3829.744,0.000,0
sample,idle,134217728,34,map,5.536,0.000,0
sample,idle,134217728,34,access,827.113,0.000,0
sample,idle,134217728,34,unmap,1010.968,0.000,0
sample,idle,134217728,34,release,484.587,0.000,0
sample,idle,134217728,35,create,3815.344,0.000,0
sample,idle,134217728,35,map,5.696,0.000,0
sample,idle,134217728,35,access,844.025,0.000,0
sample,idle,134217728,35,unmap,995.256,0.000,0
sample,idle,134217728,35,release,459.148,0.000,0
sample,idle,134217728,36,create,3801.104,0.000,0
sample,idle,134217728,36,map,5.840,0.000,0
sample,idle,134217728,36,access,830.793,0.000,0
sample,idle,134217728,36,unmap,1009.944,0.000,0
sample,idle,134217728,36,release,472.028,0.000,0
sample,idle,134217728,37,create,3795.231,0.000,0
sample,idle,134217728,37,map,5.232,0.000,0
sample,idle,134217728,37,access,824.617,0.000,0
sample,idle,134217728,37,unmap,991.319,0.000,0
sample,idle,134217728,37,release,445.741,0.000,0
sample,idle,134217728,38,create,3806.255,0.000,0
sample,idle,134217728,38,map,5.568,0.000,0
sample,idle,134217728,38,access,826.377,0.000,0
sample,idle,134217728,38,unmap,1003.879,0.000,0
sample,idle,134217728,38,release,483.116,0.000,0
sample,idle,134217728,39,create,3805.504,0.000,0
sample,idle,134217728,39,map,6.048,0.000,0
sample,idle,134217728,39,access,845.913,0.000,0
sample,idle,134217728,39,unmap,1010.584,0.000,0
sample,idle,134217728,39,release,469.116,0.000,0
sample,idle,134217728,40,create,3794.351,0.000,0
sample,idle,134217728,40,map,5.664,0.000,0
sample,idle,134217728,40,access,835.193,0.000,0
sample,idle,134217728,40,unmap,1016.167,0.000,0
sample,idle,134217728,40,release,454.668,0.000,0
sample,idle,134217728,41,create,3787.744,0.000,0
sample,idle,134217728,41,map,5.664,0.000,0
sample,idle,134217728,41,access,828.249,0.000,0
sample,idle,134217728,41,unmap,1019.367,0.000,0
sample,idle,134217728,41,release,453.660,0.000,0
sample,idle,134217728,42,create,3845.599,0.000,0
sample,idle,134217728,42,map,5.248,0.000,0
sample,idle,134217728,42,access,830.073,0.000,0
sample,idle,134217728,42,unmap,1003.895,0.000,0
sample,idle,134217728,42,release,483.596,0.000,0
sample,idle,134217728,43,create,3841.952,0.000,0
sample,idle,134217728,43,map,6.063,0.000,0
sample,idle,134217728,43,access,841.689,0.000,0
sample,idle,134217728,43,unmap,1005.431,0.000,0
sample,idle,134217728,43,release,471.676,0.000,0
sample,idle,134217728,44,create,3824.144,0.000,0
sample,idle,134217728,44,map,5.712,0.000,0
sample,idle,134217728,44,access,807.177,0.000,0
sample,idle,134217728,44,unmap,1011.144,0.000,0
sample,idle,134217728,44,release,487.452,0.000,0
sample,idle,134217728,45,create,3801.551,0.000,0
sample,idle,134217728,45,map,5.744,0.000,0
sample,idle,134217728,45,access,850.393,0.000,0
sample,idle,134217728,45,unmap,1011.063,0.000,0
sample,idle,134217728,45,release,472.524,0.000,0
sample,idle,134217728,46,create,3805.824,0.000,0
sample,idle,134217728,46,map,5.552,0.000,0
sample,idle,134217728,46,access,830.745,0.000,0
sample,idle,134217728,46,unmap,1012.168,0.000,0
sample,idle,134217728,46,release,454.204,0.000,0
sample,idle,134217728,47,create,3803.519,0.000,0
sample,idle,134217728,47,map,5.568,0.000,0
sample,idle,134217728,47,access,815.338,0.000,0
sample,idle,134217728,47,unmap,1004.568,0.000,0
sample,idle,134217728,47,release,479.291,0.000,0
sample,idle,134217728,48,create,3798.672,0.000,0
sample,idle,134217728,48,map,5.664,0.000,0
sample,idle,134217728,48,access,833.193,0.000,0
sample,idle,134217728,48,unmap,1015.592,0.000,0
sample,idle,134217728,48,release,479.964,0.000,0
sample,idle,134217728,49,create,3808.687,0.000,0
sample,idle,134217728,49,map,5.584,0.000,0
sample,idle,134217728,49,access,818.041,0.000,0
sample,idle,134217728,49,unmap,989.256,0.000,0
sample,idle,134217728,49,release,465.500,0.000,0
sample,idle,134217728,50,create,3792.655,0.000,0
sample,idle,134217728,50,map,5.584,0.000,0
sample,idle,134217728,50,access,825.113,0.000,0
sample,idle,134217728,50,unmap,1014.151,0.000,0
sample,idle,134217728,50,release,478.236,0.000,0
sample,idle,134217728,51,create,3808.592,0.000,0
sample,idle,134217728,51,map,5.680,0.000,0
sample,idle,134217728,51,access,838.937,0.000,0
sample,idle,134217728,51,unmap,1010.920,0.000,0
sample,idle,134217728,51,release,462.204,0.000,0
sample,idle,134217728,52,create,3814.975,0.000,0
sample,idle,134217728,52,map,5.632,0.000,0
sample,idle,134217728,52,access,828.329,0.000,0
sample,idle,134217728,52,unmap,1003.655,0.000,0
sample,idle,134217728,52,release,459.372,0.000,0
sample,idle,134217728,53,create,3821.472,0.000,0
sample,idle,134217728,53,map,5.472,0.000,0
sample,idle,134217728,53,access,841.129,0.000,0
sample,idle,134217728,53,unmap,1010.840,0.000,0
sample,idle,134217728,53,release,471.628,0.000,0
sample,idle,134217728,54,create,3819.311,0.000,0
sample,idle,134217728,54,map,5.760,0.000,0
sample,idle,134217728,54,access,836.729,0.000,0
sample,idle,134217728,54,unmap,1012.631,0.000,0
sample,idle,134217728,54,release,475.244,0.000,0
sample,idle,134217728,55,create,3812.464,0.000,0
sample,idle,134217728,55,map,4.928,0.000,0
sample,idle,134217728,55,access,843.880,0.000,0
sample,idle,134217728,55,unmap,1009.863,0.000,0
sample,idle,134217728,55,release,454.573,0.000,0
sample,idle,134217728,56,create,3810.799,0.000,0
sample,idle,134217728,56,map,5.200,0.000,0
sample,idle,134217728,56,access,825.049,0.000,0
sample,idle,134217728,56,unmap,1013.847,0.000,0
sample,idle,134217728,56,release,484.876,0.000,0
sample,idle,134217728,57,create,3821.216,0.000,0
sample,idle,134217728,57,map,5.647,0.000,0
sample,idle,134217728,57,access,843.465,0.000,0
sample,idle,134217728,57,unmap,1013.623,0.000,0
sample,idle,134217728,57,release,475.036,0.000,0
sample,idle,134217728,58,create,3810.480,0.000,0
sample,idle,134217728,58,map,5.472,0.000,0
sample,idle,134217728,58,access,828.873,0.000,0
sample,idle,134217728,58,unmap,1014.968,0.000,0
sample,idle,134217728,58,release,477.308,0.000,0
sample,idle,134217728,59,create,3794.735,0.000,0
sample,idle,134217728,59,map,5.504,0.000,0
sample,idle,134217728,59,access,840.329,0.000,0
sample,idle,134217728,59,unmap,1012.167,0.000,0
sample,idle,134217728,59,release,466.252,0.000,0
sample,idle,134217728,60,create,3811.984,0.000,0
sample,idle,134217728,60,map,5.664,0.000,0
sample,idle,134217728,60,access,828.569,0.000,0
sample,idle,134217728,60,unmap,1005.608,0.000,0
sample,idle,134217728,60,release,476.796,0.000,0
sample,idle,134217728,61,create,3818.479,0.000,0
sample,idle,134217728,61,map,5.600,0.000,0
sample,idle,134217728,61,access,839.817,0.000,0
sample,idle,134217728,61,unmap,1011.271,0.000,0
sample,idle,134217728,61,release,475.996,0.000,0
sample,idle,134217728,62,create,3798.384,0.000,0
sample,idle,134217728,62,map,5.888,0.000,0
sample,idle,134217728,62,access,819.225,0.000,0
sample,idle,134217728,62,unmap,911.128,0.000,0
sample,idle,134217728,62,release,467.597,0.000,0
sample,idle,134217728,63,create,3787.887,0.000,0
sample,idle,134217728,63,map,4.864,0.000,0
sample,idle,134217728,63,access,1118.487,0.000,0
sample,idle,134217728,63,unmap,1026.551,0.000,0
sample,idle,134217728,63,release,484.300,0.000,0
sample,idle,134217728,64,create,3791.344,0.000,0
sample,idle,134217728,64,map,5.632,0.000,0
sample,idle,134217728,64,access,832.441,0.000,0
sample,idle,134217728,64,unmap,1014.552,0.000,0
sample,idle,134217728,64,release,488.027,0.000,0
sample,idle,134217728,65,create,3783.152,0.000,0
sample,idle,134217728,65,map,5.488,0.000,0
sample,idle,134217728,65,access,840.969,0.000,0
sample,idle,134217728,65,unmap,1007.064,0.000,0
sample,idle,134217728,65,release,476.844,0.000,0
sample,idle,134217728,66,create,3832.895,0.000,0
sample,idle,134217728,66,map,5.584,0.000,0
sample,idle,134217728,66,access,827.481,0.000,0
sample,idle,134217728,66,unmap,994.439,0.000,0
sample,idle,134217728,66,release,470.940,0.000,0
sample,idle,134217728,67,create,3806.800,0.000,0
sample,idle,134217728,67,map,5.824,0.000,0
sample,idle,134217728,67,access,838.649,0.000,0
sample,idle,134217728,67,unmap,1009.912,0.000,0
sample,idle,134217728,67,release,483.724,0.000,0
sample,idle,134217728,68,create,3814.143,0.000,0
sample,idle,134217728,68,map,5.696,0.000,0
sample,idle,134217728,68,access,825.833,0.000,0
sample,idle,134217728,68,unmap,1012.503,0.000,0
sample,idle,134217728,68,release,479.628,0.000,0
sample,idle,134217728,69,create,3821.312,0.000,0
sample,idle,134217728,69,map,5.552,0.000,0
sample,idle,134217728,69,access,847.385,0.000,0
sample,idle,134217728,69,unmap,1013.367,0.000,0
sample,idle,134217728,69,release,474.460,0.000,0
sample,idle,134217728,70,create,3802.224,0.000,0
sample,idle,134217728,70,map,5.840,0.000,0
sample,idle,134217728,70,access,824.233,0.000,0
sample,idle,134217728,70,unmap,990.791,0.000,0
sample,idle,134217728,70,release,465.596,0.000,0
sample,idle,134217728,71,create,3782.624,0.000,0
sample,idle,134217728,71,map,5.888,0.000,0
sample,idle,134217728,71,access,837.001,0.000,0
sample,idle,134217728,71,unmap,1014.136,0.000,0
sample,idle,134217728,71,release,481.532,0.000,0
sample,idle,134217728,72,create,3809.167,0.000,0
sample,idle,134217728,72,map,5.792,0.000,0
sample,idle,134217728,72,access,830.265,0.000,0
sample,idle,134217728,72,unmap,1014.631,0.000,0
sample,idle,134217728,72,release,487.660,0.000,0
sample,idle,134217728,73,create,3808.416,0.000,0
sample,idle,134217728,73,map,5.440,0.000,0
sample,idle,134217728,73,access,820.713,0.000,0
sample,idle,134217728,73,unmap,990.456,0.000,0
sample,idle,134217728,73,release,471.964,0.000,0
sample,idle,134217728,74,create,3797.712,0.000,0
sample,idle,134217728,74,map,5.551,0.000,0
sample,idle,134217728,74,access,827.513,0.000,0
sample,idle,134217728,74,unmap,1014.695,0.000,0
sample,idle,134217728,74,release,474.204,0.000,0
sample,idle,134217728,75,create,3823.904,0.000,0
sample,idle,134217728,75,map,5.584,0.000,0
sample,idle,134217728,75,access,850.441,0.000,0
sample,idle,134217728,75,unmap,1006.776,0.000,0
sample,idle,134217728,75,release,476.075,0.000,0
sample,idle,134217728,76,create,3834.864,0.000,0
sample,idle,134217728,76,map,5.504,0.000,0
sample,idle,134217728,76,access,827.465,0.000,0
sample,idle,134217728,76,unmap,1012.712,0.000,0
sample,idle,134217728,76,release,477.212,0.000,0
sample,idle,134217728,77,create,3805.792,0.000,0
sample,idle,134217728,77,map,6.063,0.000,0
sample,idle,134217728,77,access,843.097,0.000,0
sample,idle,134217728,77,unmap,1005.447,0.000,0
sample,idle,134217728,77,release,462.380,0.000,0
sample,idle,134217728,78,create,3802.288,0.000,0
sample,idle,134217728,78,map,13.888,0.000,0
sample,idle,134217728,78,access,832.185,0.000,0
sample,idle,134217728,78,unmap,993.368,0.000,0
sample,idle,134217728,78,release,487.708,0.000,0
sample,idle,134217728,79,create,3788.928,0.000,0
sample,idle,134217728,79,map,5.936,0.000,0
sample,idle,134217728,79,access,838.281,0.000,0
sample,idle,134217728,79,unmap,1010.664,0.000,0
sample,idle,134217728,79,release,451.021,0.000,0
sample,idle,134217728,80,create,3814.895,0.000,0
sample,idle,134217728,80,map,5.648,0.000,0
sample,idle,134217728,80,access,823.065,0.000,0
sample,idle,134217728,80,unmap,1009.895,0.000,0
sample,idle,134217728,80,release,481.420,0.000,0
sample,idle,134217728,81,create,3818.256,0.000,0
sample,idle,134217728,81,map,5.504,0.000,0
sample,idle,134217728,81,access,845.384,0.000,0
sample,idle,134217728,81,unmap,1011.959,0.000,0
sample,idle,134217728,81,release,482.588,0.000,0
sample,idle,134217728,82,create,3811.664,0.000,0
sample,idle,134217728,82,map,5.472,0.000,0
sample,idle,134217728,82,access,824.377,0.000,0
sample,idle,134217728,82,unmap,996.168,0.000,0
sample,idle,134217728,82,release,471.916,0.000,0
sample,idle,134217728,83,create,3838.735,0.000,0
sample,idle,134217728,83,map,5.792,0.000,0
sample,idle,134217728,83,access,844.313,0.000,0
sample,idle,134217728,83,unmap,1008.023,0.000,0
sample,idle,134217728,83,release,480.908,0.000,0
sample,idle,134217728,84,create,3791.712,0.000,0
sample,idle,134217728,84,map,5.856,0.000,0
sample,idle,134217728,84,access,826.729,0.000,0
sample,idle,134217728,84,unmap,1016.216,0.000,0
sample,idle,134217728,84,release,474.572,0.000,0
sample,idle,134217728,85,create,3822.655,0.000,0
sample,idle,134217728,85,map,5.888,0.000,0
sample,idle,134217728,85,access,842.713,0.000,0
sample,idle,134217728,85,unmap,989.352,0.000,0
sample,idle,134217728,85,release,454.364,0.000,0
sample,idle,134217728,86,create,3815.408,0.000,0
sample,idle,134217728,86,map,5.584,0.000,0
sample,idle,134217728,86,access,831.017,0.000,0
sample,idle,134217728,86,unmap,1005.272,0.000,0
sample,idle,134217728,86,release,465.836,0.000,0
sample,idle,134217728,87,create,3819.119,0.000,0
sample,idle,134217728,87,map,5.696,0.000,0
sample,idle,134217728,87,access,835.513,0.000,0
sample,idle,134217728,87,unmap,1013.831,0.000,0
sample,idle,134217728,87,release,469.020,0.000,0
sample,idle,134217728,88,create,3825.296,0.000,0
sample,idle,134217728,88,map,5.792,0.000,0
sample,idle,134217728,88,access,821.417,0.000,0
sample,idle,134217728,88,unmap,973.208,0.000,0
sample,idle,134217728,88,release,456.892,0.000,0
sample,idle,134217728,89,create,3812.768,0.000,0
sample,idle,134217728,89,map,5.776,0.000,0
sample,idle,134217728,89,access,843.176,0.000,0
sample,idle,134217728,89,unmap,1015.335,0.000,0
sample,idle,134217728,89,release,478.652,0.000,0
sample,idle,134217728,90,create,3819.328,0.000,0
sample,idle,134217728,90,map,5.952,0.000,0
sample,idle,134217728,90,access,831.065,0.000,0
sample,idle,134217728,90,unmap,1014.408,0.000,0
sample,idle,134217728,90,release,458.300,0.000,0
sample,idle,134217728,91,create,3804.320,0.000,0
sample,idle,134217728,91,map,5.872,0.000,0
sample,idle,134217728,91,access,838.937,0.000,0
sample,idle,134217728,91,unmap,1000.263,0.000,0
sample,idle,134217728,91,release,469.804,0.000,0
sample,idle,134217728,92,create,3817.920,0.000,0
sample,idle,134217728,92,map,4.864,0.000,0
sample,idle,134217728,92,access,833.529,0.000,0
sample,idle,134217728,92,unmap,1007.304,0.000,0
sample,idle,134217728,92,release,475.532,0.000,0
sample,idle,134217728,93,create,3784.912,0.000,0
sample,idle,134217728,93,map,5.328,0.000,0
sample,idle,134217728,93,access,849.816,0.000,0
sample,idle,134217728,93,unmap,1012.247,0.000,0
sample,idle,134217728,93,release,473.948,0.000,0
sample,idle,134217728,94,create,3825.040,0.000,0
sample,idle,134217728,94,map,5.520,0.000,0
sample,idle,134217728,94,access,824.201,0.000,0
sample,idle,134217728,94,unmap,1005.272,0.000,0
sample,idle,134217728,94,release,462.828,0.000,0
sample,idle,134217728,95,create,3815.183,0.000,0
sample,idle,134217728,95,map,5.344,0.000,0
sample,idle,134217728,95,access,838.713,0.000,0
sample,idle,134217728,95,unmap,1010.855,0.000,0
sample,idle,134217728,95,release,481.516,0.000,0
sample,idle,134217728,96,create,3819.888,0.000,0
sample,idle,134217728,96,map,5.344,0.000,0
sample,idle,134217728,96,access,824.473,0.000,0
sample,idle,134217728,96,unmap,1017.368,0.000,0
sample,idle,134217728,96,release,1513.507,0.000,0
sample,idle,134217728,97,create,3810.367,0.000,0
sample,idle,134217728,97,map,6.144,0.000,0
sample,idle,134217728,97,access,846.025,0.000,0
sample,idle,134217728,97,unmap,1003.543,0.000,0
sample,idle,134217728,97,release,479.228,0.000,0
sample,idle,134217728,98,create,3851.727,0.000,0
sample,idle,134217728,98,map,5.312,0.000,0
sample,idle,134217728,98,access,826.057,0.000,0
sample,idle,134217728,98,unmap,996.855,0.000,0
sample,idle,134217728,98,release,453.517,0.000,0
sample,idle,134217728,99,create,3799.263,0.000,0
sample,idle,134217728,99,map,4.912,0.000,0
sample,idle,134217728,99,access,887.065,0.000,0
sample,idle,134217728,99,unmap,1396.260,0.000,0
sample,idle,134217728,99,release,460.348,0.000,0
sample,one_block,134217728,0,create,3815.136,10.004,1
sample,one_block,134217728,0,map,4.800,10.011,1
sample,one_block,134217728,0,access,826.921,10.006,1
sample,one_block,134217728,0,unmap,1041.607,10.006,1
sample,one_block,134217728,0,release,628.731,10.006,1
sample,one_block,134217728,1,create,3844.768,10.004,1
sample,one_block,134217728,1,map,4.368,10.010,1
sample,one_block,134217728,1,access,820.426,10.005,1
sample,one_block,134217728,1,unmap,1044.119,10.005,1
sample,one_block,134217728,1,release,649.227,10.006,1
sample,one_block,134217728,2,create,3795.728,10.004,1
sample,one_block,134217728,2,map,4.896,10.010,1
sample,one_block,134217728,2,access,826.153,10.007,1
sample,one_block,134217728,2,unmap,1034.215,10.006,1
sample,one_block,134217728,2,release,676.874,10.006,1
sample,one_block,134217728,3,create,3829.328,10.004,1
sample,one_block,134217728,3,map,4.992,10.010,1
sample,one_block,134217728,3,access,816.153,10.005,1
sample,one_block,134217728,3,unmap,1052.279,10.006,1
sample,one_block,134217728,3,release,645.627,10.006,1
sample,one_block,134217728,4,create,3804.528,10.004,1
sample,one_block,134217728,4,map,4.656,10.010,1
sample,one_block,134217728,4,access,834.345,10.006,1
sample,one_block,134217728,4,unmap,1047.511,10.005,1
sample,one_block,134217728,4,release,692.298,10.006,1
sample,one_block,134217728,5,create,3822.304,10.004,1
sample,one_block,134217728,5,map,4.912,10.010,1
sample,one_block,134217728,5,access,817.977,10.006,1
sample,one_block,134217728,5,unmap,1039.671,10.005,1
sample,one_block,134217728,5,release,654.955,10.006,1
sample,one_block,134217728,6,create,3805.504,10.004,1
sample,one_block,134217728,6,map,4.928,10.010,1
sample,one_block,134217728,6,access,828.377,10.005,1
sample,one_block,134217728,6,unmap,1042.215,10.006,1
sample,one_block,134217728,6,release,635.451,10.006,1
sample,one_block,134217728,7,create,3829.440,10.004,1
sample,one_block,134217728,7,map,4.736,10.011,1
sample,one_block,134217728,7,access,847.481,10.006,1
sample,one_block,134217728,7,unmap,1038.807,10.005,1
sample,one_block,134217728,7,release,630.219,10.006,1
sample,one_block,134217728,8,create,3816.400,10.006,1
sample,one_block,134217728,8,map,4.848,10.011,1
sample,one_block,134217728,8,access,822.489,10.005,1
sample,one_block,134217728,8,unmap,1052.103,10.005,1
sample,one_block,134217728,8,release,652.123,10.006,1
sample,one_block,134217728,9,create,3821.472,10.005,1
sample,one_block,134217728,9,map,4.944,10.011,1
sample,one_block,134217728,9,access,819.210,10.006,1
sample,one_block,134217728,9,unmap,1040.887,10.005,1
sample,one_block,134217728,9,release,658.619,10.006,1
sample,one_block,134217728,10,create,3810.208,10.004,1
sample,one_block,134217728,10,map,4.960,10.011,1
sample,one_block,134217728,10,access,809.929,10.004,1
sample,one_block,134217728,10,unmap,1043.303,10.007,1
sample,one_block,134217728,10,release,651.467,10.006,1
sample,one_block,134217728,11,create,3822.176,10.004,1
sample,one_block,134217728,11,map,4.960,10.011,1
sample,one_block,134217728,11,access,817.033,10.006,1
sample,one_block,134217728,11,unmap,1038.935,10.006,1
sample,one_block,134217728,11,release,645.579,10.006,1
sample,one_block,134217728,12,create,3811.711,10.005,1
sample,one_block,134217728,12,map,5.056,10.010,1
sample,one_block,134217728,12,access,822.121,10.006,1
sample,one_block,134217728,12,unmap,1044.616,10.005,1
sample,one_block,134217728,12,release,638.986,10.006,1
sample,one_block,134217728,13,create,3804.463,10.004,1
sample,one_block,134217728,13,map,4.784,10.010,1
sample,one_block,134217728,13,access,817.049,10.006,1
sample,one_block,134217728,13,unmap,1047.239,10.006,1
sample,one_block,134217728,13,release,645.274,10.006,1
sample,one_block,134217728,14,create,3798.432,10.004,1
sample,one_block,134217728,14,map,5.184,10.011,1
sample,one_block,134217728,14,access,826.729,10.006,1
sample,one_block,134217728,14,unmap,1038.631,10.006,1
sample,one_block,134217728,14,release,646.362,10.006,1
sample,one_block,134217728,15,create,3778.320,10.004,1
sample,one_block,134217728,15,map,4.816,10.010,1
sample,one_block,134217728,15,access,814.073,10.007,1
sample,one_block,134217728,15,unmap,1038.263,10.006,1
sample,one_block,134217728,15,release,636.154,10.006,1
sample,one_block,134217728,16,create,3806.831,10.004,1
sample,one_block,134217728,16,map,5.136,10.010,1
sample,one_block,134217728,16,access,810.521,10.007,1
sample,one_block,134217728,16,unmap,1040.375,10.005,1
sample,one_block,134217728,16,release,638.586,10.006,1
sample,one_block,134217728,17,create,3795.232,10.004,1
sample,one_block,134217728,17,map,4.816,10.010,1
sample,one_block,134217728,17,access,813.433,10.004,1
sample,one_block,134217728,17,unmap,1043.783,10.006,1
sample,one_block,134217728,17,release,626.363,10.006,1
sample,one_block,134217728,18,create,3791.056,10.004,1
sample,one_block,134217728,18,map,5.072,10.010,1
sample,one_block,134217728,18,access,826.425,10.006,1
sample,one_block,134217728,18,unmap,1049.335,10.006,1
sample,one_block,134217728,18,release,633.434,10.006,1
sample,one_block,134217728,19,create,3790.272,10.004,1
sample,one_block,134217728,19,map,4.944,10.010,1
sample,one_block,134217728,19,access,817.433,10.006,1
sample,one_block,134217728,19,unmap,1049.751,10.006,1
sample,one_block,134217728,19,release,631.323,10.006,1
sample,one_block,134217728,20,create,3807.024,10.004,1
sample,one_block,134217728,20,map,4.720,10.010,1
sample,one_block,134217728,20,access,822.857,10.005,1
sample,one_block,134217728,20,unmap,1038.151,10.005,1
sample,one_block,134217728,20,release,630.139,10.006,1
sample,one_block,134217728,21,create,3809.280,10.004,1
sample,one_block,134217728,21,map,4.976,10.011,1
sample,one_block,134217728,21,access,815.769,10.006,1
sample,one_block,134217728,21,unmap,1041.575,10.006,1
sample,one_block,134217728,21,release,645.387,10.006,1
sample,one_block,134217728,22,create,3801.632,10.004,1
sample,one_block,134217728,22,map,4.688,10.011,1
sample,one_block,134217728,22,access,809.434,10.006,1
sample,one_block,134217728,22,unmap,1055.655,10.005,1
sample,one_block,134217728,22,release,651.083,10.006,1
sample,one_block,134217728,23,create,3828.288,10.004,1
sample,one_block,134217728,23,map,5.024,10.011,1
sample,one_block,134217728,23,access,818.346,10.005,1
sample,one_block,134217728,23,unmap,1047.799,10.005,1
sample,one_block,134217728,23,release,639.515,10.006,1
sample,one_block,134217728,24,create,3803.648,10.004,1
sample,one_block,134217728,24,map,4.896,10.010,1
sample,one_block,134217728,24,access,824.169,10.005,1
sample,one_block,134217728,24,unmap,1045.335,10.005,1
sample,one_block,134217728,24,release,647.819,10.006,1
sample,one_block,134217728,25,create,3809.391,10.005,1
sample,one_block,134217728,25,map,5.184,10.011,1
sample,one_block,134217728,25,access,818.921,10.005,1
sample,one_block,134217728,25,unmap,1034.696,10.006,1
sample,one_block,134217728,25,release,655.498,10.006,1
sample,one_block,134217728,26,create,3819.391,10.004,1
sample,one_block,134217728,26,map,4.816,10.011,1
sample,one_block,134217728,26,access,830.665,10.006,1
sample,one_block,134217728,26,unmap,1038.407,10.006,1
sample,one_block,134217728,26,release,633.690,10.006,1
sample,one_block,134217728,27,create,3804.783,10.004,1
sample,one_block,134217728,27,map,5.072,10.011,1
sample,one_block,134217728,27,access,800.953,10.006,1
sample,one_block,134217728,27,unmap,1024.680,10.007,1
sample,one_block,134217728,27,release,637.163,10.006,1
sample,one_block,134217728,28,create,3799.648,10.004,1
sample,one_block,134217728,28,map,4.960,10.010,1
sample,one_block,134217728,28,access,812.569,10.005,1
sample,one_block,134217728,28,unmap,1043.000,10.006,1
sample,one_block,134217728,28,release,632.250,10.005,1
sample,one_block,134217728,29,create,3819.199,10.004,1
sample,one_block,134217728,29,map,5.120,10.010,1
sample,one_block,134217728,29,access,814.729,10.006,1
sample,one_block,134217728,29,unmap,1050.135,10.005,1
sample,one_block,134217728,29,release,624.618,10.005,1
sample,sm_count_blocks,134217728,0,create,3815.119,10.004,1
sample,sm_count_blocks,134217728,0,map,4.992,10.010,1
sample,sm_count_blocks,134217728,0,access,1155.030,10.005,1
sample,sm_count_blocks,134217728,0,unmap,1057.783,10.006,1
sample,sm_count_blocks,134217728,0,release,645.658,10.005,1
sample,sm_count_blocks,134217728,1,create,3809.199,10.004,1
sample,sm_count_blocks,134217728,1,map,5.184,10.011,1
sample,sm_count_blocks,134217728,1,access,825.577,10.005,1
sample,sm_count_blocks,134217728,1,unmap,1035.623,10.005,1
sample,sm_count_blocks,134217728,1,release,634.122,10.006,1
sample,sm_count_blocks,134217728,2,create,3822.000,10.006,1
sample,sm_count_blocks,134217728,2,map,5.040,10.011,1
sample,sm_count_blocks,134217728,2,access,814.169,10.006,1
sample,sm_count_blocks,134217728,2,unmap,1045.735,10.005,1
sample,sm_count_blocks,134217728,2,release,650.282,10.006,1
sample,sm_count_blocks,134217728,3,create,3814.016,10.004,1
sample,sm_count_blocks,134217728,3,map,5.232,10.010,1
sample,sm_count_blocks,134217728,3,access,821.433,10.006,1
sample,sm_count_blocks,134217728,3,unmap,1046.231,10.005,1
sample,sm_count_blocks,134217728,3,release,631.883,10.005,1
sample,sm_count_blocks,134217728,4,create,3810.624,10.004,1
sample,sm_count_blocks,134217728,4,map,5.232,10.011,1
sample,sm_count_blocks,134217728,4,access,821.561,10.006,1
sample,sm_count_blocks,134217728,4,unmap,1041.399,10.005,1
sample,sm_count_blocks,134217728,4,release,628.571,10.006,1
sample,sm_count_blocks,134217728,5,create,3790.287,10.004,1
sample,sm_count_blocks,134217728,5,map,5.391,10.010,1
sample,sm_count_blocks,134217728,5,access,822.089,10.006,1
sample,sm_count_blocks,134217728,5,unmap,1048.296,10.006,1
sample,sm_count_blocks,134217728,5,release,667.962,10.006,1
sample,sm_count_blocks,134217728,6,create,3818.319,10.004,1
sample,sm_count_blocks,134217728,6,map,5.008,10.010,1
sample,sm_count_blocks,134217728,6,access,830.953,10.006,1
sample,sm_count_blocks,134217728,6,unmap,1035.991,10.006,1
sample,sm_count_blocks,134217728,6,release,656.890,10.007,1
sample,sm_count_blocks,134217728,7,create,3804.320,10.004,1
sample,sm_count_blocks,134217728,7,map,4.848,10.010,1
sample,sm_count_blocks,134217728,7,access,809.961,10.006,1
sample,sm_count_blocks,134217728,7,unmap,1039.399,10.005,1
sample,sm_count_blocks,134217728,7,release,629.083,10.005,1
sample,sm_count_blocks,134217728,8,create,3810.256,10.004,1
sample,sm_count_blocks,134217728,8,map,5.008,10.011,1
sample,sm_count_blocks,134217728,8,access,821.337,10.004,1
sample,sm_count_blocks,134217728,8,unmap,1044.039,10.005,1
sample,sm_count_blocks,134217728,8,release,650.395,10.006,1
sample,sm_count_blocks,134217728,9,create,3821.792,10.004,1
sample,sm_count_blocks,134217728,9,map,4.560,10.011,1
sample,sm_count_blocks,134217728,9,access,808.665,10.005,1
sample,sm_count_blocks,134217728,9,unmap,1034.647,10.005,1
sample,sm_count_blocks,134217728,9,release,668.443,10.005,1
sample,sm_count_blocks,134217728,10,create,3981.455,10.006,1
sample,sm_count_blocks,134217728,10,map,4.864,10.010,1
sample,sm_count_blocks,134217728,10,access,811.369,10.006,1
sample,sm_count_blocks,134217728,10,unmap,1026.344,10.005,1
sample,sm_count_blocks,134217728,10,release,714.554,10.005,1
sample,sm_count_blocks,134217728,11,create,4002.190,10.007,1
sample,sm_count_blocks,134217728,11,map,4.880,10.011,1
sample,sm_count_blocks,134217728,11,access,818.265,10.006,1
sample,sm_count_blocks,134217728,11,unmap,1028.695,10.006,1
sample,sm_count_blocks,134217728,11,release,707.898,10.006,1
sample,sm_count_blocks,134217728,12,create,3840.319,10.007,1
sample,sm_count_blocks,134217728,12,map,4.896,10.010,1
sample,sm_count_blocks,134217728,12,access,821.593,10.005,1
sample,sm_count_blocks,134217728,12,unmap,1030.935,10.006,1
sample,sm_count_blocks,134217728,12,release,681.962,10.005,1
sample,sm_count_blocks,134217728,13,create,4111.645,10.004,1
sample,sm_count_blocks,134217728,13,map,4.768,10.010,1
sample,sm_count_blocks,134217728,13,access,828.009,10.006,1
sample,sm_count_blocks,134217728,13,unmap,1028.039,10.006,1
sample,sm_count_blocks,134217728,13,release,655.035,10.006,1
sample,sm_count_blocks,134217728,14,create,3830.464,10.008,1
sample,sm_count_blocks,134217728,14,map,5.328,10.010,1
sample,sm_count_blocks,134217728,14,access,818.010,10.006,1
sample,sm_count_blocks,134217728,14,unmap,1039.703,10.007,1
sample,sm_count_blocks,134217728,14,release,643.659,10.005,1
sample,sm_count_blocks,134217728,15,create,3831.312,10.004,1
sample,sm_count_blocks,134217728,15,map,6.655,10.010,1
sample,sm_count_blocks,134217728,15,access,814.905,10.006,1
sample,sm_count_blocks,134217728,15,unmap,1047.992,10.005,1
sample,sm_count_blocks,134217728,15,release,654.538,10.006,1
sample,sm_count_blocks,134217728,16,create,3814.447,10.004,1
sample,sm_count_blocks,134217728,16,map,5.152,10.010,1
sample,sm_count_blocks,134217728,16,access,823.049,10.006,1
sample,sm_count_blocks,134217728,16,unmap,1042.135,10.006,1
sample,sm_count_blocks,134217728,16,release,652.810,10.005,1
sample,sm_count_blocks,134217728,17,create,3808.352,10.004,1
sample,sm_count_blocks,134217728,17,map,4.976,10.010,1
sample,sm_count_blocks,134217728,17,access,826.889,10.005,1
sample,sm_count_blocks,134217728,17,unmap,1055.367,10.007,1
sample,sm_count_blocks,134217728,17,release,634.379,10.006,1
sample,sm_count_blocks,134217728,18,create,3800.960,10.004,1
sample,sm_count_blocks,134217728,18,map,5.168,10.010,1
sample,sm_count_blocks,134217728,18,access,819.657,10.006,1
sample,sm_count_blocks,134217728,18,unmap,1042.471,10.005,1
sample,sm_count_blocks,134217728,18,release,657.035,10.005,1
sample,sm_count_blocks,134217728,19,create,3817.807,10.004,1
sample,sm_count_blocks,134217728,19,map,5.008,10.010,1
sample,sm_count_blocks,134217728,19,access,815.593,10.006,1
sample,sm_count_blocks,134217728,19,unmap,1030.951,10.006,1
sample,sm_count_blocks,134217728,19,release,644.426,10.006,1
sample,sm_count_blocks,134217728,20,create,3824.672,10.005,1
sample,sm_count_blocks,134217728,20,map,5.072,10.010,1
sample,sm_count_blocks,134217728,20,access,801.465,10.006,1
sample,sm_count_blocks,134217728,20,unmap,1061.719,10.006,1
sample,sm_count_blocks,134217728,20,release,646.923,10.005,1
sample,sm_count_blocks,134217728,21,create,3788.224,10.004,1
sample,sm_count_blocks,134217728,21,map,5.200,10.010,1
sample,sm_count_blocks,134217728,21,access,814.810,10.006,1
sample,sm_count_blocks,134217728,21,unmap,1027.176,10.005,1
sample,sm_count_blocks,134217728,21,release,637.899,10.007,1
sample,sm_count_blocks,134217728,22,create,3794.320,10.004,1
sample,sm_count_blocks,134217728,22,map,5.343,10.009,1
sample,sm_count_blocks,134217728,22,access,812.633,10.004,1
sample,sm_count_blocks,134217728,22,unmap,1045.767,10.005,1
sample,sm_count_blocks,134217728,22,release,640.458,10.006,1
sample,sm_count_blocks,134217728,23,create,3813.855,10.004,1
sample,sm_count_blocks,134217728,23,map,5.024,10.010,1
sample,sm_count_blocks,134217728,23,access,818.905,10.005,1
sample,sm_count_blocks,134217728,23,unmap,1049.335,10.006,1
sample,sm_count_blocks,134217728,23,release,661.018,10.006,1
sample,sm_count_blocks,134217728,24,create,3801.824,10.004,1
sample,sm_count_blocks,134217728,24,map,4.816,10.011,1
sample,sm_count_blocks,134217728,24,access,816.633,10.004,1
sample,sm_count_blocks,134217728,24,unmap,1040.407,10.005,1
sample,sm_count_blocks,134217728,24,release,631.083,10.005,1
sample,sm_count_blocks,134217728,25,create,3808.384,10.004,1
sample,sm_count_blocks,134217728,25,map,4.880,10.010,1
sample,sm_count_blocks,134217728,25,access,827.561,10.005,1
sample,sm_count_blocks,134217728,25,unmap,1050.152,10.005,1
sample,sm_count_blocks,134217728,25,release,654.794,10.006,1
sample,sm_count_blocks,134217728,26,create,3818.015,10.006,1
sample,sm_count_blocks,134217728,26,map,4.752,10.009,1
sample,sm_count_blocks,134217728,26,access,811.961,10.005,1
sample,sm_count_blocks,134217728,26,unmap,1063.751,10.005,1
sample,sm_count_blocks,134217728,26,release,661.818,10.006,1
sample,sm_count_blocks,134217728,27,create,3812.912,10.004,1
sample,sm_count_blocks,134217728,27,map,4.928,10.011,1
sample,sm_count_blocks,134217728,27,access,825.545,10.006,1
sample,sm_count_blocks,134217728,27,unmap,1039.271,10.007,1
sample,sm_count_blocks,134217728,27,release,631.291,10.006,1
sample,sm_count_blocks,134217728,28,create,3818.752,10.004,1
sample,sm_count_blocks,134217728,28,map,5.136,10.010,1
sample,sm_count_blocks,134217728,28,access,820.025,10.005,1
sample,sm_count_blocks,134217728,28,unmap,1045.031,10.007,1
sample,sm_count_blocks,134217728,28,release,647.963,10.006,1
sample,sm_count_blocks,134217728,29,create,3798.912,10.004,1
sample,sm_count_blocks,134217728,29,map,5.184,10.010,1
sample,sm_count_blocks,134217728,29,access,815.177,10.006,1
sample,sm_count_blocks,134217728,29,unmap,1036.088,10.006,1
sample,sm_count_blocks,134217728,29,release,647.402,10.005,1
memory_header,phase,cuda_free_bytes,cuda_total_bytes,mem_available_bytes
memory,baseline,123961262080,130661203968,127594491904
memory,address_reserved,123961262080,130661203968,127594491904
memory,created,122877116416,130661203968,126510346240
verification_negative_control,PASS
memory,mapped_touched,122876342272,130661203968,126509572096
memory,unmapped_handles_retained,122876342272,130661203968,126509608960
memory,remapped_verified,122876342272,130661203968,126509608960
memory,handles_released,123966812160,130661203968,127600078848
memory,address_freed,123966812160,130661203968,127600078848
pool_verified_bytes,1073741824
PASS
