device,NVIDIA GB10,driver_api,13000,header,13040,sms,48,minimum,2097152,recommended,2097152
sample_header,mode,bytes,iteration,operation,host_us,kernel_ms,pending_after
sample,idle,2097152,0,create,50.928,0.000,0
sample,idle,2097152,0,map,0.672,0.000,0
sample,idle,2097152,0,access,37.456,0.000,0
sample,idle,2097152,0,unmap,47.120,0.000,0
sample,idle,2097152,0,release,27.392,0.000,0
sample,idle,2097152,1,create,51.583,0.000,0
sample,idle,2097152,1,map,0.592,0.000,0
sample,idle,2097152,1,access,36.784,0.000,0
sample,idle,2097152,1,unmap,46.927,0.000,0
sample,idle,2097152,1,release,27.296,0.000,0
sample,idle,2097152,2,create,51.376,0.000,0
sample,idle,2097152,2,map,0.592,0.000,0
sample,idle,2097152,2,access,36.767,0.000,0
sample,idle,2097152,2,unmap,46.656,0.000,0
sample,idle,2097152,2,release,26.896,0.000,0
sample,idle,2097152,3,create,50.127,0.000,0
sample,idle,2097152,3,map,0.528,0.000,0
sample,idle,2097152,3,access,36.288,0.000,0
sample,idle,2097152,3,unmap,46.895,0.000,0
sample,idle,2097152,3,release,26.832,0.000,0
sample,idle,2097152,4,create,49.248,0.000,0
sample,idle,2097152,4,map,0.576,0.000,0
sample,idle,2097152,4,access,36.719,0.000,0
sample,idle,2097152,4,unmap,46.672,0.000,0
sample,idle,2097152,4,release,26.352,0.000,0
sample,idle,2097152,5,create,48.783,0.000,0
sample,idle,2097152,5,map,0.512,0.000,0
sample,idle,2097152,5,access,36.192,0.000,0
sample,idle,2097152,5,unmap,47.087,0.000,0
sample,idle,2097152,5,release,27.008,0.000,0
sample,idle,2097152,6,create,51.360,0.000,0
sample,idle,2097152,6,map,0.528,0.000,0
sample,idle,2097152,6,access,36.079,0.000,0
sample,idle,2097152,6,unmap,46.784,0.000,0
sample,idle,2097152,6,release,26.752,0.000,0
sample,idle,2097152,7,create,48.847,0.000,0
sample,idle,2097152,7,map,0.480,0.000,0
sample,idle,2097152,7,access,36.288,0.000,0
sample,idle,2097152,7,unmap,46.751,0.000,0
sample,idle,2097152,7,release,26.592,0.000,0
sample,idle,2097152,8,create,48.672,0.000,0
sample,idle,2097152,8,map,0.496,0.000,0
sample,idle,2097152,8,access,36.335,0.000,0
sample,idle,2097152,8,unmap,47.136,0.000,0
sample,idle,2097152,8,release,27.008,0.000,0
sample,idle,2097152,9,create,48.399,0.000,0
sample,idle,2097152,9,map,0.544,0.000,0
sample,idle,2097152,9,access,35.984,0.000,0
sample,idle,2097152,9,unmap,46.943,0.000,0
sample,idle,2097152,9,release,27.024,0.000,0
sample,idle,2097152,10,create,48.608,0.000,0
sample,idle,2097152,10,map,0.448,0.000,0
sample,idle,2097152,10,access,36.015,0.000,0
sample,idle,2097152,10,unmap,49.472,0.000,0
sample,idle,2097152,10,release,27.008,0.000,0
sample,idle,2097152,11,create,48.463,0.000,0
sample,idle,2097152,11,map,0.464,0.000,0
sample,idle,2097152,11,access,35.920,0.000,0
sample,idle,2097152,11,unmap,46.367,0.000,0
sample,idle,2097152,11,release,26.144,0.000,0
sample,idle,2097152,12,create,48.896,0.000,0
sample,idle,2097152,12,map,0.464,0.000,0
sample,idle,2097152,12,access,36.015,0.000,0
sample,idle,2097152,12,unmap,46.816,0.000,0
sample,idle,2097152,12,release,26.559,0.000,0
sample,idle,2097152,13,create,48.464,0.000,0
sample,idle,2097152,13,map,0.480,0.000,0
sample,idle,2097152,13,access,35.936,0.000,0
sample,idle,2097152,13,unmap,46.575,0.000,0
sample,idle,2097152,13,release,26.336,0.000,0
sample,idle,2097152,14,create,48.720,0.000,0
sample,idle,2097152,14,map,0.464,0.000,0
sample,idle,2097152,14,access,35.839,0.000,0
sample,idle,2097152,14,unmap,46.464,0.000,0
sample,idle,2097152,14,release,26.735,0.000,0
sample,idle,2097152,15,create,48.800,0.000,0
sample,idle,2097152,15,map,0.464,0.000,0
sample,idle,2097152,15,access,35.936,0.000,0
sample,idle,2097152,15,unmap,46.415,0.000,0
sample,idle,2097152,15,release,27.088,0.000,0
sample,idle,2097152,16,create,48.640,0.000,0
sample,idle,2097152,16,map,0.480,0.000,0
sample,idle,2097152,16,access,35.919,0.000,0
sample,idle,2097152,16,unmap,46.496,0.000,0
sample,idle,2097152,16,release,26.367,0.000,0
sample,idle,2097152,17,create,54.976,0.000,0
sample,idle,2097152,17,map,0.512,0.000,0
sample,idle,2097152,17,access,36.400,0.000,0
sample,idle,2097152,17,unmap,45.887,0.000,0
sample,idle,2097152,17,release,26.592,0.000,0
sample,idle,2097152,18,create,49.823,0.000,0
sample,idle,2097152,18,map,0.608,0.000,0
sample,idle,2097152,18,access,36.816,0.000,0
sample,idle,2097152,18,unmap,47.535,0.000,0
sample,idle,2097152,18,release,26.832,0.000,0
sample,idle,2097152,19,create,48.608,0.000,0
sample,idle,2097152,19,map,0.528,0.000,0
sample,idle,2097152,19,access,36.239,0.000,0
sample,idle,2097152,19,unmap,46.976,0.000,0
sample,idle,2097152,19,release,26.480,0.000,0
sample,idle,2097152,20,create,49.087,0.000,0
sample,idle,2097152,20,map,0.528,0.000,0
sample,idle,2097152,20,access,36.368,0.000,0
sample,idle,2097152,20,unmap,46.943,0.000,0
sample,idle,2097152,20,release,26.528,0.000,0
sample,idle,2097152,21,create,48.800,0.000,0
sample,idle,2097152,21,map,0.512,0.000,0
sample,idle,2097152,21,access,35.679,0.000,0
sample,idle,2097152,21,unmap,46.752,0.000,0
sample,idle,2097152,21,release,26.672,0.000,0
sample,idle,2097152,22,create,48.655,0.000,0
sample,idle,2097152,22,map,0.512,0.000,0
sample,idle,2097152,22,access,36.176,0.000,0
sample,idle,2097152,22,unmap,44.415,0.000,0
sample,idle,2097152,22,release,26.160,0.000,0
sample,idle,2097152,23,create,48.624,0.000,0
sample,idle,2097152,23,map,0.480,0.000,0
sample,idle,2097152,23,access,35.215,0.000,0
sample,idle,2097152,23,unmap,46.656,0.000,0
sample,idle,2097152,23,release,25.600,0.000,0
sample,idle,2097152,24,create,48.703,0.000,0
sample,idle,2097152,24,map,0.480,0.000,0
sample,idle,2097152,24,access,35.936,0.000,0
sample,idle,2097152,24,unmap,46.511,0.000,0
sample,idle,2097152,24,release,26.864,0.000,0
sample,idle,2097152,25,create,48.288,0.000,0
sample,idle,2097152,25,map,0.464,0.000,0
sample,idle,2097152,25,access,35.727,0.000,0
sample,idle,2097152,25,unmap,46.336,0.000,0
sample,idle,2097152,25,release,27.296,0.000,0
sample,idle,2097152,26,create,48.511,0.000,0
sample,idle,2097152,26,map,0.512,0.000,0
sample,idle,2097152,26,access,35.600,0.000,0
sample,idle,2097152,26,unmap,47.151,0.000,0
sample,idle,2097152,26,release,27.072,0.000,0
sample,idle,2097152,27,create,48.816,0.000,0
sample,idle,2097152,27,map,0.464,0.000,0
sample,idle,2097152,27,access,35.919,0.000,0
sample,idle,2097152,27,unmap,46.816,0.000,0
sample,idle,2097152,27,release,25.472,0.000,0
sample,idle,2097152,28,create,50.448,0.000,0
sample,idle,2097152,28,map,0.480,0.000,0
sample,idle,2097152,28,access,36.080,0.000,0
sample,idle,2097152,28,unmap,46.287,0.000,0
sample,idle,2097152,28,release,26.768,0.000,0
sample,idle,2097152,29,create,48.544,0.000,0
sample,idle,2097152,29,map,0.528,0.000,0
sample,idle,2097152,29,access,34.831,0.000,0
sample,idle,2097152,29,unmap,45.104,0.000,0
sample,idle,2097152,29,release,26.016,0.000,0
sample,idle,2097152,30,create,48.687,0.000,0
sample,idle,2097152,30,map,0.464,0.000,0
sample,idle,2097152,30,access,34.432,0.000,0
sample,idle,2097152,30,unmap,46.047,0.000,0
sample,idle,2097152,30,release,26.368,0.000,0
sample,idle,2097152,31,create,48.768,0.000,0
sample,idle,2097152,31,map,0.480,0.000,0
sample,idle,2097152,31,access,35.487,0.000,0
sample,idle,2097152,31,unmap,45.808,0.000,0
sample,idle,2097152,31,release,26.880,0.000,0
sample,idle,2097152,32,create,48.783,0.000,0
sample,idle,2097152,32,map,0.448,0.000,0
sample,idle,2097152,32,access,35.536,0.000,0
sample,idle,2097152,32,unmap,44.975,0.000,0
sample,idle,2097152,32,release,26.544,0.000,0
sample,idle,2097152,33,create,48.816,0.000,0
sample,idle,2097152,33,map,0.560,0.000,0
sample,idle,2097152,33,access,34.543,0.000,0
sample,idle,2097152,33,unmap,45.504,0.000,0
sample,idle,2097152,33,release,26.896,0.000,0
sample,idle,2097152,34,create,48.639,0.000,0
sample,idle,2097152,34,map,0.512,0.000,0
sample,idle,2097152,34,access,34.624,0.000,0
sample,idle,2097152,34,unmap,46.687,0.000,0
sample,idle,2097152,34,release,27.104,0.000,0
sample,idle,2097152,35,create,48.816,0.000,0
sample,idle,2097152,35,map,0.512,0.000,0
sample,idle,2097152,35,access,35.807,0.000,0
sample,idle,2097152,35,unmap,45.216,0.000,0
sample,idle,2097152,35,release,26.512,0.000,0
sample,idle,2097152,36,create,48.591,0.000,0
sample,idle,2097152,36,map,0.528,0.000,0
sample,idle,2097152,36,access,34.720,0.000,0
sample,idle,2097152,36,unmap,43.887,0.000,0
sample,idle,2097152,36,release,26.256,0.000,0
sample,idle,2097152,37,create,49.200,0.000,0
sample,idle,2097152,37,map,0.496,0.000,0
sample,idle,2097152,37,access,36.559,0.000,0
sample,idle,2097152,37,unmap,45.840,0.000,0
sample,idle,2097152,37,release,26.319,0.000,0
sample,idle,2097152,38,create,48.608,0.000,0
sample,idle,2097152,38,map,0.496,0.000,0
sample,idle,2097152,38,access,36.176,0.000,0
sample,idle,2097152,38,unmap,46.991,0.000,0
sample,idle,2097152,38,release,26.816,0.000,0
sample,idle,2097152,39,create,48.720,0.000,0
sample,idle,2097152,39,map,0.464,0.000,0
sample,idle,2097152,39,access,35.439,0.000,0
sample,idle,2097152,39,unmap,45.216,0.000,0
sample,idle,2097152,39,release,26.255,0.000,0
sample,idle,2097152,40,create,48.816,0.000,0
sample,idle,2097152,40,map,0.528,0.000,0
sample,idle,2097152,40,access,36.016,0.000,0
sample,idle,2097152,40,unmap,47.247,0.000,0
sample,idle,2097152,40,release,26.944,0.000,0
sample,idle,2097152,41,create,48.880,0.000,0
sample,idle,2097152,41,map,0.496,0.000,0
sample,idle,2097152,41,access,36.607,0.000,0
sample,idle,2097152,41,unmap,43.632,0.000,0
sample,idle,2097152,41,release,25.871,0.000,0
sample,idle,2097152,42,create,48.720,0.000,0
sample,idle,2097152,42,map,0.560,0.000,0
sample,idle,2097152,42,access,34.416,0.000,0
sample,idle,2097152,42,unmap,44.175,0.000,0
sample,idle,2097152,42,release,25.392,0.000,0
sample,idle,2097152,43,create,48.912,0.000,0
sample,idle,2097152,43,map,0.464,0.000,0
sample,idle,2097152,43,access,34.223,0.000,0
sample,idle,2097152,43,unmap,43.392,0.000,0
sample,idle,2097152,43,release,25.712,0.000,0
sample,idle,2097152,44,create,49.135,0.000,0
sample,idle,2097152,44,map,0.528,0.000,0
sample,idle,2097152,44,access,34.464,0.000,0
sample,idle,2097152,44,unmap,43.359,0.000,0
sample,idle,2097152,44,release,26.064,0.000,0
sample,idle,2097152,45,create,50.944,0.000,0
sample,idle,2097152,45,map,0.528,0.000,0
sample,idle,2097152,45,access,34.511,0.000,0
sample,idle,2097152,45,unmap,42.688,0.000,0
sample,idle,2097152,45,release,25.696,0.000,0
sample,idle,2097152,46,create,48.591,0.000,0
sample,idle,2097152,46,map,0.512,0.000,0
sample,idle,2097152,46,access,38.464,0.000,0
sample,idle,2097152,46,unmap,43.407,0.000,0
sample,idle,2097152,46,release,26.736,0.000,0
sample,idle,2097152,47,create,48.880,0.000,0
sample,idle,2097152,47,map,0.480,0.000,0
sample,idle,2097152,47,access,34.639,0.000,0
sample,idle,2097152,47,unmap,43.360,0.000,0
sample,idle,2097152,47,release,26.304,0.000,0
sample,idle,2097152,48,create,49.167,0.000,0
sample,idle,2097152,48,map,0.480,0.000,0
sample,idle,2097152,48,access,34.704,0.000,0
sample,idle,2097152,48,unmap,43.455,0.000,0
sample,idle,2097152,48,release,25.664,0.000,0
sample,idle,2097152,49,create,48.720,0.000,0
sample,idle,2097152,49,map,0.480,0.000,0
sample,idle,2097152,49,access,34.783,0.000,0
sample,idle,2097152,49,unmap,43.424,0.000,0
sample,idle,2097152,49,release,26.288,0.000,0
sample,idle,2097152,50,create,48.847,0.000,0
sample,idle,2097152,50,map,0.480,0.000,0
sample,idle,2097152,50,access,34.480,0.000,0
sample,idle,2097152,50,unmap,43.392,0.000,0
sample,idle,2097152,50,release,27.535,0.000,0
sample,idle,2097152,51,create,48.720,0.000,0
sample,idle,2097152,51,map,0.480,0.000,0
sample,idle,2097152,51,access,34.448,0.000,0
sample,idle,2097152,51,unmap,43.680,0.000,0
sample,idle,2097152,51,release,26.128,0.000,0
sample,idle,2097152,52,create,48.655,0.000,0
sample,idle,2097152,52,map,0.480,0.000,0
sample,idle,2097152,52,access,34.992,0.000,0
sample,idle,2097152,52,unmap,43.792,0.000,0
sample,idle,2097152,52,release,26.063,0.000,0
sample,idle,2097152,53,create,48.672,0.000,0
sample,idle,2097152,53,map,0.480,0.000,0
sample,idle,2097152,53,access,34.448,0.000,0
sample,idle,2097152,53,unmap,43.008,0.000,0
sample,idle,2097152,53,release,25.904,0.000,0
sample,idle,2097152,54,create,48.895,0.000,0
sample,idle,2097152,54,map,0.480,0.000,0
sample,idle,2097152,54,access,33.776,0.000,0
sample,idle,2097152,54,unmap,42.864,0.000,0
sample,idle,2097152,54,release,26.303,0.000,0
sample,idle,2097152,55,create,48.784,0.000,0
sample,idle,2097152,55,map,0.544,0.000,0
sample,idle,2097152,55,access,35.024,0.000,0
sample,idle,2097152,55,unmap,42.303,0.000,0
sample,idle,2097152,55,release,26.032,0.000,0
sample,idle,2097152,56,create,49.200,0.000,0
sample,idle,2097152,56,map,0.528,0.000,0
sample,idle,2097152,56,access,34.223,0.000,0
sample,idle,2097152,56,unmap,43.616,0.000,0
sample,idle,2097152,56,release,26.335,0.000,0
sample,idle,2097152,57,create,48.352,0.000,0
sample,idle,2097152,57,map,0.464,0.000,0
sample,idle,2097152,57,access,34.800,0.000,0
sample,idle,2097152,57,unmap,46.383,0.000,0
sample,idle,2097152,57,release,26.736,0.000,0
sample,idle,2097152,58,create,48.496,0.000,0
sample,idle,2097152,58,map,0.512,0.000,0
sample,idle,2097152,58,access,35.951,0.000,0
sample,idle,2097152,58,unmap,46.512,0.000,0
sample,idle,2097152,58,release,26.799,0.000,0
sample,idle,2097152,59,create,48.592,0.000,0
sample,idle,2097152,59,map,0.528,0.000,0
sample,idle,2097152,59,access,35.792,0.000,0
sample,idle,2097152,59,unmap,47.199,0.000,0
sample,idle,2097152,59,release,26.736,0.000,0
sample,idle,2097152,60,create,48.976,0.000,0
sample,idle,2097152,60,map,0.464,0.000,0
sample,idle,2097152,60,access,36.335,0.000,0
sample,idle,2097152,60,unmap,46.736,0.000,0
sample,idle,2097152,60,release,26.735,0.000,0
sample,idle,2097152,61,create,48.560,0.000,0
sample,idle,2097152,61,map,0.496,0.000,0
sample,idle,2097152,61,access,35.920,0.000,0
sample,idle,2097152,61,unmap,46.511,0.000,0
sample,idle,2097152,61,release,26.416,0.000,0
sample,idle,2097152,62,create,48.736,0.000,0
sample,idle,2097152,62,map,0.512,0.000,0
sample,idle,2097152,62,access,38.191,0.000,0
sample,idle,2097152,62,unmap,68.735,0.000,0
sample,idle,2097152,62,release,68.320,0.000,0
sample,idle,2097152,63,create,48.879,0.000,0
sample,idle,2097152,63,map,0.496,0.000,0
sample,idle,2097152,63,access,35.584,0.000,0
sample,idle,2097152,63,unmap,48.432,0.000,0
sample,idle,2097152,63,release,29.455,0.000,0
sample,idle,2097152,64,create,48.400,0.000,0
sample,idle,2097152,64,map,0.528,0.000,0
sample,idle,2097152,64,access,35.696,0.000,0
sample,idle,2097152,64,unmap,49.552,0.000,0
sample,idle,2097152,64,release,30.832,0.000,0
sample,idle,2097152,65,create,48.671,0.000,0
sample,idle,2097152,65,map,0.464,0.000,0
sample,idle,2097152,65,access,39.936,0.000,0
sample,idle,2097152,65,unmap,107.359,0.000,0
sample,idle,2097152,65,release,34.159,0.000,0
sample,idle,2097152,66,create,48.704,0.000,0
sample,idle,2097152,66,map,0.528,0.000,0
sample,idle,2097152,66,access,77.231,0.000,0
sample,idle,2097152,66,unmap,48.624,0.000,0
sample,idle,2097152,66,release,29.423,0.000,0
sample,idle,2097152,67,create,48.512,0.000,0
sample,idle,2097152,67,map,0.480,0.000,0
sample,idle,2097152,67,access,79.535,0.000,0
sample,idle,2097152,67,unmap,103.039,0.000,0
sample,idle,2097152,67,release,26.720,0.000,0
sample,idle,2097152,68,create,48.943,0.000,0
sample,idle,2097152,68,map,0.528,0.000,0
sample,idle,2097152,68,access,36.496,0.000,0
sample,idle,2097152,68,unmap,47.040,0.000,0
sample,idle,2097152,68,release,26.527,0.000,0
sample,idle,2097152,69,create,48.544,0.000,0
sample,idle,2097152,69,map,0.512,0.000,0
sample,idle,2097152,69,access,36.608,0.000,0
sample,idle,2097152,69,unmap,46.608,0.000,0
sample,idle,2097152,69,release,27.120,0.000,0
sample,idle,2097152,70,create,48.511,0.000,0
sample,idle,2097152,70,map,0.480,0.000,0
sample,idle,2097152,70,access,36.096,0.000,0
sample,idle,2097152,70,unmap,47.280,0.000,0
sample,idle,2097152,70,release,26.623,0.000,0
sample,idle,2097152,71,create,48.480,0.000,0
sample,idle,2097152,71,map,0.512,0.000,0
sample,idle,2097152,71,access,35.808,0.000,0
sample,idle,2097152,71,unmap,46.672,0.000,0
sample,idle,2097152,71,release,26.736,0.000,0
sample,idle,2097152,72,create,48.671,0.000,0
sample,idle,2097152,72,map,0.512,0.000,0
sample,idle,2097152,72,access,36.224,0.000,0
sample,idle,2097152,72,unmap,47.040,0.000,0
sample,idle,2097152,72,release,26.575,0.000,0
sample,idle,2097152,73,create,48.496,0.000,0
sample,idle,2097152,73,map,0.496,0.000,0
sample,idle,2097152,73,access,35.936,0.000,0
sample,idle,2097152,73,unmap,54.240,0.000,0
sample,idle,2097152,73,release,26.608,0.000,0
sample,idle,2097152,74,create,48.879,0.000,0
sample,idle,2097152,74,map,0.496,0.000,0
sample,idle,2097152,74,access,95.279,0.000,0
sample,idle,2097152,74,unmap,114.655,0.000,0
sample,idle,2097152,74,release,26.768,0.000,0
sample,idle,2097152,75,create,48.783,0.000,0
sample,idle,2097152,75,map,0.496,0.000,0
sample,idle,2097152,75,access,38.000,0.000,0
sample,idle,2097152,75,unmap,47.440,0.000,0
sample,idle,2097152,75,release,25.615,0.000,0
sample,idle,2097152,76,create,50.624,0.000,0
sample,idle,2097152,76,map,0.560,0.000,0
sample,idle,2097152,76,access,35.664,0.000,0
sample,idle,2097152,76,unmap,48.560,0.000,0
sample,idle,2097152,76,release,26.896,0.000,0
sample,idle,2097152,77,create,48.367,0.000,0
sample,idle,2097152,77,map,0.512,0.000,0
sample,idle,2097152,77,access,36.960,0.000,0
sample,idle,2097152,77,unmap,79.839,0.000,0
sample,idle,2097152,77,release,26.432,0.000,0
sample,idle,2097152,78,create,48.688,0.000,0
sample,idle,2097152,78,map,0.528,0.000,0
sample,idle,2097152,78,access,36.655,0.000,0
sample,idle,2097152,78,unmap,49.328,0.000,0
sample,idle,2097152,78,release,57.839,0.000,0
sample,idle,2097152,79,create,48.992,0.000,0
sample,idle,2097152,79,map,0.496,0.000,0
sample,idle,2097152,79,access,36.015,0.000,0
sample,idle,2097152,79,unmap,56.448,0.000,0
sample,idle,2097152,79,release,26.640,0.000,0
sample,idle,2097152,80,create,48.703,0.000,0
sample,idle,2097152,80,map,0.544,0.000,0
sample,idle,2097152,80,access,36.096,0.000,0
sample,idle,2097152,80,unmap,46.671,0.000,0
sample,idle,2097152,80,release,26.800,0.000,0
sample,idle,2097152,81,create,48.656,0.000,0
sample,idle,2097152,81,map,0.496,0.000,0
sample,idle,2097152,81,access,38.095,0.000,0
sample,idle,2097152,81,unmap,46.208,0.000,0
sample,idle,2097152,81,release,26.400,0.000,0
sample,idle,2097152,82,create,49.216,0.000,0
sample,idle,2097152,82,map,0.480,0.000,0
sample,idle,2097152,82,access,36.256,0.000,0
sample,idle,2097152,82,unmap,47.343,0.000,0
sample,idle,2097152,82,release,26.480,0.000,0
sample,idle,2097152,83,create,48.640,0.000,0
sample,idle,2097152,83,map,0.480,0.000,0
sample,idle,2097152,83,access,36.031,0.000,0
sample,idle,2097152,83,unmap,46.992,0.000,0
sample,idle,2097152,83,release,26.751,0.000,0
sample,idle,2097152,84,create,48.336,0.000,0
sample,idle,2097152,84,map,0.512,0.000,0
sample,idle,2097152,84,access,36.128,0.000,0
sample,idle,2097152,84,unmap,46.767,0.000,0
sample,idle,2097152,84,release,26.432,0.000,0
sample,idle,2097152,85,create,48.623,0.000,0
sample,idle,2097152,85,map,0.496,0.000,0
sample,idle,2097152,85,access,36.016,0.000,0
sample,idle,2097152,85,unmap,46.096,0.000,0
sample,idle,2097152,85,release,26.399,0.000,0
sample,idle,2097152,86,create,48.640,0.000,0
sample,idle,2097152,86,map,0.480,0.000,0
sample,idle,2097152,86,access,35.648,0.000,0
sample,idle,2097152,86,unmap,48.496,0.000,0
sample,idle,2097152,86,release,26.544,0.000,0
sample,idle,2097152,87,create,48.575,0.000,0
sample,idle,2097152,87,map,0.528,0.000,0
sample,idle,2097152,87,access,35.632,0.000,0
sample,idle,2097152,87,unmap,46.416,0.000,0
sample,idle,2097152,87,release,26.703,0.000,0
sample,idle,2097152,88,create,48.480,0.000,0
sample,idle,2097152,88,map,0.512,0.000,0
sample,idle,2097152,88,access,35.760,0.000,0
sample,idle,2097152,88,unmap,46.656,0.000,0
sample,idle,2097152,88,release,26.752,0.000,0
sample,idle,2097152,89,create,48.911,0.000,0
sample,idle,2097152,89,map,0.480,0.000,0
sample,idle,2097152,89,access,35.632,0.000,0
sample,idle,2097152,89,unmap,46.320,0.000,0
sample,idle,2097152,89,release,26.607,0.000,0
sample,idle,2097152,90,create,48.608,0.000,0
sample,idle,2097152,90,map,0.448,0.000,0
sample,idle,2097152,90,access,35.840,0.000,0
sample,idle,2097152,90,unmap,46.784,0.000,0
sample,idle,2097152,90,release,26.720,0.000,0
sample,idle,2097152,91,create,48.495,0.000,0
sample,idle,2097152,91,map,0.496,0.000,0
sample,idle,2097152,91,access,36.224,0.000,0
sample,idle,2097152,91,unmap,46.784,0.000,0
sample,idle,2097152,91,release,26.479,0.000,0
sample,idle,2097152,92,create,48.368,0.000,0
sample,idle,2097152,92,map,0.512,0.000,0
sample,idle,2097152,92,access,36.560,0.000,0
sample,idle,2097152,92,unmap,45.872,0.000,0
sample,idle,2097152,92,release,26.400,0.000,0
sample,idle,2097152,93,create,48.895,0.000,0
sample,idle,2097152,93,map,0.528,0.000,0
sample,idle,2097152,93,access,36.160,0.000,0
sample,idle,2097152,93,unmap,46.143,0.000,0
sample,idle,2097152,93,release,26.496,0.000,0
sample,idle,2097152,94,create,48.704,0.000,0
sample,idle,2097152,94,map,0.512,0.000,0
sample,idle,2097152,94,access,35.984,0.000,0
sample,idle,2097152,94,unmap,46.992,0.000,0
sample,idle,2097152,94,release,26.320,0.000,0
sample,idle,2097152,95,create,48.911,0.000,0
sample,idle,2097152,95,map,0.512,0.000,0
sample,idle,2097152,95,access,35.760,0.000,0
sample,idle,2097152,95,unmap,46.767,0.000,0
sample,idle,2097152,95,release,26.800,0.000,0
sample,idle,2097152,96,create,48.640,0.000,0
sample,idle,2097152,96,map,0.544,0.000,0
sample,idle,2097152,96,access,35.744,0.000,0
sample,idle,2097152,96,unmap,47.168,0.000,0
sample,idle,2097152,96,release,26.704,0.000,0
sample,idle,2097152,97,create,48.863,0.000,0
sample,idle,2097152,97,map,0.496,0.000,0
sample,idle,2097152,97,access,35.824,0.000,0
sample,idle,2097152,97,unmap,46.399,0.000,0
sample,idle,2097152,97,release,26.624,0.000,0
sample,idle,2097152,98,create,50.272,0.000,0
sample,idle,2097152,98,map,0.528,0.000,0
sample,idle,2097152,98,access,36.047,0.000,0
sample,idle,2097152,98,unmap,46.960,0.000,0
sample,idle,2097152,98,release,26.448,0.000,0
sample,idle,2097152,99,create,48.463,0.000,0
sample,idle,2097152,99,map,0.496,0.000,0
sample,idle,2097152,99,access,35.792,0.000,0
sample,idle,2097152,99,unmap,46.415,0.000,0
sample,idle,2097152,99,release,26.400,0.000,0
sample,one_block,2097152,0,create,49.504,10.004,1
sample,one_block,2097152,0,map,0.624,10.004,1
sample,one_block,2097152,0,access,36.191,10.005,1
sample,one_block,2097152,0,unmap,45.039,10.007,1
sample,one_block,2097152,0,release,30.512,10.006,1
sample,one_block,2097152,1,create,50.224,10.004,1
sample,one_block,2097152,1,map,0.816,10.005,1
sample,one_block,2097152,1,access,38.015,10.006,1
sample,one_block,2097152,1,unmap,45.247,10.006,1
sample,one_block,2097152,1,release,32.144,10.006,1
sample,one_block,2097152,2,create,50.832,10.004,1
sample,one_block,2097152,2,map,0.752,10.004,1
sample,one_block,2097152,2,access,37.567,10.005,1
sample,one_block,2097152,2,unmap,45.471,10.005,1
sample,one_block,2097152,2,release,30.816,10.006,1
sample,one_block,2097152,3,create,49.888,10.004,1
sample,one_block,2097152,3,map,0.592,10.004,1
sample,one_block,2097152,3,access,36.511,10.005,1
sample,one_block,2097152,3,unmap,48.271,10.005,1
sample,one_block,2097152,3,release,31.088,10.006,1
sample,one_block,2097152,4,create,51.712,10.004,1
sample,one_block,2097152,4,map,0.592,10.004,1
sample,one_block,2097152,4,access,37.455,10.006,1
sample,one_block,2097152,4,unmap,46.416,10.005,1
sample,one_block,2097152,4,release,30.384,10.006,1
sample,one_block,2097152,5,create,49.360,10.004,1
sample,one_block,2097152,5,map,0.688,10.004,1
sample,one_block,2097152,5,access,36.527,10.005,1
sample,one_block,2097152,5,unmap,45.440,10.007,1
sample,one_block,2097152,5,release,30.528,10.006,1
sample,one_block,2097152,6,create,49.264,10.004,1
sample,one_block,2097152,6,map,0.592,10.004,1
sample,one_block,2097152,6,access,36.064,10.005,1
sample,one_block,2097152,6,unmap,47.328,10.005,1
sample,one_block,2097152,6,release,30.688,10.006,1
sample,one_block,2097152,7,create,48.736,10.004,1
sample,one_block,2097152,7,map,0.608,10.003,1
sample,one_block,2097152,7,access,36.080,10.005,1
sample,one_block,2097152,7,unmap,46.352,10.005,1
sample,one_block,2097152,7,release,30.624,10.006,1
sample,one_block,2097152,8,create,49.199,10.004,1
sample,one_block,2097152,8,map,0.576,10.004,1
sample,one_block,2097152,8,access,36.352,10.005,1
sample,one_block,2097152,8,unmap,45.872,10.006,1
sample,one_block,2097152,8,release,30.623,10.006,1
sample,one_block,2097152,9,create,49.295,10.004,1
sample,one_block,2097152,9,map,0.560,10.003,1
sample,one_block,2097152,9,access,36.256,10.005,1
sample,one_block,2097152,9,unmap,46.080,10.006,1
sample,one_block,2097152,9,release,30.463,10.006,1
sample,one_block,2097152,10,create,49.727,10.004,1
sample,one_block,2097152,10,map,0.688,10.004,1
sample,one_block,2097152,10,access,36.800,10.005,1
sample,one_block,2097152,10,unmap,45.904,10.007,1
sample,one_block,2097152,10,release,30.735,10.006,1
sample,one_block,2097152,11,create,49.919,10.004,1
sample,one_block,2097152,11,map,0.640,10.004,1
sample,one_block,2097152,11,access,36.608,10.005,1
sample,one_block,2097152,11,unmap,45.839,10.007,1
sample,one_block,2097152,11,release,31.055,10.006,1
sample,one_block,2097152,12,create,49.376,10.004,1
sample,one_block,2097152,12,map,0.592,10.004,1
sample,one_block,2097152,12,access,35.919,10.005,1
sample,one_block,2097152,12,unmap,45.599,10.006,1
sample,one_block,2097152,12,release,30.624,10.006,1
sample,one_block,2097152,13,create,49.104,10.006,1
sample,one_block,2097152,13,map,0.608,10.004,1
sample,one_block,2097152,13,access,35.695,10.005,1
sample,one_block,2097152,13,unmap,47.071,10.007,1
sample,one_block,2097152,13,release,30.960,10.006,1
sample,one_block,2097152,14,create,49.648,10.004,1
sample,one_block,2097152,14,map,0.608,10.004,1
sample,one_block,2097152,14,access,36.335,10.005,1
sample,one_block,2097152,14,unmap,45.472,10.007,1
sample,one_block,2097152,14,release,30.480,10.006,1
sample,one_block,2097152,15,create,49.760,10.004,1
sample,one_block,2097152,15,map,0.640,10.004,1
sample,one_block,2097152,15,access,36.256,10.005,1
sample,one_block,2097152,15,unmap,45.008,10.007,1
sample,one_block,2097152,15,release,29.904,10.006,1
sample,one_block,2097152,16,create,49.440,10.004,1
sample,one_block,2097152,16,map,0.656,10.004,1
sample,one_block,2097152,16,access,36.448,10.005,1
sample,one_block,2097152,16,unmap,45.168,10.007,1
sample,one_block,2097152,16,release,31.312,10.006,1
sample,one_block,2097152,17,create,49.103,10.004,1
sample,one_block,2097152,17,map,0.608,10.004,1
sample,one_block,2097152,17,access,36.224,10.005,1
sample,one_block,2097152,17,unmap,46.432,10.007,1
sample,one_block,2097152,17,release,30.767,10.006,1
sample,one_block,2097152,18,create,51.215,10.004,1
sample,one_block,2097152,18,map,0.624,10.004,1
sample,one_block,2097152,18,access,36.400,10.005,1
sample,one_block,2097152,18,unmap,44.736,10.006,1
sample,one_block,2097152,18,release,30.511,10.006,1
sample,one_block,2097152,19,create,49.119,10.004,1
sample,one_block,2097152,19,map,0.592,10.003,1
sample,one_block,2097152,19,access,36.048,10.005,1
sample,one_block,2097152,19,unmap,46.863,10.006,1
sample,one_block,2097152,19,release,30.911,10.006,1
sample,one_block,2097152,20,create,49.152,10.004,1
sample,one_block,2097152,20,map,0.624,10.004,1
sample,one_block,2097152,20,access,35.871,10.006,1
sample,one_block,2097152,20,unmap,45.359,10.005,1
sample,one_block,2097152,20,release,30.624,10.006,1
sample,one_block,2097152,21,create,49.472,10.004,1
sample,one_block,2097152,21,map,0.624,10.004,1
sample,one_block,2097152,21,access,38.127,10.005,1
sample,one_block,2097152,21,unmap,44.367,10.006,1
sample,one_block,2097152,21,release,31.056,10.006,1
sample,one_block,2097152,22,create,50.384,10.004,1
sample,one_block,2097152,22,map,0.656,10.004,1
sample,one_block,2097152,22,access,36.816,10.006,1
sample,one_block,2097152,22,unmap,45.824,10.005,1
sample,one_block,2097152,22,release,31.152,10.006,1
sample,one_block,2097152,23,create,49.216,10.004,1
sample,one_block,2097152,23,map,0.592,10.004,1
sample,one_block,2097152,23,access,36.368,10.005,1
sample,one_block,2097152,23,unmap,45.008,10.005,1
sample,one_block,2097152,23,release,31.296,10.006,1
sample,one_block,2097152,24,create,49.455,10.014,1
sample,one_block,2097152,24,map,0.656,10.004,1
sample,one_block,2097152,24,access,36.240,10.006,1
sample,one_block,2097152,24,unmap,45.696,10.005,1
sample,one_block,2097152,24,release,30.224,10.006,1
sample,one_block,2097152,25,create,49.424,10.004,1
sample,one_block,2097152,25,map,0.608,10.004,1
sample,one_block,2097152,25,access,36.416,10.005,1
sample,one_block,2097152,25,unmap,45.008,10.006,1
sample,one_block,2097152,25,release,30.752,10.006,1
sample,one_block,2097152,26,create,49.968,10.006,1
sample,one_block,2097152,26,map,0.576,10.004,1
sample,one_block,2097152,26,access,36.512,10.005,1
sample,one_block,2097152,26,unmap,46.608,10.005,1
sample,one_block,2097152,26,release,30.655,10.006,1
sample,one_block,2097152,27,create,49.103,10.004,1
sample,one_block,2097152,27,map,0.624,10.003,1
sample,one_block,2097152,27,access,36.032,10.005,1
sample,one_block,2097152,27,unmap,45.775,10.005,1
sample,one_block,2097152,27,release,30.656,10.006,1
sample,one_block,2097152,28,create,49.280,10.004,1
sample,one_block,2097152,28,map,0.608,10.004,1
sample,one_block,2097152,28,access,35.903,10.005,1
sample,one_block,2097152,28,unmap,44.880,10.006,1
sample,one_block,2097152,28,release,30.544,10.006,1
sample,one_block,2097152,29,create,48.992,10.004,1
sample,one_block,2097152,29,map,0.592,10.003,1
sample,one_block,2097152,29,access,35.696,10.005,1
sample,one_block,2097152,29,unmap,47.696,10.006,1
sample,one_block,2097152,29,release,31.040,10.006,1
sample,sm_count_blocks,2097152,0,create,49.439,10.004,1
sample,sm_count_blocks,2097152,0,map,0.656,10.004,1
sample,sm_count_blocks,2097152,0,access,36.272,10.005,1
sample,sm_count_blocks,2097152,0,unmap,46.272,10.006,1
sample,sm_count_blocks,2097152,0,release,30.351,10.006,1
sample,sm_count_blocks,2097152,1,create,49.359,10.004,1
sample,sm_count_blocks,2097152,1,map,0.560,10.004,1
sample,sm_count_blocks,2097152,1,access,36.176,10.005,1
sample,sm_count_blocks,2097152,1,unmap,45.903,10.007,1
sample,sm_count_blocks,2097152,1,release,31.328,10.006,1
sample,sm_count_blocks,2097152,2,create,49.104,10.004,1
sample,sm_count_blocks,2097152,2,map,0.592,10.004,1
sample,sm_count_blocks,2097152,2,access,35.839,10.006,1
sample,sm_count_blocks,2097152,2,unmap,45.439,10.006,1
sample,sm_count_blocks,2097152,2,release,29.872,10.006,1
sample,sm_count_blocks,2097152,3,create,49.568,10.004,1
sample,sm_count_blocks,2097152,3,map,0.656,10.004,1
sample,sm_count_blocks,2097152,3,access,36.624,10.005,1
sample,sm_count_blocks,2097152,3,unmap,45.424,10.005,1
sample,sm_count_blocks,2097152,3,release,31.648,10.006,1
sample,sm_count_blocks,2097152,4,create,49.791,10.004,1
sample,sm_count_blocks,2097152,4,map,0.608,10.004,1
sample,sm_count_blocks,2097152,4,access,37.232,10.005,1
sample,sm_count_blocks,2097152,4,unmap,45.952,10.005,1
sample,sm_count_blocks,2097152,4,release,30.687,10.006,1
sample,sm_count_blocks,2097152,5,create,49.071,10.004,1
sample,sm_count_blocks,2097152,5,map,0.640,10.004,1
sample,sm_count_blocks,2097152,5,access,36.352,10.006,1
sample,sm_count_blocks,2097152,5,unmap,45.743,10.010,1
sample,sm_count_blocks,2097152,5,release,31.792,10.010,1
sample,sm_count_blocks,2097152,6,create,49.423,10.004,1
sample,sm_count_blocks,2097152,6,map,0.624,10.004,1
sample,sm_count_blocks,2097152,6,access,37.616,10.005,1
sample,sm_count_blocks,2097152,6,unmap,44.864,10.005,1
sample,sm_count_blocks,2097152,6,release,31.615,10.006,1
sample,sm_count_blocks,2097152,7,create,50.335,10.004,1
sample,sm_count_blocks,2097152,7,map,0.560,10.004,1
sample,sm_count_blocks,2097152,7,access,36.672,10.005,1
sample,sm_count_blocks,2097152,7,unmap,45.151,10.007,1
sample,sm_count_blocks,2097152,7,release,30.016,10.006,1
sample,sm_count_blocks,2097152,8,create,49.120,10.004,1
sample,sm_count_blocks,2097152,8,map,0.640,10.003,1
sample,sm_count_blocks,2097152,8,access,36.223,10.006,1
sample,sm_count_blocks,2097152,8,unmap,45.231,10.006,1
sample,sm_count_blocks,2097152,8,release,31.872,10.006,1
sample,sm_count_blocks,2097152,9,create,49.440,10.005,1
sample,sm_count_blocks,2097152,9,map,0.544,10.004,1
sample,sm_count_blocks,2097152,9,access,36.528,10.005,1
sample,sm_count_blocks,2097152,9,unmap,46.192,10.005,1
sample,sm_count_blocks,2097152,9,release,30.688,10.006,1
sample,sm_count_blocks,2097152,10,create,49.167,10.004,1
sample,sm_count_blocks,2097152,10,map,0.560,10.004,1
sample,sm_count_blocks,2097152,10,access,35.856,10.005,1
sample,sm_count_blocks,2097152,10,unmap,46.032,10.006,1
sample,sm_count_blocks,2097152,10,release,31.439,10.006,1
sample,sm_count_blocks,2097152,11,create,51.151,10.004,1
sample,sm_count_blocks,2097152,11,map,0.640,10.004,1
sample,sm_count_blocks,2097152,11,access,36.832,10.006,1
sample,sm_count_blocks,2097152,11,unmap,44.687,10.006,1
sample,sm_count_blocks,2097152,11,release,30.496,10.006,1
sample,sm_count_blocks,2097152,12,create,49.664,10.004,1
sample,sm_count_blocks,2097152,12,map,0.576,10.004,1
sample,sm_count_blocks,2097152,12,access,36.063,10.006,1
sample,sm_count_blocks,2097152,12,unmap,46.063,10.005,1
sample,sm_count_blocks,2097152,12,release,29.904,10.006,1
sample,sm_count_blocks,2097152,13,create,48.912,10.004,1
sample,sm_count_blocks,2097152,13,map,0.576,10.003,1
sample,sm_count_blocks,2097152,13,access,35.984,10.006,1
sample,sm_count_blocks,2097152,13,unmap,46.672,10.005,1
sample,sm_count_blocks,2097152,13,release,30.847,10.006,1
sample,sm_count_blocks,2097152,14,create,48.703,10.004,1
sample,sm_count_blocks,2097152,14,map,0.560,10.003,1
sample,sm_count_blocks,2097152,14,access,35.904,10.006,1
sample,sm_count_blocks,2097152,14,unmap,46.095,10.005,1
sample,sm_count_blocks,2097152,14,release,30.480,10.006,1
sample,sm_count_blocks,2097152,15,create,49.072,10.004,1
sample,sm_count_blocks,2097152,15,map,0.544,10.003,1
sample,sm_count_blocks,2097152,15,access,35.807,10.006,1
sample,sm_count_blocks,2097152,15,unmap,46.576,10.006,1
sample,sm_count_blocks,2097152,15,release,38.912,10.006,1
sample,sm_count_blocks,2097152,16,create,49.567,10.004,1
sample,sm_count_blocks,2097152,16,map,0.576,10.002,1
sample,sm_count_blocks,2097152,16,access,36.640,10.005,1
sample,sm_count_blocks,2097152,16,unmap,45.808,10.005,1
sample,sm_count_blocks,2097152,16,release,30.239,10.006,1
sample,sm_count_blocks,2097152,17,create,49.711,10.004,1
sample,sm_count_blocks,2097152,17,map,0.688,10.004,1
sample,sm_count_blocks,2097152,17,access,36.223,10.005,1
sample,sm_count_blocks,2097152,17,unmap,49.503,10.005,1
sample,sm_count_blocks,2097152,17,release,30.448,10.006,1
sample,sm_count_blocks,2097152,18,create,49.216,10.004,1
sample,sm_count_blocks,2097152,18,map,0.544,10.003,1
sample,sm_count_blocks,2097152,18,access,36.256,10.005,1
sample,sm_count_blocks,2097152,18,unmap,45.296,10.005,1
sample,sm_count_blocks,2097152,18,release,30.848,10.006,1
sample,sm_count_blocks,2097152,19,create,49.295,10.004,1
sample,sm_count_blocks,2097152,19,map,0.592,10.004,1
sample,sm_count_blocks,2097152,19,access,35.808,10.006,1
sample,sm_count_blocks,2097152,19,unmap,45.264,10.005,1
sample,sm_count_blocks,2097152,19,release,30.383,10.006,1
sample,sm_count_blocks,2097152,20,create,49.360,10.004,1
sample,sm_count_blocks,2097152,20,map,0.592,10.002,1
sample,sm_count_blocks,2097152,20,access,35.983,10.005,1
sample,sm_count_blocks,2097152,20,unmap,46.127,10.005,1
sample,sm_count_blocks,2097152,20,release,30.464,10.006,1
sample,sm_count_blocks,2097152,21,create,49.808,10.004,1
sample,sm_count_blocks,2097152,21,map,0.656,10.003,1
sample,sm_count_blocks,2097152,21,access,36.672,10.005,1
sample,sm_count_blocks,2097152,21,unmap,46.528,10.004,1
sample,sm_count_blocks,2097152,21,release,30.272,10.006,1
sample,sm_count_blocks,2097152,22,create,49.311,10.004,1
sample,sm_count_blocks,2097152,22,map,0.560,10.004,1
sample,sm_count_blocks,2097152,22,access,36.000,10.005,1
sample,sm_count_blocks,2097152,22,unmap,45.903,10.004,1
sample,sm_count_blocks,2097152,22,release,30.656,10.006,1
sample,sm_count_blocks,2097152,23,create,49.328,10.004,1
sample,sm_count_blocks,2097152,23,map,0.608,10.002,1
sample,sm_count_blocks,2097152,23,access,35.791,10.006,1
sample,sm_count_blocks,2097152,23,unmap,46.944,10.006,1
sample,sm_count_blocks,2097152,23,release,30.528,10.006,1
sample,sm_count_blocks,2097152,24,create,49.232,10.004,1
sample,sm_count_blocks,2097152,24,map,0.656,10.003,1
sample,sm_count_blocks,2097152,24,access,35.632,10.006,1
sample,sm_count_blocks,2097152,24,unmap,45.200,10.006,1
sample,sm_count_blocks,2097152,24,release,31.216,10.006,1
sample,sm_count_blocks,2097152,25,create,49.375,10.004,1
sample,sm_count_blocks,2097152,25,map,0.560,10.004,1
sample,sm_count_blocks,2097152,25,access,36.080,10.006,1
sample,sm_count_blocks,2097152,25,unmap,47.775,10.006,1
sample,sm_count_blocks,2097152,25,release,38.527,10.006,1
sample,sm_count_blocks,2097152,26,create,52.096,10.004,1
sample,sm_count_blocks,2097152,26,map,0.688,10.005,1
sample,sm_count_blocks,2097152,26,access,37.951,10.006,1
sample,sm_count_blocks,2097152,26,unmap,45.504,10.007,1
sample,sm_count_blocks,2097152,26,release,32.032,10.006,1
sample,sm_count_blocks,2097152,27,create,50.255,10.004,1
sample,sm_count_blocks,2097152,27,map,0.640,10.004,1
sample,sm_count_blocks,2097152,27,access,36.896,10.005,1
sample,sm_count_blocks,2097152,27,unmap,47.856,10.006,1
sample,sm_count_blocks,2097152,27,release,31.168,10.006,1
sample,sm_count_blocks,2097152,28,create,49.695,10.004,1
sample,sm_count_blocks,2097152,28,map,0.624,10.004,1
sample,sm_count_blocks,2097152,28,access,37.008,10.006,1
sample,sm_count_blocks,2097152,28,unmap,45.743,10.005,1
sample,sm_count_blocks,2097152,28,release,31.632,10.006,1
sample,sm_count_blocks,2097152,29,create,49.648,10.004,1
sample,sm_count_blocks,2097152,29,map,0.688,10.004,1
sample,sm_count_blocks,2097152,29,access,36.463,10.006,1
sample,sm_count_blocks,2097152,29,unmap,46.992,10.005,1
sample,sm_count_blocks,2097152,29,release,31.088,10.006,1
sample,idle,8388608,0,create,178.270,0.000,0
sample,idle,8388608,0,map,0.640,0.000,0
sample,idle,8388608,0,access,73.839,0.000,0
sample,idle,8388608,0,unmap,115.439,0.000,0
sample,idle,8388608,0,release,42.592,0.000,0
sample,idle,8388608,1,create,181.678,0.000,0
sample,idle,8388608,1,map,0.752,0.000,0
sample,idle,8388608,1,access,73.280,0.000,0
sample,idle,8388608,1,unmap,118.783,0.000,0
sample,idle,8388608,1,release,44.304,0.000,0
sample,idle,8388608,2,create,178.671,0.000,0
sample,idle,8388608,2,map,0.688,0.000,0
sample,idle,8388608,2,access,72.879,0.000,0
sample,idle,8388608,2,unmap,115.775,0.000,0
sample,idle,8388608,2,release,42.879,0.000,0
sample,idle,8388608,3,create,181.215,0.000,0
sample,idle,8388608,3,map,0.752,0.000,0
sample,idle,8388608,3,access,74.223,0.000,0
sample,idle,8388608,3,unmap,118.351,0.000,0
sample,idle,8388608,3,release,44.000,0.000,0
sample,idle,8388608,4,create,179.199,0.000,0
sample,idle,8388608,4,map,0.688,0.000,0
sample,idle,8388608,4,access,74.383,0.000,0
sample,idle,8388608,4,unmap,116.911,0.000,0
sample,idle,8388608,4,release,42.800,0.000,0
sample,idle,8388608,5,create,178.686,0.000,0
sample,idle,8388608,5,map,0.704,0.000,0
sample,idle,8388608,5,access,72.144,0.000,0
sample,idle,8388608,5,unmap,120.431,0.000,0
sample,idle,8388608,5,release,42.464,0.000,0
sample,idle,8388608,6,create,178.494,0.000,0
sample,idle,8388608,6,map,0.768,0.000,0
sample,idle,8388608,6,access,72.832,0.000,0
sample,idle,8388608,6,unmap,115.631,0.000,0
sample,idle,8388608,6,release,42.175,0.000,0
sample,idle,8388608,7,create,179.135,0.000,0
sample,idle,8388608,7,map,0.688,0.000,0
sample,idle,8388608,7,access,73.599,0.000,0
sample,idle,8388608,7,unmap,116.687,0.000,0
sample,idle,8388608,7,release,43.903,0.000,0
sample,idle,8388608,8,create,178.799,0.000,0
sample,idle,8388608,8,map,0.704,0.000,0
sample,idle,8388608,8,access,73.679,0.000,0
sample,idle,8388608,8,unmap,116.735,0.000,0
sample,idle,8388608,8,release,44.176,0.000,0
sample,idle,8388608,9,create,178.590,0.000,0
sample,idle,8388608,9,map,0.768,0.000,0
sample,idle,8388608,9,access,73.776,0.000,0
sample,idle,8388608,9,unmap,120.591,0.000,0
sample,idle,8388608,9,release,44.496,0.000,0
sample,idle,8388608,10,create,180.638,0.000,0
sample,idle,8388608,10,map,0.736,0.000,0
sample,idle,8388608,10,access,73.280,0.000,0
sample,idle,8388608,10,unmap,115.519,0.000,0
sample,idle,8388608,10,release,44.095,0.000,0
sample,idle,8388608,11,create,179.455,0.000,0
sample,idle,8388608,11,map,0.736,0.000,0
sample,idle,8388608,11,access,72.367,0.000,0
sample,idle,8388608,11,unmap,117.295,0.000,0
sample,idle,8388608,11,release,42.895,0.000,0
sample,idle,8388608,12,create,180.447,0.000,0
sample,idle,8388608,12,map,0.768,0.000,0
sample,idle,8388608,12,access,73.087,0.000,0
sample,idle,8388608,12,unmap,116.303,0.000,0
sample,idle,8388608,12,release,44.176,0.000,0
sample,idle,8388608,13,create,178.174,0.000,0
sample,idle,8388608,13,map,0.768,0.000,0
sample,idle,8388608,13,access,74.015,0.000,0
sample,idle,8388608,13,unmap,117.439,0.000,0
sample,idle,8388608,13,release,43.136,0.000,0
sample,idle,8388608,14,create,178.830,0.000,0
sample,idle,8388608,14,map,0.752,0.000,0
sample,idle,8388608,14,access,74.592,0.000,0
sample,idle,8388608,14,unmap,116.767,0.000,0
sample,idle,8388608,14,release,44.208,0.000,0
sample,idle,8388608,15,create,178.334,0.000,0
sample,idle,8388608,15,map,0.704,0.000,0
sample,idle,8388608,15,access,72.736,0.000,0
sample,idle,8388608,15,unmap,118.719,0.000,0
sample,idle,8388608,15,release,44.095,0.000,0
sample,idle,8388608,16,create,179.039,0.000,0
sample,idle,8388608,16,map,0.736,0.000,0
sample,idle,8388608,16,access,74.111,0.000,0
sample,idle,8388608,16,unmap,116.175,0.000,0
sample,idle,8388608,16,release,44.159,0.000,0
sample,idle,8388608,17,create,179.455,0.000,0
sample,idle,8388608,17,map,0.752,0.000,0
sample,idle,8388608,17,access,73.295,0.000,0
sample,idle,8388608,17,unmap,119.903,0.000,0
sample,idle,8388608,17,release,43.840,0.000,0
sample,idle,8388608,18,create,177.870,0.000,0
sample,idle,8388608,18,map,0.704,0.000,0
sample,idle,8388608,18,access,72.831,0.000,0
sample,idle,8388608,18,unmap,115.903,0.000,0
sample,idle,8388608,18,release,43.968,0.000,0
sample,idle,8388608,19,create,180.590,0.000,0
sample,idle,8388608,19,map,0.784,0.000,0
sample,idle,8388608,19,access,72.608,0.000,0
sample,idle,8388608,19,unmap,119.743,0.000,0
sample,idle,8388608,19,release,41.968,0.000,0
sample,idle,8388608,20,create,178.783,0.000,0
sample,idle,8388608,20,map,0.752,0.000,0
sample,idle,8388608,20,access,73.055,0.000,0
sample,idle,8388608,20,unmap,114.607,0.000,0
sample,idle,8388608,20,release,43.935,0.000,0
sample,idle,8388608,21,create,181.695,0.000,0
sample,idle,8388608,21,map,0.656,0.000,0
sample,idle,8388608,21,access,73.471,0.000,0
sample,idle,8388608,21,unmap,118.047,0.000,0
sample,idle,8388608,21,release,42.800,0.000,0
sample,idle,8388608,22,create,178.846,0.000,0
sample,idle,8388608,22,map,0.752,0.000,0
sample,idle,8388608,22,access,73.551,0.000,0
sample,idle,8388608,22,unmap,114.879,0.000,0
sample,idle,8388608,22,release,43.920,0.000,0
sample,idle,8388608,23,create,178.174,0.000,0
sample,idle,8388608,23,map,0.736,0.000,0
sample,idle,8388608,23,access,73.328,0.000,0
sample,idle,8388608,23,unmap,118.495,0.000,0
sample,idle,8388608,23,release,42.448,0.000,0
sample,idle,8388608,24,create,178.030,0.000,0
sample,idle,8388608,24,map,0.720,0.000,0
sample,idle,8388608,24,access,74.144,0.000,0
sample,idle,8388608,24,unmap,116.047,0.000,0
sample,idle,8388608,24,release,42.607,0.000,0
sample,idle,8388608,25,create,178.111,0.000,0
sample,idle,8388608,25,map,0.688,0.000,0
sample,idle,8388608,25,access,73.279,0.000,0
sample,idle,8388608,25,unmap,119.951,0.000,0
sample,idle,8388608,25,release,43.887,0.000,0
sample,idle,8388608,26,create,178.623,0.000,0
sample,idle,8388608,26,map,0.800,0.000,0
sample,idle,8388608,26,access,72.751,0.000,0
sample,idle,8388608,26,unmap,116.271,0.000,0
sample,idle,8388608,26,release,43.872,0.000,0
sample,idle,8388608,27,create,178.350,0.000,0
sample,idle,8388608,27,map,0.800,0.000,0
sample,idle,8388608,27,access,72.448,0.000,0
sample,idle,8388608,27,unmap,118.415,0.000,0
sample,idle,8388608,27,release,44.256,0.000,0
sample,idle,8388608,28,create,180.014,0.000,0
sample,idle,8388608,28,map,0.752,0.000,0
sample,idle,8388608,28,access,74.048,0.000,0
sample,idle,8388608,28,unmap,115.103,0.000,0
sample,idle,8388608,28,release,42.527,0.000,0
sample,idle,8388608,29,create,178.943,0.000,0
sample,idle,8388608,29,map,0.736,0.000,0
sample,idle,8388608,29,access,73.119,0.000,0
sample,idle,8388608,29,unmap,119.455,0.000,0
sample,idle,8388608,29,release,44.079,0.000,0
sample,idle,8388608,30,create,180.303,0.000,0
sample,idle,8388608,30,map,0.672,0.000,0
sample,idle,8388608,30,access,72.559,0.000,0
sample,idle,8388608,30,unmap,116.015,0.000,0
sample,idle,8388608,30,release,42.560,0.000,0
sample,idle,8388608,31,create,179.102,0.000,0
sample,idle,8388608,31,map,0.848,0.000,0
sample,idle,8388608,31,access,73.087,0.000,0
sample,idle,8388608,31,unmap,118.367,0.000,0
sample,idle,8388608,31,release,44.544,0.000,0
sample,idle,8388608,32,create,178.814,0.000,0
sample,idle,8388608,32,map,0.752,0.000,0
sample,idle,8388608,32,access,73.616,0.000,0
sample,idle,8388608,32,unmap,115.967,0.000,0
sample,idle,8388608,32,release,44.560,0.000,0
sample,idle,8388608,33,create,178.559,0.000,0
sample,idle,8388608,33,map,0.592,0.000,0
sample,idle,8388608,33,access,73.647,0.000,0
sample,idle,8388608,33,unmap,117.967,0.000,0
sample,idle,8388608,33,release,44.367,0.000,0
sample,idle,8388608,34,create,176.655,0.000,0
sample,idle,8388608,34,map,0.720,0.000,0
sample,idle,8388608,34,access,73.455,0.000,0
sample,idle,8388608,34,unmap,115.791,0.000,0
sample,idle,8388608,34,release,42.832,0.000,0
sample,idle,8388608,35,create,178.782,0.000,0
sample,idle,8388608,35,map,0.720,0.000,0
sample,idle,8388608,35,access,72.495,0.000,0
sample,idle,8388608,35,unmap,117.855,0.000,0
sample,idle,8388608,35,release,42.528,0.000,0
sample,idle,8388608,36,create,178.494,0.000,0
sample,idle,8388608,36,map,0.752,0.000,0
sample,idle,8388608,36,access,73.520,0.000,0
sample,idle,8388608,36,unmap,115.839,0.000,0
sample,idle,8388608,36,release,42.880,0.000,0
sample,idle,8388608,37,create,182.607,0.000,0
sample,idle,8388608,37,map,0.752,0.000,0
sample,idle,8388608,37,access,74.080,0.000,0
sample,idle,8388608,37,unmap,120.111,0.000,0
sample,idle,8388608,37,release,46.015,0.000,0
sample,idle,8388608,38,create,179.087,0.000,0
sample,idle,8388608,38,map,0.624,0.000,0
sample,idle,8388608,38,access,72.559,0.000,0
sample,idle,8388608,38,unmap,116.543,0.000,0
sample,idle,8388608,38,release,42.559,0.000,0
sample,idle,8388608,39,create,182.591,0.000,0
sample,idle,8388608,39,map,0.752,0.000,0
sample,idle,8388608,39,access,72.063,0.000,0
sample,idle,8388608,39,unmap,117.711,0.000,0
sample,idle,8388608,39,release,44.096,0.000,0
sample,idle,8388608,40,create,178.286,0.000,0
sample,idle,8388608,40,map,0.816,0.000,0
sample,idle,8388608,40,access,73.760,0.000,0
sample,idle,8388608,40,unmap,115.743,0.000,0
sample,idle,8388608,40,release,44.256,0.000,0
sample,idle,8388608,41,create,178.174,0.000,0
sample,idle,8388608,41,map,0.704,0.000,0
sample,idle,8388608,41,access,72.192,0.000,0
sample,idle,8388608,41,unmap,117.551,0.000,0
sample,idle,8388608,41,release,47.439,0.000,0
sample,idle,8388608,42,create,178.127,0.000,0
sample,idle,8388608,42,map,0.800,0.000,0
sample,idle,8388608,42,access,72.623,0.000,0
sample,idle,8388608,42,unmap,115.519,0.000,0
sample,idle,8388608,42,release,42.399,0.000,0
sample,idle,8388608,43,create,179.023,0.000,0
sample,idle,8388608,43,map,0.816,0.000,0
sample,idle,8388608,43,access,70.463,0.000,0
sample,idle,8388608,43,unmap,114.911,0.000,0
sample,idle,8388608,43,release,42.544,0.000,0
sample,idle,8388608,44,create,178.446,0.000,0
sample,idle,8388608,44,map,0.784,0.000,0
sample,idle,8388608,44,access,71.696,0.000,0
sample,idle,8388608,44,unmap,109.215,0.000,0
sample,idle,8388608,44,release,42.336,0.000,0
sample,idle,8388608,45,create,178.223,0.000,0
sample,idle,8388608,45,map,0.736,0.000,0
sample,idle,8388608,45,access,67.888,0.000,0
sample,idle,8388608,45,unmap,113.215,0.000,0
sample,idle,8388608,45,release,41.871,0.000,0
sample,idle,8388608,46,create,179.743,0.000,0
sample,idle,8388608,46,map,0.752,0.000,0
sample,idle,8388608,46,access,67.695,0.000,0
sample,idle,8388608,46,unmap,115.247,0.000,0
sample,idle,8388608,46,release,42.992,0.000,0
sample,idle,8388608,47,create,178.638,0.000,0
sample,idle,8388608,47,map,0.800,0.000,0
sample,idle,8388608,47,access,69.056,0.000,0
sample,idle,8388608,47,unmap,117.983,0.000,0
sample,idle,8388608,47,release,44.880,0.000,0
sample,idle,8388608,48,create,181.150,0.000,0
sample,idle,8388608,48,map,0.752,0.000,0
sample,idle,8388608,48,access,74.240,0.000,0
sample,idle,8388608,48,unmap,110.128,0.000,0
sample,idle,8388608,48,release,41.439,0.000,0
sample,idle,8388608,49,create,178.703,0.000,0
sample,idle,8388608,49,map,0.704,0.000,0
sample,idle,8388608,49,access,67.695,0.000,0
sample,idle,8388608,49,unmap,110.687,0.000,0
sample,idle,8388608,49,release,42.000,0.000,0
sample,idle,8388608,50,create,178.911,0.000,0
sample,idle,8388608,50,map,0.656,0.000,0
sample,idle,8388608,50,access,66.415,0.000,0
sample,idle,8388608,50,unmap,107.935,0.000,0
sample,idle,8388608,50,release,43.312,0.000,0
sample,idle,8388608,51,create,179.246,0.000,0
sample,idle,8388608,51,map,0.704,0.000,0
sample,idle,8388608,51,access,68.000,0.000,0
sample,idle,8388608,51,unmap,111.359,0.000,0
sample,idle,8388608,51,release,41.471,0.000,0
sample,idle,8388608,52,create,179.055,0.000,0
sample,idle,8388608,52,map,0.704,0.000,0
sample,idle,8388608,52,access,67.359,0.000,0
sample,idle,8388608,52,unmap,106.735,0.000,0
sample,idle,8388608,52,release,44.496,0.000,0
sample,idle,8388608,53,create,179.486,0.000,0
sample,idle,8388608,53,map,0.816,0.000,0
sample,idle,8388608,53,access,67.104,0.000,0
sample,idle,8388608,53,unmap,110.351,0.000,0
sample,idle,8388608,53,release,42.224,0.000,0
sample,idle,8388608,54,create,178.110,0.000,0
sample,idle,8388608,54,map,0.784,0.000,0
sample,idle,8388608,54,access,66.992,0.000,0
sample,idle,8388608,54,unmap,110.159,0.000,0
sample,idle,8388608,54,release,41.823,0.000,0
sample,idle,8388608,55,create,179.791,0.000,0
sample,idle,8388608,55,map,0.752,0.000,0
sample,idle,8388608,55,access,72.959,0.000,0
sample,idle,8388608,55,unmap,118.847,0.000,0
sample,idle,8388608,55,release,42.912,0.000,0
sample,idle,8388608,56,create,177.774,0.000,0
sample,idle,8388608,56,map,0.784,0.000,0
sample,idle,8388608,56,access,74.031,0.000,0
sample,idle,8388608,56,unmap,120.511,0.000,0
sample,idle,8388608,56,release,44.272,0.000,0
sample,idle,8388608,57,create,178.030,0.000,0
sample,idle,8388608,57,map,0.688,0.000,0
sample,idle,8388608,57,access,74.768,0.000,0
sample,idle,8388608,57,unmap,118.575,0.000,0
sample,idle,8388608,57,release,42.112,0.000,0
sample,idle,8388608,58,create,177.758,0.000,0
sample,idle,8388608,58,map,0.736,0.000,0
sample,idle,8388608,58,access,181.103,0.000,0
sample,idle,8388608,58,unmap,129.535,0.000,0
sample,idle,8388608,58,release,61.056,0.000,0
sample,idle,8388608,59,create,181.166,0.000,0
sample,idle,8388608,59,map,0.800,0.000,0
sample,idle,8388608,59,access,72.240,0.000,0
sample,idle,8388608,59,unmap,115.327,0.000,0
sample,idle,8388608,59,release,44.320,0.000,0
sample,idle,8388608,60,create,178.238,0.000,0
sample,idle,8388608,60,map,0.672,0.000,0
sample,idle,8388608,60,access,73.968,0.000,0
sample,idle,8388608,60,unmap,116.735,0.000,0
sample,idle,8388608,60,release,43.023,0.000,0
sample,idle,8388608,61,create,178.399,0.000,0
sample,idle,8388608,61,map,0.736,0.000,0
sample,idle,8388608,61,access,74.255,0.000,0
sample,idle,8388608,61,unmap,121.439,0.000,0
sample,idle,8388608,61,release,43.295,0.000,0
sample,idle,8388608,62,create,177.791,0.000,0
sample,idle,8388608,62,map,0.736,0.000,0
sample,idle,8388608,62,access,167.566,0.000,0
sample,idle,8388608,62,unmap,123.519,0.000,0
sample,idle,8388608,62,release,44.544,0.000,0
sample,idle,8388608,63,create,177.710,0.000,0
sample,idle,8388608,63,map,0.784,0.000,0
sample,idle,8388608,63,access,73.376,0.000,0
sample,idle,8388608,63,unmap,117.535,0.000,0
sample,idle,8388608,63,release,45.024,0.000,0
sample,idle,8388608,64,create,178.558,0.000,0
sample,idle,8388608,64,map,0.720,0.000,0
sample,idle,8388608,64,access,109.248,0.000,0
sample,idle,8388608,64,unmap,126.159,0.000,0
sample,idle,8388608,64,release,44.816,0.000,0
sample,idle,8388608,65,create,178.654,0.000,0
sample,idle,8388608,65,map,0.624,0.000,0
sample,idle,8388608,65,access,73.487,0.000,0
sample,idle,8388608,65,unmap,118.639,0.000,0
sample,idle,8388608,65,release,43.392,0.000,0
sample,idle,8388608,66,create,178.814,0.000,0
sample,idle,8388608,66,map,0.624,0.000,0
sample,idle,8388608,66,access,72.736,0.000,0
sample,idle,8388608,66,unmap,115.695,0.000,0
sample,idle,8388608,66,release,42.704,0.000,0
sample,idle,8388608,67,create,177.855,0.000,0
sample,idle,8388608,67,map,0.752,0.000,0
sample,idle,8388608,67,access,73.567,0.000,0
sample,idle,8388608,67,unmap,117.791,0.000,0
sample,idle,8388608,67,release,44.463,0.000,0
sample,idle,8388608,68,create,178.639,0.000,0
sample,idle,8388608,68,map,0.704,0.000,0
sample,idle,8388608,68,access,73.887,0.000,0
sample,idle,8388608,68,unmap,115.647,0.000,0
sample,idle,8388608,68,release,42.256,0.000,0
sample,idle,8388608,69,create,178.670,0.000,0
sample,idle,8388608,69,map,0.672,0.000,0
sample,idle,8388608,69,access,72.991,0.000,0
sample,idle,8388608,69,unmap,119.663,0.000,0
sample,idle,8388608,69,release,42.896,0.000,0
sample,idle,8388608,70,create,180.830,0.000,0
sample,idle,8388608,70,map,0.656,0.000,0
sample,idle,8388608,70,access,73.136,0.000,0
sample,idle,8388608,70,unmap,117.151,0.000,0
sample,idle,8388608,70,release,44.416,0.000,0
sample,idle,8388608,71,create,177.775,0.000,0
sample,idle,8388608,71,map,0.736,0.000,0
sample,idle,8388608,71,access,73.487,0.000,0
sample,idle,8388608,71,unmap,117.855,0.000,0
sample,idle,8388608,71,release,44.319,0.000,0
sample,idle,8388608,72,create,176.943,0.000,0
sample,idle,8388608,72,map,0.704,0.000,0
sample,idle,8388608,72,access,73.711,0.000,0
sample,idle,8388608,72,unmap,113.823,0.000,0
sample,idle,8388608,72,release,42.192,0.000,0
sample,idle,8388608,73,create,179.022,0.000,0
sample,idle,8388608,73,map,0.752,0.000,0
sample,idle,8388608,73,access,72.719,0.000,0
sample,idle,8388608,73,unmap,118.927,0.000,0
sample,idle,8388608,73,release,44.032,0.000,0
sample,idle,8388608,74,create,177.534,0.000,0
sample,idle,8388608,74,map,0.688,0.000,0
sample,idle,8388608,74,access,72.288,0.000,0
sample,idle,8388608,74,unmap,117.023,0.000,0
sample,idle,8388608,74,release,44.592,0.000,0
sample,idle,8388608,75,create,178.719,0.000,0
sample,idle,8388608,75,map,0.768,0.000,0
sample,idle,8388608,75,access,72.911,0.000,0
sample,idle,8388608,75,unmap,119.119,0.000,0
sample,idle,8388608,75,release,43.487,0.000,0
sample,idle,8388608,76,create,177.871,0.000,0
sample,idle,8388608,76,map,0.736,0.000,0
sample,idle,8388608,76,access,73.519,0.000,0
sample,idle,8388608,76,unmap,116.735,0.000,0
sample,idle,8388608,76,release,46.656,0.000,0
sample,idle,8388608,77,create,178.366,0.000,0
sample,idle,8388608,77,map,0.720,0.000,0
sample,idle,8388608,77,access,72.767,0.000,0
sample,idle,8388608,77,unmap,117.951,0.000,0
sample,idle,8388608,77,release,42.960,0.000,0
sample,idle,8388608,78,create,177.902,0.000,0
sample,idle,8388608,78,map,0.704,0.000,0
sample,idle,8388608,78,access,72.224,0.000,0
sample,idle,8388608,78,unmap,116.175,0.000,0
sample,idle,8388608,78,release,44.640,0.000,0
sample,idle,8388608,79,create,179.439,0.000,0
sample,idle,8388608,79,map,0.736,0.000,0
sample,idle,8388608,79,access,72.991,0.000,0
sample,idle,8388608,79,unmap,118.495,0.000,0
sample,idle,8388608,79,release,42.671,0.000,0
sample,idle,8388608,80,create,176.767,0.000,0
sample,idle,8388608,80,map,0.656,0.000,0
sample,idle,8388608,80,access,73.199,0.000,0
sample,idle,8388608,80,unmap,114.863,0.000,0
sample,idle,8388608,80,release,44.160,0.000,0
sample,idle,8388608,81,create,179.470,0.000,0
sample,idle,8388608,81,map,0.656,0.000,0
sample,idle,8388608,81,access,73.999,0.000,0
sample,idle,8388608,81,unmap,118.543,0.000,0
sample,idle,8388608,81,release,42.448,0.000,0
sample,idle,8388608,82,create,178.478,0.000,0
sample,idle,8388608,82,map,0.640,0.000,0
sample,idle,8388608,82,access,72.112,0.000,0
sample,idle,8388608,82,unmap,116.415,0.000,0
sample,idle,8388608,82,release,44.256,0.000,0
sample,idle,8388608,83,create,177.951,0.000,0
sample,idle,8388608,83,map,0.640,0.000,0
sample,idle,8388608,83,access,72.000,0.000,0
sample,idle,8388608,83,unmap,117.663,0.000,0
sample,idle,8388608,83,release,43.759,0.000,0
sample,idle,8388608,84,create,178.831,0.000,0
sample,idle,8388608,84,map,0.704,0.000,0
sample,idle,8388608,84,access,73.759,0.000,0
sample,idle,8388608,84,unmap,115.247,0.000,0
sample,idle,8388608,84,release,44.096,0.000,0
sample,idle,8388608,85,create,177.934,0.000,0
sample,idle,8388608,85,map,0.688,0.000,0
sample,idle,8388608,85,access,73.055,0.000,0
sample,idle,8388608,85,unmap,116.767,0.000,0
sample,idle,8388608,85,release,42.864,0.000,0
sample,idle,8388608,86,create,179.262,0.000,0
sample,idle,8388608,86,map,0.704,0.000,0
sample,idle,8388608,86,access,72.528,0.000,0
sample,idle,8388608,86,unmap,114.335,0.000,0
sample,idle,8388608,86,release,43.840,0.000,0
sample,idle,8388608,87,create,178.302,0.000,0
sample,idle,8388608,87,map,0.640,0.000,0
sample,idle,8388608,87,access,70.176,0.000,0
sample,idle,8388608,87,unmap,120.383,0.000,0
sample,idle,8388608,87,release,43.407,0.000,0
sample,idle,8388608,88,create,180.191,0.000,0
sample,idle,8388608,88,map,0.768,0.000,0
sample,idle,8388608,88,access,73.951,0.000,0
sample,idle,8388608,88,unmap,115.679,0.000,0
sample,idle,8388608,88,release,42.719,0.000,0
sample,idle,8388608,89,create,178.111,0.000,0
sample,idle,8388608,89,map,0.688,0.000,0
sample,idle,8388608,89,access,72.687,0.000,0
sample,idle,8388608,89,unmap,117.135,0.000,0
sample,idle,8388608,89,release,42.592,0.000,0
sample,idle,8388608,90,create,179.150,0.000,0
sample,idle,8388608,90,map,0.688,0.000,0
sample,idle,8388608,90,access,72.784,0.000,0
sample,idle,8388608,90,unmap,114.367,0.000,0
sample,idle,8388608,90,release,43.808,0.000,0
sample,idle,8388608,91,create,178.302,0.000,0
sample,idle,8388608,91,map,0.704,0.000,0
sample,idle,8388608,91,access,73.312,0.000,0
sample,idle,8388608,91,unmap,117.935,0.000,0
sample,idle,8388608,91,release,43.711,0.000,0
sample,idle,8388608,92,create,178.591,0.000,0
sample,idle,8388608,92,map,0.720,0.000,0
sample,idle,8388608,92,access,74.255,0.000,0
sample,idle,8388608,92,unmap,115.423,0.000,0
sample,idle,8388608,92,release,44.015,0.000,0
sample,idle,8388608,93,create,178.239,0.000,0
sample,idle,8388608,93,map,0.736,0.000,0
sample,idle,8388608,93,access,73.215,0.000,0
sample,idle,8388608,93,unmap,117.887,0.000,0
sample,idle,8388608,93,release,44.496,0.000,0
sample,idle,8388608,94,create,178.366,0.000,0
sample,idle,8388608,94,map,0.704,0.000,0
sample,idle,8388608,94,access,72.880,0.000,0
sample,idle,8388608,94,unmap,115.007,0.000,0
sample,idle,8388608,94,release,44.368,0.000,0
sample,idle,8388608,95,create,178.622,0.000,0
sample,idle,8388608,95,map,0.656,0.000,0
sample,idle,8388608,95,access,73.648,0.000,0
sample,idle,8388608,95,unmap,118.527,0.000,0
sample,idle,8388608,95,release,42.543,0.000,0
sample,idle,8388608,96,create,178.623,0.000,0
sample,idle,8388608,96,map,0.640,0.000,0
sample,idle,8388608,96,access,73.839,0.000,0
sample,idle,8388608,96,unmap,115.919,0.000,0
sample,idle,8388608,96,release,42.607,0.000,0
sample,idle,8388608,97,create,181.055,0.000,0
sample,idle,8388608,97,map,0.688,0.000,0
sample,idle,8388608,97,access,73.151,0.000,0
sample,idle,8388608,97,unmap,117.727,0.000,0
sample,idle,8388608,97,release,43.200,0.000,0
sample,idle,8388608,98,create,177.470,0.000,0
sample,idle,8388608,98,map,0.720,0.000,0
sample,idle,8388608,98,access,72.368,0.000,0
sample,idle,8388608,98,unmap,115.439,0.000,0
sample,idle,8388608,98,release,43.968,0.000,0
sample,idle,8388608,99,create,177.742,0.000,0
sample,idle,8388608,99,map,0.704,0.000,0
sample,idle,8388608,99,access,73.088,0.000,0
sample,idle,8388608,99,unmap,118.671,0.000,0
sample,idle,8388608,99,release,44.511,0.000,0
sample,one_block,8388608,0,create,177.918,10.005,1
sample,one_block,8388608,0,map,0.736,10.005,1
sample,one_block,8388608,0,access,72.432,10.005,1
sample,one_block,8388608,0,unmap,116.927,10.005,1
sample,one_block,8388608,0,release,55.903,10.006,1
sample,one_block,8388608,1,create,177.983,10.004,1
sample,one_block,8388608,1,map,0.736,10.004,1
sample,one_block,8388608,1,access,71.295,10.005,1
sample,one_block,8388608,1,unmap,116.591,10.006,1
sample,one_block,8388608,1,release,56.368,10.006,1
sample,one_block,8388608,2,create,178.462,10.004,1
sample,one_block,8388608,2,map,0.736,10.005,1
sample,one_block,8388608,2,access,73.216,10.006,1
sample,one_block,8388608,2,unmap,125.967,10.005,1
sample,one_block,8388608,2,release,57.135,10.006,1
sample,one_block,8388608,3,create,181.310,10.084,1
sample,one_block,8388608,3,map,0.768,10.003,1
sample,one_block,8388608,3,access,72.575,10.005,1
sample,one_block,8388608,3,unmap,117.727,10.005,1
sample,one_block,8388608,3,release,56.048,10.006,1
sample,one_block,8388608,4,create,180.622,10.004,1
sample,one_block,8388608,4,map,0.688,10.005,1
sample,one_block,8388608,4,access,72.704,10.006,1
sample,one_block,8388608,4,unmap,119.679,10.006,1
sample,one_block,8388608,4,release,53.823,10.006,1
sample,one_block,8388608,5,create,179.022,10.004,1
sample,one_block,8388608,5,map,0.784,10.004,1
sample,one_block,8388608,5,access,72.047,10.005,1
sample,one_block,8388608,5,unmap,117.071,10.005,1
sample,one_block,8388608,5,release,55.728,10.006,1
sample,one_block,8388608,6,create,178.799,10.004,1
sample,one_block,8388608,6,map,0.672,10.004,1
sample,one_block,8388608,6,access,72.831,10.006,1
sample,one_block,8388608,6,unmap,120.863,10.006,1
sample,one_block,8388608,6,release,56.720,10.006,1
sample,one_block,8388608,7,create,179.934,10.004,1
sample,one_block,8388608,7,map,0.752,10.004,1
sample,one_block,8388608,7,access,73.072,10.005,1
sample,one_block,8388608,7,unmap,117.199,10.006,1
sample,one_block,8388608,7,release,55.759,10.006,1
sample,one_block,8388608,8,create,178.431,10.004,1
sample,one_block,8388608,8,map,0.752,10.004,1
sample,one_block,8388608,8,access,72.591,10.006,1
sample,one_block,8388608,8,unmap,119.503,10.006,1
sample,one_block,8388608,8,release,54.896,10.006,1
sample,one_block,8388608,9,create,178.783,10.004,1
sample,one_block,8388608,9,map,0.672,10.004,1
sample,one_block,8388608,9,access,74.240,10.005,1
sample,one_block,8388608,9,unmap,117.199,10.010,1
sample,one_block,8388608,9,release,93.567,10.006,1
sample,one_block,8388608,10,create,180.094,10.004,1
sample,one_block,8388608,10,map,0.768,10.005,1
sample,one_block,8388608,10,access,75.280,10.005,1
sample,one_block,8388608,10,unmap,118.383,10.006,1
sample,one_block,8388608,10,release,55.487,10.006,1
sample,one_block,8388608,11,create,178.735,10.004,1
sample,one_block,8388608,11,map,0.752,10.004,1
sample,one_block,8388608,11,access,73.487,10.005,1
sample,one_block,8388608,11,unmap,116.975,10.007,1
sample,one_block,8388608,11,release,55.328,10.006,1
sample,one_block,8388608,12,create,178.910,10.004,1
sample,one_block,8388608,12,map,0.720,10.004,1
sample,one_block,8388608,12,access,72.944,10.006,1
sample,one_block,8388608,12,unmap,118.335,10.005,1
sample,one_block,8388608,12,release,53.855,10.006,1
sample,one_block,8388608,13,create,178.078,10.005,1
sample,one_block,8388608,13,map,0.720,10.004,1
sample,one_block,8388608,13,access,71.855,10.005,1
sample,one_block,8388608,13,unmap,118.127,10.007,1
sample,one_block,8388608,13,release,55.408,10.006,1
sample,one_block,8388608,14,create,181.983,10.004,1
sample,one_block,8388608,14,map,0.672,10.004,1
sample,one_block,8388608,14,access,73.039,10.005,1
sample,one_block,8388608,14,unmap,120.815,10.007,1
sample,one_block,8388608,14,release,55.472,10.006,1
sample,one_block,8388608,15,create,180.798,10.004,1
sample,one_block,8388608,15,map,0.704,10.004,1
sample,one_block,8388608,15,access,74.224,10.006,1
sample,one_block,8388608,15,unmap,118.703,10.005,1
sample,one_block,8388608,15,release,57.007,10.006,1
sample,one_block,8388608,16,create,180.063,10.004,1
sample,one_block,8388608,16,map,0.688,10.005,1
sample,one_block,8388608,16,access,72.431,10.006,1
sample,one_block,8388608,16,unmap,118.863,10.007,1
sample,one_block,8388608,16,release,57.296,10.006,1
sample,one_block,8388608,17,create,178.158,10.004,1
sample,one_block,8388608,17,map,0.832,10.004,1
sample,one_block,8388608,17,access,72.240,10.006,1
sample,one_block,8388608,17,unmap,118.047,10.005,1
sample,one_block,8388608,17,release,54.191,10.006,1
sample,one_block,8388608,18,create,177.999,10.004,1
sample,one_block,8388608,18,map,0.752,10.004,1
sample,one_block,8388608,18,access,71.487,10.006,1
sample,one_block,8388608,18,unmap,123.567,10.007,1
sample,one_block,8388608,18,release,53.920,10.006,1
sample,one_block,8388608,19,create,179.406,10.004,1
sample,one_block,8388608,19,map,0.768,10.004,1
sample,one_block,8388608,19,access,72.752,10.006,1
sample,one_block,8388608,19,unmap,117.327,10.006,1
sample,one_block,8388608,19,release,54.895,10.006,1
sample,one_block,8388608,20,create,178.239,10.004,1
sample,one_block,8388608,20,map,0.688,10.005,1
sample,one_block,8388608,20,access,73.167,10.006,1
sample,one_block,8388608,20,unmap,118.767,10.006,1
sample,one_block,8388608,20,release,56.832,10.006,1
sample,one_block,8388608,21,create,178.447,10.004,1
sample,one_block,8388608,21,map,0.720,10.004,1
sample,one_block,8388608,21,access,71.984,10.005,1
sample,one_block,8388608,21,unmap,116.783,10.005,1
sample,one_block,8388608,21,release,57.439,10.006,1
sample,one_block,8388608,22,create,179.054,10.004,1
sample,one_block,8388608,22,map,0.736,10.004,1
sample,one_block,8388608,22,access,73.391,10.006,1
sample,one_block,8388608,22,unmap,118.975,10.006,1
sample,one_block,8388608,22,release,55.616,10.006,1
sample,one_block,8388608,23,create,179.839,10.005,1
sample,one_block,8388608,23,map,0.768,10.005,1
sample,one_block,8388608,23,access,72.480,10.005,1
sample,one_block,8388608,23,unmap,116.959,10.005,1
sample,one_block,8388608,23,release,55.455,10.006,1
sample,one_block,8388608,24,create,178.270,10.004,1
sample,one_block,8388608,24,map,0.688,10.004,1
sample,one_block,8388608,24,access,72.799,10.005,1
sample,one_block,8388608,24,unmap,119.375,10.005,1
sample,one_block,8388608,24,release,55.952,10.006,1
sample,one_block,8388608,25,create,178.975,10.004,1
sample,one_block,8388608,25,map,0.784,10.004,1
sample,one_block,8388608,25,access,71.024,10.005,1
sample,one_block,8388608,25,unmap,117.263,10.007,1
sample,one_block,8388608,25,release,54.959,10.006,1
sample,one_block,8388608,26,create,178.238,10.004,1
sample,one_block,8388608,26,map,0.672,10.004,1
sample,one_block,8388608,26,access,72.959,10.005,1
sample,one_block,8388608,26,unmap,119.023,10.007,1
sample,one_block,8388608,26,release,55.504,10.006,1
sample,one_block,8388608,27,create,180.815,10.004,1
sample,one_block,8388608,27,map,0.736,10.004,1
sample,one_block,8388608,27,access,72.719,10.006,1
sample,one_block,8388608,27,unmap,116.447,10.005,1
sample,one_block,8388608,27,release,53.776,10.006,1
sample,one_block,8388608,28,create,180.878,10.004,1
sample,one_block,8388608,28,map,0.736,10.004,1
sample,one_block,8388608,28,access,72.783,10.005,1
sample,one_block,8388608,28,unmap,119.823,10.007,1
sample,one_block,8388608,28,release,57.839,10.006,1
sample,one_block,8388608,29,create,179.455,10.004,1
sample,one_block,8388608,29,map,0.720,10.004,1
sample,one_block,8388608,29,access,71.519,10.005,1
sample,one_block,8388608,29,unmap,121.583,10.005,1
sample,one_block,8388608,29,release,57.344,10.006,1
sample,sm_count_blocks,8388608,0,create,178.623,10.004,1
sample,sm_count_blocks,8388608,0,map,0.704,10.004,1
sample,sm_count_blocks,8388608,0,access,73.519,10.005,1
sample,sm_count_blocks,8388608,0,unmap,116.159,10.007,1
sample,sm_count_blocks,8388608,0,release,54.976,10.006,1
sample,sm_count_blocks,8388608,1,create,179.150,10.004,1
sample,sm_count_blocks,8388608,1,map,0.784,10.004,1
sample,sm_count_blocks,8388608,1,access,72.048,10.005,1
sample,sm_count_blocks,8388608,1,unmap,119.423,10.007,1
sample,sm_count_blocks,8388608,1,release,55.807,10.006,1
sample,sm_count_blocks,8388608,2,create,178.767,10.004,1
sample,sm_count_blocks,8388608,2,map,0.784,10.004,1
sample,sm_count_blocks,8388608,2,access,72.223,10.005,1
sample,sm_count_blocks,8388608,2,unmap,117.759,10.007,1
sample,sm_count_blocks,8388608,2,release,53.791,10.006,1
sample,sm_count_blocks,8388608,3,create,179.150,10.004,1
sample,sm_count_blocks,8388608,3,map,0.736,10.004,1
sample,sm_count_blocks,8388608,3,access,73.295,10.005,1
sample,sm_count_blocks,8388608,3,unmap,118.143,10.006,1
sample,sm_count_blocks,8388608,3,release,53.728,10.006,1
sample,sm_count_blocks,8388608,4,create,179.823,10.004,1
sample,sm_count_blocks,8388608,4,map,0.752,10.005,1
sample,sm_count_blocks,8388608,4,access,72.112,10.005,1
sample,sm_count_blocks,8388608,4,unmap,117.055,10.007,1
sample,sm_count_blocks,8388608,4,release,76.799,10.005,1
sample,sm_count_blocks,8388608,5,create,182.239,10.004,1
sample,sm_count_blocks,8388608,5,map,0.784,10.005,1
sample,sm_count_blocks,8388608,5,access,71.583,10.005,1
sample,sm_count_blocks,8388608,5,unmap,123.679,10.006,1
sample,sm_count_blocks,8388608,5,release,56.032,10.006,1
sample,sm_count_blocks,8388608,6,create,179.566,10.004,1
sample,sm_count_blocks,8388608,6,map,0.784,10.003,1
sample,sm_count_blocks,8388608,6,access,73.296,10.006,1
sample,sm_count_blocks,8388608,6,unmap,126.398,10.006,1
sample,sm_count_blocks,8388608,6,release,55.007,10.006,1
sample,sm_count_blocks,8388608,7,create,178.719,10.004,1
sample,sm_count_blocks,8388608,7,map,0.704,10.004,1
sample,sm_count_blocks,8388608,7,access,70.223,10.006,1
sample,sm_count_blocks,8388608,7,unmap,117.487,10.005,1
sample,sm_count_blocks,8388608,7,release,55.472,10.006,1
sample,sm_count_blocks,8388608,8,create,178.654,10.004,1
sample,sm_count_blocks,8388608,8,map,0.880,10.006,1
sample,sm_count_blocks,8388608,8,access,73.375,10.005,1
sample,sm_count_blocks,8388608,8,unmap,117.359,10.005,1
sample,sm_count_blocks,8388608,8,release,54.624,10.006,1
sample,sm_count_blocks,8388608,9,create,179.391,10.004,1
sample,sm_count_blocks,8388608,9,map,0.688,10.004,1
sample,sm_count_blocks,8388608,9,access,73.136,10.006,1
sample,sm_count_blocks,8388608,9,unmap,119.727,10.005,1
sample,sm_count_blocks,8388608,9,release,51.951,10.006,1
sample,sm_count_blocks,8388608,10,create,178.766,10.006,1
sample,sm_count_blocks,8388608,10,map,0.800,10.004,1
sample,sm_count_blocks,8388608,10,access,71.599,10.005,1
sample,sm_count_blocks,8388608,10,unmap,127.263,10.005,1
sample,sm_count_blocks,8388608,10,release,56.704,10.006,1
sample,sm_count_blocks,8388608,11,create,180.094,10.004,1
sample,sm_count_blocks,8388608,11,map,0.800,10.005,1
sample,sm_count_blocks,8388608,11,access,72.832,10.005,1
sample,sm_count_blocks,8388608,11,unmap,118.751,10.005,1
sample,sm_count_blocks,8388608,11,release,51.215,10.006,1
sample,sm_count_blocks,8388608,12,create,179.359,10.004,1
sample,sm_count_blocks,8388608,12,map,0.752,10.005,1
sample,sm_count_blocks,8388608,12,access,73.327,10.006,1
sample,sm_count_blocks,8388608,12,unmap,118.831,10.006,1
sample,sm_count_blocks,8388608,12,release,53.856,10.006,1
sample,sm_count_blocks,8388608,13,create,179.342,10.004,1
sample,sm_count_blocks,8388608,13,map,0.800,10.004,1
sample,sm_count_blocks,8388608,13,access,71.952,10.005,1
sample,sm_count_blocks,8388608,13,unmap,119.871,10.005,1
sample,sm_count_blocks,8388608,13,release,52.207,10.006,1
sample,sm_count_blocks,8388608,14,create,179.119,10.006,1
sample,sm_count_blocks,8388608,14,map,0.832,10.004,1
sample,sm_count_blocks,8388608,14,access,71.743,10.006,1
sample,sm_count_blocks,8388608,14,unmap,117.807,10.005,1
sample,sm_count_blocks,8388608,14,release,55.311,10.006,1
sample,sm_count_blocks,8388608,15,create,180.462,10.004,1
sample,sm_count_blocks,8388608,15,map,0.768,10.004,1
sample,sm_count_blocks,8388608,15,access,75.135,10.006,1
sample,sm_count_blocks,8388608,15,unmap,119.407,10.005,1
sample,sm_count_blocks,8388608,15,release,54.208,10.006,1
sample,sm_count_blocks,8388608,16,create,179.198,10.006,1
sample,sm_count_blocks,8388608,16,map,0.736,10.004,1
sample,sm_count_blocks,8388608,16,access,74.208,10.005,1
sample,sm_count_blocks,8388608,16,unmap,118.047,10.006,1
sample,sm_count_blocks,8388608,16,release,53.391,10.006,1
sample,sm_count_blocks,8388608,17,create,181.118,10.004,1
sample,sm_count_blocks,8388608,17,map,0.736,10.004,1
sample,sm_count_blocks,8388608,17,access,71.983,10.005,1
sample,sm_count_blocks,8388608,17,unmap,120.943,10.005,1
sample,sm_count_blocks,8388608,17,release,54.656,10.006,1
sample,sm_count_blocks,8388608,18,create,181.278,10.006,1
sample,sm_count_blocks,8388608,18,map,0.768,10.004,1
sample,sm_count_blocks,8388608,18,access,72.895,10.005,1
sample,sm_count_blocks,8388608,18,unmap,117.871,10.005,1
sample,sm_count_blocks,8388608,18,release,56.975,10.006,1
sample,sm_count_blocks,8388608,19,create,179.743,10.004,1
sample,sm_count_blocks,8388608,19,map,0.736,10.004,1
sample,sm_count_blocks,8388608,19,access,73.359,10.006,1
sample,sm_count_blocks,8388608,19,unmap,119.151,10.005,1
sample,sm_count_blocks,8388608,19,release,55.775,10.006,1
sample,sm_count_blocks,8388608,20,create,178.702,10.004,1
sample,sm_count_blocks,8388608,20,map,0.720,10.004,1
sample,sm_count_blocks,8388608,20,access,73.279,10.006,1
sample,sm_count_blocks,8388608,20,unmap,113.327,10.007,1
sample,sm_count_blocks,8388608,20,release,55.472,10.006,1
sample,sm_count_blocks,8388608,21,create,178.623,10.004,1
sample,sm_count_blocks,8388608,21,map,0.784,10.004,1
sample,sm_count_blocks,8388608,21,access,73.536,10.006,1
sample,sm_count_blocks,8388608,21,unmap,118.831,10.005,1
sample,sm_count_blocks,8388608,21,release,55.567,10.006,1
sample,sm_count_blocks,8388608,22,create,179.183,10.004,1
sample,sm_count_blocks,8388608,22,map,0.768,10.004,1
sample,sm_count_blocks,8388608,22,access,72.687,10.005,1
sample,sm_count_blocks,8388608,22,unmap,118.495,10.005,1
sample,sm_count_blocks,8388608,22,release,56.175,10.006,1
sample,sm_count_blocks,8388608,23,create,178.222,10.004,1
sample,sm_count_blocks,8388608,23,map,0.752,10.004,1
sample,sm_count_blocks,8388608,23,access,72.927,10.006,1
sample,sm_count_blocks,8388608,23,unmap,124.495,10.005,1
sample,sm_count_blocks,8388608,23,release,55.152,10.006,1
sample,sm_count_blocks,8388608,24,create,181.294,10.006,1
sample,sm_count_blocks,8388608,24,map,0.768,10.004,1
sample,sm_count_blocks,8388608,24,access,73.056,10.005,1
sample,sm_count_blocks,8388608,24,unmap,117.407,10.006,1
sample,sm_count_blocks,8388608,24,release,54.495,10.006,1
sample,sm_count_blocks,8388608,25,create,178.975,10.004,1
sample,sm_count_blocks,8388608,25,map,0.720,10.005,1
sample,sm_count_blocks,8388608,25,access,73.600,10.006,1
sample,sm_count_blocks,8388608,25,unmap,118.575,10.007,1
sample,sm_count_blocks,8388608,25,release,55.183,10.006,1
sample,sm_count_blocks,8388608,26,create,179.887,10.006,1
sample,sm_count_blocks,8388608,26,map,0.720,10.004,1
sample,sm_count_blocks,8388608,26,access,72.511,10.006,1
sample,sm_count_blocks,8388608,26,unmap,117.471,10.005,1
sample,sm_count_blocks,8388608,26,release,55.152,10.006,1
sample,sm_count_blocks,8388608,27,create,178.190,10.004,1
sample,sm_count_blocks,8388608,27,map,0.768,10.004,1
sample,sm_count_blocks,8388608,27,access,73.072,10.005,1
sample,sm_count_blocks,8388608,27,unmap,118.767,10.005,1
sample,sm_count_blocks,8388608,27,release,54.016,10.006,1
sample,sm_count_blocks,8388608,28,create,178.751,10.006,1
sample,sm_count_blocks,8388608,28,map,0.704,10.004,1
sample,sm_count_blocks,8388608,28,access,73.568,10.006,1
sample,sm_count_blocks,8388608,28,unmap,119.247,10.006,1
sample,sm_count_blocks,8388608,28,release,58.511,10.006,1
sample,sm_count_blocks,8388608,29,create,178.975,10.004,1
sample,sm_count_blocks,8388608,29,map,0.720,10.004,1
sample,sm_count_blocks,8388608,29,access,73.759,10.005,1
sample,sm_count_blocks,8388608,29,unmap,120.399,10.006,1
sample,sm_count_blocks,8388608,29,release,55.344,10.006,1
sample,idle,33554432,0,create,793.609,0.000,0
sample,idle,33554432,0,map,4.656,0.000,0
sample,idle,33554432,0,access,255.358,0.000,0
sample,idle,33554432,0,unmap,309.502,0.000,0
sample,idle,33554432,0,release,131.695,0.000,0
sample,idle,33554432,1,create,796.441,0.000,0
sample,idle,33554432,1,map,4.784,0.000,0
sample,idle,33554432,1,access,253.070,0.000,0
sample,idle,33554432,1,unmap,307.853,0.000,0
sample,idle,33554432,1,release,130.735,0.000,0
sample,idle,33554432,2,create,799.721,0.000,0
sample,idle,33554432,2,map,4.448,0.000,0
sample,idle,33554432,2,access,231.774,0.000,0
sample,idle,33554432,2,unmap,295.982,0.000,0
sample,idle,33554432,2,release,138.414,0.000,0
sample,idle,33554432,3,create,787.850,0.000,0
sample,idle,33554432,3,map,4.624,0.000,0
sample,idle,33554432,3,access,267.261,0.000,0
sample,idle,33554432,3,unmap,323.437,0.000,0
sample,idle,33554432,3,release,142.479,0.000,0
sample,idle,33554432,4,create,822.153,0.000,0
sample,idle,33554432,4,map,3.840,0.000,0
sample,idle,33554432,4,access,429.741,0.000,0
sample,idle,33554432,4,unmap,335.694,0.000,0
sample,idle,33554432,4,release,137.310,0.000,0
sample,idle,33554432,5,create,805.194,0.000,0
sample,idle,33554432,5,map,4.272,0.000,0
sample,idle,33554432,5,access,266.237,0.000,0
sample,idle,33554432,5,unmap,362.333,0.000,0
sample,idle,33554432,5,release,163.167,0.000,0
sample,idle,33554432,6,create,808.057,0.000,0
sample,idle,33554432,6,map,4.416,0.000,0
sample,idle,33554432,6,access,264.413,0.000,0
sample,idle,33554432,6,unmap,319.342,0.000,0
sample,idle,33554432,6,release,141.407,0.000,0
sample,idle,33554432,7,create,787.226,0.000,0
sample,idle,33554432,7,map,4.480,0.000,0
sample,idle,33554432,7,access,262.013,0.000,0
sample,idle,33554432,7,unmap,323.357,0.000,0
sample,idle,33554432,7,release,138.607,0.000,0
sample,idle,33554432,8,create,802.138,0.000,0
sample,idle,33554432,8,map,4.799,0.000,0
sample,idle,33554432,8,access,253.534,0.000,0
sample,idle,33554432,8,unmap,328.829,0.000,0
sample,idle,33554432,8,release,138.703,0.000,0
sample,idle,33554432,9,create,802.089,0.000,0
sample,idle,33554432,9,map,4.496,0.000,0
sample,idle,33554432,9,access,257.662,0.000,0
sample,idle,33554432,9,unmap,323.213,0.000,0
sample,idle,33554432,9,release,136.303,0.000,0
sample,idle,33554432,10,create,795.753,0.000,0
sample,idle,33554432,10,map,4.416,0.000,0
sample,idle,33554432,10,access,257.614,0.000,0
sample,idle,33554432,10,unmap,320.061,0.000,0
sample,idle,33554432,10,release,136.847,0.000,0
sample,idle,33554432,11,create,801.737,0.000,0
sample,idle,33554432,11,map,4.384,0.000,0
sample,idle,33554432,11,access,254.686,0.000,0
sample,idle,33554432,11,unmap,324.637,0.000,0
sample,idle,33554432,11,release,135.999,0.000,0
sample,idle,33554432,12,create,810.697,0.000,0
sample,idle,33554432,12,map,4.208,0.000,0
sample,idle,33554432,12,access,244.606,0.000,0
sample,idle,33554432,12,unmap,308.221,0.000,0
sample,idle,33554432,12,release,136.511,0.000,0
sample,idle,33554432,13,create,799.321,0.000,0
sample,idle,33554432,13,map,4.912,0.000,0
sample,idle,33554432,13,access,261.518,0.000,0
sample,idle,33554432,13,unmap,321.085,0.000,0
sample,idle,33554432,13,release,133.823,0.000,0
sample,idle,33554432,14,create,806.393,0.000,0
sample,idle,33554432,14,map,4.512,0.000,0
sample,idle,33554432,14,access,231.614,0.000,0
sample,idle,33554432,14,unmap,301.006,0.000,0
sample,idle,33554432,14,release,137.790,0.000,0
sample,idle,33554432,15,create,802.202,0.000,0
sample,idle,33554432,15,map,4.512,0.000,0
sample,idle,33554432,15,access,232.430,0.000,0
sample,idle,33554432,15,unmap,321.502,0.000,0
sample,idle,33554432,15,release,131.215,0.000,0
sample,idle,33554432,16,create,795.561,0.000,0
sample,idle,33554432,16,map,4.288,0.000,0
sample,idle,33554432,16,access,472.092,0.000,0
sample,idle,33554432,16,unmap,483.084,0.000,0
sample,idle,33554432,16,release,138.622,0.000,0
sample,idle,33554432,17,create,797.434,0.000,0
sample,idle,33554432,17,map,4.560,0.000,0
sample,idle,33554432,17,access,401.756,0.000,0
sample,idle,33554432,17,unmap,331.741,0.000,0
sample,idle,33554432,17,release,142.975,0.000,0
sample,idle,33554432,18,create,794.233,0.000,0
sample,idle,33554432,18,map,4.688,0.000,0
sample,idle,33554432,18,access,253.502,0.000,0
sample,idle,33554432,18,unmap,320.861,0.000,0
sample,idle,33554432,18,release,137.935,0.000,0
sample,idle,33554432,19,create,802.009,0.000,0
sample,idle,33554432,19,map,3.888,0.000,0
sample,idle,33554432,19,access,252.190,0.000,0
sample,idle,33554432,19,unmap,322.029,0.000,0
sample,idle,33554432,19,release,142.623,0.000,0
sample,idle,33554432,20,create,788.601,0.000,0
sample,idle,33554432,20,map,4.224,0.000,0
sample,idle,33554432,20,access,260.926,0.000,0
sample,idle,33554432,20,unmap,321.693,0.000,0
sample,idle,33554432,20,release,137.055,0.000,0
sample,idle,33554432,21,create,795.929,0.000,0
sample,idle,33554432,21,map,4.864,0.000,0
sample,idle,33554432,21,access,256.814,0.000,0
sample,idle,33554432,21,unmap,323.293,0.000,0
sample,idle,33554432,21,release,137.663,0.000,0
sample,idle,33554432,22,create,806.249,0.000,0
sample,idle,33554432,22,map,4.784,0.000,0
sample,idle,33554432,22,access,252.734,0.000,0
sample,idle,33554432,22,unmap,321.709,0.000,0
sample,idle,33554432,22,release,139.327,0.000,0
sample,idle,33554432,23,create,793.033,0.000,0
sample,idle,33554432,23,map,4.752,0.000,0
sample,idle,33554432,23,access,251.358,0.000,0
sample,idle,33554432,23,unmap,319.341,0.000,0
sample,idle,33554432,23,release,132.559,0.000,0
sample,idle,33554432,24,create,800.041,0.000,0
sample,idle,33554432,24,map,3.760,0.000,0
sample,idle,33554432,24,access,250.222,0.000,0
sample,idle,33554432,24,unmap,330.477,0.000,0
sample,idle,33554432,24,release,132.415,0.000,0
sample,idle,33554432,25,create,798.825,0.000,0
sample,idle,33554432,25,map,4.336,0.000,0
sample,idle,33554432,25,access,252.734,0.000,0
sample,idle,33554432,25,unmap,325.533,0.000,0
sample,idle,33554432,25,release,135.871,0.000,0
sample,idle,33554432,26,create,788.505,0.000,0
sample,idle,33554432,26,map,3.952,0.000,0
sample,idle,33554432,26,access,257.982,0.000,0
sample,idle,33554432,26,unmap,321.581,0.000,0
sample,idle,33554432,26,release,135.471,0.000,0
sample,idle,33554432,27,create,797.881,0.000,0
sample,idle,33554432,27,map,4.816,0.000,0
sample,idle,33554432,27,access,253.470,0.000,0
sample,idle,33554432,27,unmap,329.021,0.000,0
sample,idle,33554432,27,release,137.103,0.000,0
sample,idle,33554432,28,create,802.521,0.000,0
sample,idle,33554432,28,map,4.656,0.000,0
sample,idle,33554432,28,access,250.910,0.000,0
sample,idle,33554432,28,unmap,319.261,0.000,0
sample,idle,33554432,28,release,141.439,0.000,0
sample,idle,33554432,29,create,789.225,0.000,0
sample,idle,33554432,29,map,4.560,0.000,0
sample,idle,33554432,29,access,261.566,0.000,0
sample,idle,33554432,29,unmap,322.173,0.000,0
sample,idle,33554432,29,release,135.007,0.000,0
sample,idle,33554432,30,create,802.649,0.000,0
sample,idle,33554432,30,map,5.168,0.000,0
sample,idle,33554432,30,access,251.630,0.000,0
sample,idle,33554432,30,unmap,325.725,0.000,0
sample,idle,33554432,30,release,132.495,0.000,0
sample,idle,33554432,31,create,801.113,0.000,0
sample,idle,33554432,31,map,4.640,0.000,0
sample,idle,33554432,31,access,254.190,0.000,0
sample,idle,33554432,31,unmap,320.782,0.000,0
sample,idle,33554432,31,release,132.847,0.000,0
sample,idle,33554432,32,create,801.209,0.000,0
sample,idle,33554432,32,map,5.072,0.000,0
sample,idle,33554432,32,access,262.702,0.000,0
sample,idle,33554432,32,unmap,320.078,0.000,0
sample,idle,33554432,32,release,132.255,0.000,0
sample,idle,33554432,33,create,800.137,0.000,0
sample,idle,33554432,33,map,4.496,0.000,0
sample,idle,33554432,33,access,258.590,0.000,0
sample,idle,33554432,33,unmap,324.398,0.000,0
sample,idle,33554432,33,release,139.071,0.000,0
sample,idle,33554432,34,create,797.449,0.000,0
sample,idle,33554432,34,map,4.512,0.000,0
sample,idle,33554432,34,access,251.454,0.000,0
sample,idle,33554432,34,unmap,320.622,0.000,0
sample,idle,33554432,34,release,130.255,0.000,0
sample,idle,33554432,35,create,789.929,0.000,0
sample,idle,33554432,35,map,4.576,0.000,0
sample,idle,33554432,35,access,258.702,0.000,0
sample,idle,33554432,35,unmap,319.757,0.000,0
sample,idle,33554432,35,release,141.119,0.000,0
sample,idle,33554432,36,create,804.937,0.000,0
sample,idle,33554432,36,map,4.576,0.000,0
sample,idle,33554432,36,access,253.118,0.000,0
sample,idle,33554432,36,unmap,322.686,0.000,0
sample,idle,33554432,36,release,132.719,0.000,0
sample,idle,33554432,37,create,802.473,0.000,0
sample,idle,33554432,37,map,4.432,0.000,0
sample,idle,33554432,37,access,253.246,0.000,0
sample,idle,33554432,37,unmap,323.150,0.000,0
sample,idle,33554432,37,release,128.687,0.000,0
sample,idle,33554432,38,create,792.713,0.000,0
sample,idle,33554432,38,map,4.928,0.000,0
sample,idle,33554432,38,access,253.982,0.000,0
sample,idle,33554432,38,unmap,319.902,0.000,0
sample,idle,33554432,38,release,129.487,0.000,0
sample,idle,33554432,39,create,794.393,0.000,0
sample,idle,33554432,39,map,4.336,0.000,0
sample,idle,33554432,39,access,256.126,0.000,0
sample,idle,33554432,39,unmap,323.005,0.000,0
sample,idle,33554432,39,release,132.191,0.000,0
sample,idle,33554432,40,create,800.809,0.000,0
sample,idle,33554432,40,map,4.464,0.000,0
sample,idle,33554432,40,access,252.030,0.000,0
sample,idle,33554432,40,unmap,320.381,0.000,0
sample,idle,33554432,40,release,138.095,0.000,0
sample,idle,33554432,41,create,794.601,0.000,0
sample,idle,33554432,41,map,4.768,0.000,0
sample,idle,33554432,41,access,255.966,0.000,0
sample,idle,33554432,41,unmap,323.005,0.000,0
sample,idle,33554432,41,release,132.127,0.000,0
sample,idle,33554432,42,create,870.568,0.000,0
sample,idle,33554432,42,map,22.464,0.000,0
sample,idle,33554432,42,access,262.078,0.000,0
sample,idle,33554432,42,unmap,338.253,0.000,0
sample,idle,33554432,42,release,138.767,0.000,0
sample,idle,33554432,43,create,803.929,0.000,0
sample,idle,33554432,43,map,4.464,0.000,0
sample,idle,33554432,43,access,255.694,0.000,0
sample,idle,33554432,43,unmap,322.254,0.000,0
sample,idle,33554432,43,release,135.919,0.000,0
sample,idle,33554432,44,create,796.201,0.000,0
sample,idle,33554432,44,map,4.496,0.000,0
sample,idle,33554432,44,access,257.246,0.000,0
sample,idle,33554432,44,unmap,319.150,0.000,0
sample,idle,33554432,44,release,138.095,0.000,0
sample,idle,33554432,45,create,793.001,0.000,0
sample,idle,33554432,45,map,4.304,0.000,0
sample,idle,33554432,45,access,254.238,0.000,0
sample,idle,33554432,45,unmap,321.422,0.000,0
sample,idle,33554432,45,release,140.207,0.000,0
sample,idle,33554432,46,create,799.913,0.000,0
sample,idle,33554432,46,map,4.560,0.000,0
sample,idle,33554432,46,access,253.486,0.000,0
sample,idle,33554432,46,unmap,322.349,0.000,0
sample,idle,33554432,46,release,134.959,0.000,0
sample,idle,33554432,47,create,793.065,0.000,0
sample,idle,33554432,47,map,4.480,0.000,0
sample,idle,33554432,47,access,256.622,0.000,0
sample,idle,33554432,47,unmap,316.429,0.000,0
sample,idle,33554432,47,release,133.071,0.000,0
sample,idle,33554432,48,create,806.777,0.000,0
sample,idle,33554432,48,map,4.768,0.000,0
sample,idle,33554432,48,access,252.814,0.000,0
sample,idle,33554432,48,unmap,326.141,0.000,0
sample,idle,33554432,48,release,132.959,0.000,0
sample,idle,33554432,49,create,801.001,0.000,0
sample,idle,33554432,49,map,4.592,0.000,0
sample,idle,33554432,49,access,255.678,0.000,0
sample,idle,33554432,49,unmap,322.542,0.000,0
sample,idle,33554432,49,release,135.023,0.000,0
sample,idle,33554432,50,create,799.017,0.000,0
sample,idle,33554432,50,map,4.576,0.000,0
sample,idle,33554432,50,access,256.046,0.000,0
sample,idle,33554432,50,unmap,318.958,0.000,0
sample,idle,33554432,50,release,134.895,0.000,0
sample,idle,33554432,51,create,803.561,0.000,0
sample,idle,33554432,51,map,4.128,0.000,0
sample,idle,33554432,51,access,254.190,0.000,0
sample,idle,33554432,51,unmap,323.230,0.000,0
sample,idle,33554432,51,release,136.062,0.000,0
sample,idle,33554432,52,create,803.946,0.000,0
sample,idle,33554432,52,map,4.400,0.000,0
sample,idle,33554432,52,access,252.429,0.000,0
sample,idle,33554432,52,unmap,322.366,0.000,0
sample,idle,33554432,52,release,132.463,0.000,0
sample,idle,33554432,53,create,792.473,0.000,0
sample,idle,33554432,53,map,4.224,0.000,0
sample,idle,33554432,53,access,255.934,0.000,0
sample,idle,33554432,53,unmap,323.406,0.000,0
sample,idle,33554432,53,release,129.711,0.000,0
sample,idle,33554432,54,create,801.241,0.000,0
sample,idle,33554432,54,map,4.464,0.000,0
sample,idle,33554432,54,access,251.326,0.000,0
sample,idle,33554432,54,unmap,331.870,0.000,0
sample,idle,33554432,54,release,131.711,0.000,0
sample,idle,33554432,55,create,787.193,0.000,0
sample,idle,33554432,55,map,4.336,0.000,0
sample,idle,33554432,55,access,252.830,0.000,0
sample,idle,33554432,55,unmap,322.030,0.000,0
sample,idle,33554432,55,release,129.247,0.000,0
sample,idle,33554432,56,create,790.713,0.000,0
sample,idle,33554432,56,map,4.512,0.000,0
sample,idle,33554432,56,access,252.894,0.000,0
sample,idle,33554432,56,unmap,320.621,0.000,0
sample,idle,33554432,56,release,137.711,0.000,0
sample,idle,33554432,57,create,797.305,0.000,0
sample,idle,33554432,57,map,4.688,0.000,0
sample,idle,33554432,57,access,254.270,0.000,0
sample,idle,33554432,57,unmap,322.621,0.000,0
sample,idle,33554432,57,release,132.367,0.000,0
sample,idle,33554432,58,create,789.593,0.000,0
sample,idle,33554432,58,map,4.272,0.000,0
sample,idle,33554432,58,access,262.542,0.000,0
sample,idle,33554432,58,unmap,319.517,0.000,0
sample,idle,33554432,58,release,131.823,0.000,0
sample,idle,33554432,59,create,795.257,0.000,0
sample,idle,33554432,59,map,4.992,0.000,0
sample,idle,33554432,59,access,250.414,0.000,0
sample,idle,33554432,59,unmap,322.141,0.000,0
sample,idle,33554432,59,release,137.455,0.000,0
sample,idle,33554432,60,create,809.289,0.000,0
sample,idle,33554432,60,map,4.656,0.000,0
sample,idle,33554432,60,access,250.958,0.000,0
sample,idle,33554432,60,unmap,323.261,0.000,0
sample,idle,33554432,60,release,138.607,0.000,0
sample,idle,33554432,61,create,791.177,0.000,0
sample,idle,33554432,61,map,4.832,0.000,0
sample,idle,33554432,61,access,266.974,0.000,0
sample,idle,33554432,61,unmap,322.686,0.000,0
sample,idle,33554432,61,release,132.895,0.000,0
sample,idle,33554432,62,create,800.313,0.000,0
sample,idle,33554432,62,map,4.240,0.000,0
sample,idle,33554432,62,access,255.854,0.000,0
sample,idle,33554432,62,unmap,321.886,0.000,0
sample,idle,33554432,62,release,139.790,0.000,0
sample,idle,33554432,63,create,802.346,0.000,0
sample,idle,33554432,63,map,4.256,0.000,0
sample,idle,33554432,63,access,256.973,0.000,0
sample,idle,33554432,63,unmap,326.541,0.000,0
sample,idle,33554432,63,release,133.375,0.000,0
sample,idle,33554432,64,create,790.474,0.000,0
sample,idle,33554432,64,map,4.400,0.000,0
sample,idle,33554432,64,access,262.413,0.000,0
sample,idle,33554432,64,unmap,323.933,0.000,0
sample,idle,33554432,64,release,133.855,0.000,0
sample,idle,33554432,65,create,790.666,0.000,0
sample,idle,33554432,65,map,4.400,0.000,0
sample,idle,33554432,65,access,257.085,0.000,0
sample,idle,33554432,65,unmap,323.422,0.000,0
sample,idle,33554432,65,release,130.238,0.000,0
sample,idle,33554432,66,create,797.418,0.000,0
sample,idle,33554432,66,map,4.304,0.000,0
sample,idle,33554432,66,access,252.429,0.000,0
sample,idle,33554432,66,unmap,328.558,0.000,0
sample,idle,33554432,66,release,134.222,0.000,0
sample,idle,33554432,67,create,790.906,0.000,0
sample,idle,33554432,67,map,3.936,0.000,0
sample,idle,33554432,67,access,260.349,0.000,0
sample,idle,33554432,67,unmap,323.406,0.000,0
sample,idle,33554432,67,release,130.702,0.000,0
sample,idle,33554432,68,create,792.826,0.000,0
sample,idle,33554432,68,map,4.272,0.000,0
sample,idle,33554432,68,access,251.982,0.000,0
sample,idle,33554432,68,unmap,318.766,0.000,0
sample,idle,33554432,68,release,133.311,0.000,0
sample,idle,33554432,69,create,801.945,0.000,0
sample,idle,33554432,69,map,4.144,0.000,0
sample,idle,33554432,69,access,256.398,0.000,0
sample,idle,33554432,69,unmap,319.438,0.000,0
sample,idle,33554432,69,release,139.678,0.000,0
sample,idle,33554432,70,create,788.250,0.000,0
sample,idle,33554432,70,map,4.368,0.000,0
sample,idle,33554432,70,access,261.342,0.000,0
sample,idle,33554432,70,unmap,319.918,0.000,0
sample,idle,33554432,70,release,133.487,0.000,0
sample,idle,33554432,71,create,795.273,0.000,0
sample,idle,33554432,71,map,4.144,0.000,0
sample,idle,33554432,71,access,253.726,0.000,0
sample,idle,33554432,71,unmap,317.950,0.000,0
sample,idle,33554432,71,release,134.111,0.000,0
sample,idle,33554432,72,create,801.401,0.000,0
sample,idle,33554432,72,map,4.160,0.000,0
sample,idle,33554432,72,access,243.710,0.000,0
sample,idle,33554432,72,unmap,303.629,0.000,0
sample,idle,33554432,72,release,129.727,0.000,0
sample,idle,33554432,73,create,793.737,0.000,0
sample,idle,33554432,73,map,4.208,0.000,0
sample,idle,33554432,73,access,257.102,0.000,0
sample,idle,33554432,73,unmap,313.213,0.000,0
sample,idle,33554432,73,release,133.039,0.000,0
sample,idle,33554432,74,create,800.233,0.000,0
sample,idle,33554432,74,map,4.288,0.000,0
sample,idle,33554432,74,access,232.158,0.000,0
sample,idle,33554432,74,unmap,297.870,0.000,0
sample,idle,33554432,74,release,128.254,0.000,0
sample,idle,33554432,75,create,795.802,0.000,0
sample,idle,33554432,75,map,4.336,0.000,0
sample,idle,33554432,75,access,254.270,0.000,0
sample,idle,33554432,75,unmap,320.222,0.000,0
sample,idle,33554432,75,release,130.047,0.000,0
sample,idle,33554432,76,create,797.225,0.000,0
sample,idle,33554432,76,map,4.080,0.000,0
sample,idle,33554432,76,access,440.028,0.000,0
sample,idle,33554432,76,unmap,327.469,0.000,0
sample,idle,33554432,76,release,138.335,0.000,0
sample,idle,33554432,77,create,799.961,0.000,0
sample,idle,33554432,77,map,3.968,0.000,0
sample,idle,33554432,77,access,266.014,0.000,0
sample,idle,33554432,77,unmap,353.821,0.000,0
sample,idle,33554432,77,release,168.430,0.000,0
sample,idle,33554432,78,create,801.354,0.000,0
sample,idle,33554432,78,map,4.416,0.000,0
sample,idle,33554432,78,access,261.374,0.000,0
sample,idle,33554432,78,unmap,323.757,0.000,0
sample,idle,33554432,78,release,136.943,0.000,0
sample,idle,33554432,79,create,791.721,0.000,0
sample,idle,33554432,79,map,4.176,0.000,0
sample,idle,33554432,79,access,262.318,0.000,0
sample,idle,33554432,79,unmap,322.701,0.000,0
sample,idle,33554432,79,release,130.623,0.000,0
sample,idle,33554432,80,create,794.233,0.000,0
sample,idle,33554432,80,map,3.936,0.000,0
sample,idle,33554432,80,access,250.558,0.000,0
sample,idle,33554432,80,unmap,318.413,0.000,0
sample,idle,33554432,80,release,134.991,0.000,0
sample,idle,33554432,81,create,798.745,0.000,0
sample,idle,33554432,81,map,3.616,0.000,0
sample,idle,33554432,81,access,255.134,0.000,0
sample,idle,33554432,81,unmap,321.101,0.000,0
sample,idle,33554432,81,release,134.431,0.000,0
sample,idle,33554432,82,create,795.257,0.000,0
sample,idle,33554432,82,map,4.000,0.000,0
sample,idle,33554432,82,access,257.550,0.000,0
sample,idle,33554432,82,unmap,319.837,0.000,0
sample,idle,33554432,82,release,131.919,0.000,0
sample,idle,33554432,83,create,798.361,0.000,0
sample,idle,33554432,83,map,4.256,0.000,0
sample,idle,33554432,83,access,254.302,0.000,0
sample,idle,33554432,83,unmap,316.045,0.000,0
sample,idle,33554432,83,release,130.927,0.000,0
sample,idle,33554432,84,create,800.377,0.000,0
sample,idle,33554432,84,map,4.176,0.000,0
sample,idle,33554432,84,access,250.510,0.000,0
sample,idle,33554432,84,unmap,320.269,0.000,0
sample,idle,33554432,84,release,140.447,0.000,0
sample,idle,33554432,85,create,791.114,0.000,0
sample,idle,33554432,85,map,4.224,0.000,0
sample,idle,33554432,85,access,264.941,0.000,0
sample,idle,33554432,85,unmap,322.061,0.000,0
sample,idle,33554432,85,release,131.759,0.000,0
sample,idle,33554432,86,create,804.553,0.000,0
sample,idle,33554432,86,map,4.224,0.000,0
sample,idle,33554432,86,access,252.622,0.000,0
sample,idle,33554432,86,unmap,324.509,0.000,0
sample,idle,33554432,86,release,136.751,0.000,0
sample,idle,33554432,87,create,795.689,0.000,0
sample,idle,33554432,87,map,4.192,0.000,0
sample,idle,33554432,87,access,252.046,0.000,0
sample,idle,33554432,87,unmap,323.197,0.000,0
sample,idle,33554432,87,release,131.807,0.000,0
sample,idle,33554432,88,create,788.970,0.000,0
sample,idle,33554432,88,map,3.823,0.000,0
sample,idle,33554432,88,access,252.830,0.000,0
sample,idle,33554432,88,unmap,321.005,0.000,0
sample,idle,33554432,88,release,133.759,0.000,0
sample,idle,33554432,89,create,795.818,0.000,0
sample,idle,33554432,89,map,4.224,0.000,0
sample,idle,33554432,89,access,254.269,0.000,0
sample,idle,33554432,89,unmap,324.157,0.000,0
sample,idle,33554432,89,release,128.639,0.000,0
sample,idle,33554432,90,create,801.178,0.000,0
sample,idle,33554432,90,map,3.824,0.000,0
sample,idle,33554432,90,access,252.077,0.000,0
sample,idle,33554432,90,unmap,323.021,0.000,0
sample,idle,33554432,90,release,135.807,0.000,0
sample,idle,33554432,91,create,789.418,0.000,0
sample,idle,33554432,91,map,4.432,0.000,0
sample,idle,33554432,91,access,261.821,0.000,0
sample,idle,33554432,91,unmap,324.381,0.000,0
sample,idle,33554432,91,release,136.143,0.000,0
sample,idle,33554432,92,create,796.586,0.000,0
sample,idle,33554432,92,map,4.016,0.000,0
sample,idle,33554432,92,access,251.885,0.000,0
sample,idle,33554432,92,unmap,322.637,0.000,0
sample,idle,33554432,92,release,137.455,0.000,0
sample,idle,33554432,93,create,800.490,0.000,0
sample,idle,33554432,93,map,4.399,0.000,0
sample,idle,33554432,93,access,254.510,0.000,0
sample,idle,33554432,93,unmap,325.869,0.000,0
sample,idle,33554432,93,release,137.199,0.000,0
sample,idle,33554432,94,create,795.897,0.000,0
sample,idle,33554432,94,map,4.224,0.000,0
sample,idle,33554432,94,access,258.686,0.000,0
sample,idle,33554432,94,unmap,321.437,0.000,0
sample,idle,33554432,94,release,136.127,0.000,0
sample,idle,33554432,95,create,795.961,0.000,0
sample,idle,33554432,95,map,4.384,0.000,0
sample,idle,33554432,95,access,252.718,0.000,0
sample,idle,33554432,95,unmap,314.269,0.000,0
sample,idle,33554432,95,release,128.847,0.000,0
sample,idle,33554432,96,create,803.433,0.000,0
sample,idle,33554432,96,map,4.064,0.000,0
sample,idle,33554432,96,access,251.422,0.000,0
sample,idle,33554432,96,unmap,318.301,0.000,0
sample,idle,33554432,96,release,132.399,0.000,0
sample,idle,33554432,97,create,797.946,0.000,0
sample,idle,33554432,97,map,4.288,0.000,0
sample,idle,33554432,97,access,257.229,0.000,0
sample,idle,33554432,97,unmap,322.701,0.000,0
sample,idle,33554432,97,release,135.519,0.000,0
sample,idle,33554432,98,create,800.394,0.000,0
sample,idle,33554432,98,map,4.015,0.000,0
sample,idle,33554432,98,access,251.694,0.000,0
sample,idle,33554432,98,unmap,323.133,0.000,0
sample,idle,33554432,98,release,131.743,0.000,0
sample,idle,33554432,99,create,796.890,0.000,0
sample,idle,33554432,99,map,3.888,0.000,0
sample,idle,33554432,99,access,252.685,0.000,0
sample,idle,33554432,99,unmap,323.885,0.000,0
sample,idle,33554432,99,release,135.183,0.000,0
sample,one_block,33554432,0,create,791.881,10.004,1
sample,one_block,33554432,0,map,4.192,10.010,1
sample,one_block,33554432,0,access,253.134,10.006,1
sample,one_block,33554432,0,unmap,330.333,10.006,1
sample,one_block,33554432,0,release,180.014,10.006,1
sample,one_block,33554432,1,create,794.954,10.004,1
sample,one_block,33554432,1,map,3.888,10.011,1
sample,one_block,33554432,1,access,254.206,10.005,1
sample,one_block,33554432,1,unmap,333.134,10.006,1
sample,one_block,33554432,1,release,178.974,10.006,1
sample,one_block,33554432,2,create,806.697,10.004,1
sample,one_block,33554432,2,map,3.984,10.009,1
sample,one_block,33554432,2,access,249.166,10.005,1
sample,one_block,33554432,2,unmap,329.853,10.007,1
sample,one_block,33554432,2,release,175.038,10.006,1
sample,one_block,33554432,3,create,811.353,10.004,1
sample,one_block,33554432,3,map,3.680,10.010,1
sample,one_block,33554432,3,access,249.470,10.005,1
sample,one_block,33554432,3,unmap,339.229,10.005,1
sample,one_block,33554432,3,release,178.319,10.006,1
sample,one_block,33554432,4,create,803.001,10.004,1
sample,one_block,33554432,4,map,4.032,10.010,1
sample,one_block,33554432,4,access,252.237,10.005,1
sample,one_block,33554432,4,unmap,335.357,10.006,1
sample,one_block,33554432,4,release,182.751,10.006,1
sample,one_block,33554432,5,create,797.817,10.004,1
sample,one_block,33554432,5,map,4.160,10.010,1
sample,one_block,33554432,5,access,252.398,10.005,1
sample,one_block,33554432,5,unmap,330.349,10.005,1
sample,one_block,33554432,5,release,177.855,10.006,1
sample,one_block,33554432,6,create,792.889,10.004,1
sample,one_block,33554432,6,map,3.856,10.010,1
sample,one_block,33554432,6,access,252.814,10.005,1
sample,one_block,33554432,6,unmap,330.061,10.005,1
sample,one_block,33554432,6,release,184.766,10.006,1
sample,one_block,33554432,7,create,809.833,10.006,1
sample,one_block,33554432,7,map,4.032,10.010,1
sample,one_block,33554432,7,access,249.646,10.006,1
sample,one_block,33554432,7,unmap,332.334,10.007,1
sample,one_block,33554432,7,release,176.414,10.006,1
sample,one_block,33554432,8,create,804.505,10.004,1
sample,one_block,33554432,8,map,3.648,10.011,1
sample,one_block,33554432,8,access,252.766,10.005,1
sample,one_block,33554432,8,unmap,334.749,10.006,1
sample,one_block,33554432,8,release,178.046,10.006,1
sample,one_block,33554432,9,create,806.569,10.004,1
sample,one_block,33554432,9,map,3.904,10.010,1
sample,one_block,33554432,9,access,254.798,10.004,1
sample,one_block,33554432,9,unmap,329.085,10.006,1
sample,one_block,33554432,9,release,176.863,10.006,1
sample,one_block,33554432,10,create,792.425,10.004,1
sample,one_block,33554432,10,map,4.720,10.010,1
sample,one_block,33554432,10,access,250.733,10.005,1
sample,one_block,33554432,10,unmap,329.837,10.005,1
sample,one_block,33554432,10,release,180.447,10.006,1
sample,one_block,33554432,11,create,790.473,10.004,1
sample,one_block,33554432,11,map,4.224,10.010,1
sample,one_block,33554432,11,access,253.806,10.006,1
sample,one_block,33554432,11,unmap,329.309,10.005,1
sample,one_block,33554432,11,release,177.391,10.006,1
sample,one_block,33554432,12,create,802.522,10.006,1
sample,one_block,33554432,12,map,3.728,10.010,1
sample,one_block,33554432,12,access,252.318,10.006,1
sample,one_block,33554432,12,unmap,332.702,10.005,1
sample,one_block,33554432,12,release,176.350,10.006,1
sample,one_block,33554432,13,create,809.833,10.004,1
sample,one_block,33554432,13,map,3.872,10.011,1
sample,one_block,33554432,13,access,249.038,10.005,1
sample,one_block,33554432,13,unmap,332.429,10.006,1
sample,one_block,33554432,13,release,178.830,10.006,1
sample,one_block,33554432,14,create,802.761,10.004,1
sample,one_block,33554432,14,map,3.968,10.010,1
sample,one_block,33554432,14,access,251.070,10.006,1
sample,one_block,33554432,14,unmap,332.685,10.005,1
sample,one_block,33554432,14,release,180.319,10.006,1
sample,one_block,33554432,15,create,791.465,10.004,1
sample,one_block,33554432,15,map,3.680,10.010,1
sample,one_block,33554432,15,access,248.685,10.005,1
sample,one_block,33554432,15,unmap,331.677,10.006,1
sample,one_block,33554432,15,release,176.767,10.006,1
sample,one_block,33554432,16,create,791.529,10.004,1
sample,one_block,33554432,16,map,3.904,10.011,1
sample,one_block,33554432,16,access,261.358,10.005,1
sample,one_block,33554432,16,unmap,336.109,10.007,1
sample,one_block,33554432,16,release,185.967,10.006,1
sample,one_block,33554432,17,create,816.874,10.004,1
sample,one_block,33554432,17,map,3.872,10.010,1
sample,one_block,33554432,17,access,254.014,10.006,1
sample,one_block,33554432,17,unmap,331.085,10.006,1
sample,one_block,33554432,17,release,180.478,10.006,1
sample,one_block,33554432,18,create,804.682,10.004,1
sample,one_block,33554432,18,map,3.872,10.010,1
sample,one_block,33554432,18,access,255.086,10.005,1
sample,one_block,33554432,18,unmap,332.286,10.005,1
sample,one_block,33554432,18,release,179.966,10.006,1
sample,one_block,33554432,19,create,806.825,10.006,1
sample,one_block,33554432,19,map,4.015,10.011,1
sample,one_block,33554432,19,access,252.798,10.005,1
sample,one_block,33554432,19,unmap,331.645,10.005,1
sample,one_block,33554432,19,release,174.030,10.006,1
sample,one_block,33554432,20,create,797.673,10.004,1
sample,one_block,33554432,20,map,3.904,10.010,1
sample,one_block,33554432,20,access,254.094,10.005,1
sample,one_block,33554432,20,unmap,331.997,10.005,1
sample,one_block,33554432,20,release,180.255,10.006,1
sample,one_block,33554432,21,create,797.033,10.004,1
sample,one_block,33554432,21,map,5.648,10.011,1
sample,one_block,33554432,21,access,255.245,10.009,1
sample,one_block,33554432,21,unmap,330.285,10.005,1
sample,one_block,33554432,21,release,181.455,10.006,1
sample,one_block,33554432,22,create,798.649,10.004,1
sample,one_block,33554432,22,map,3.392,10.010,1
sample,one_block,33554432,22,access,255.118,10.006,1
sample,one_block,33554432,22,unmap,331.949,10.007,1
sample,one_block,33554432,22,release,178.655,10.006,1
sample,one_block,33554432,23,create,812.505,10.004,1
sample,one_block,33554432,23,map,4.224,10.010,1
sample,one_block,33554432,23,access,253.454,10.006,1
sample,one_block,33554432,23,unmap,332.077,10.006,1
sample,one_block,33554432,23,release,176.799,10.006,1
sample,one_block,33554432,24,create,802.441,10.004,1
sample,one_block,33554432,24,map,4.304,10.009,1
sample,one_block,33554432,24,access,255.198,10.006,1
sample,one_block,33554432,24,unmap,337.469,10.007,1
sample,one_block,33554432,24,release,173.855,10.006,1
sample,one_block,33554432,25,create,871.657,10.004,1
sample,one_block,33554432,25,map,3.232,10.010,1
sample,one_block,33554432,25,access,252.686,10.005,1
sample,one_block,33554432,25,unmap,330.541,10.005,1
sample,one_block,33554432,25,release,185.807,10.006,1
sample,one_block,33554432,26,create,880.137,10.004,1
sample,one_block,33554432,26,map,3.536,10.010,1
sample,one_block,33554432,26,access,252.046,10.006,1
sample,one_block,33554432,26,unmap,331.773,10.007,1
sample,one_block,33554432,26,release,183.678,10.006,1
sample,one_block,33554432,27,create,815.401,10.004,1
sample,one_block,33554432,27,map,3.808,10.010,1
sample,one_block,33554432,27,access,252.446,10.006,1
sample,one_block,33554432,27,unmap,334.222,10.005,1
sample,one_block,33554432,27,release,178.174,10.006,1
sample,one_block,33554432,28,create,844.505,10.004,1
sample,one_block,33554432,28,map,3.679,10.010,1
sample,one_block,33554432,28,access,252.446,10.005,1
sample,one_block,33554432,28,unmap,328.942,10.005,1
sample,one_block,33554432,28,release,179.150,10.006,1
sample,one_block,33554432,29,create,819.561,10.006,1
sample,one_block,33554432,29,map,4.096,10.010,1
sample,one_block,33554432,29,access,251.774,10.006,1
sample,one_block,33554432,29,unmap,334.493,10.007,1
sample,one_block,33554432,29,release,171.310,10.006,1
sample,sm_count_blocks,33554432,0,create,795.929,10.004,1
sample,sm_count_blocks,33554432,0,map,3.888,10.010,1
sample,sm_count_blocks,33554432,0,access,250.926,10.005,1
sample,sm_count_blocks,33554432,0,unmap,338.461,10.005,1
sample,sm_count_blocks,33554432,0,release,176.383,10.006,1
sample,sm_count_blocks,33554432,1,create,793.545,10.004,1
sample,sm_count_blocks,33554432,1,map,4.080,10.010,1
sample,sm_count_blocks,33554432,1,access,261.757,10.004,1
sample,sm_count_blocks,33554432,1,unmap,339.645,10.007,1
sample,sm_count_blocks,33554432,1,release,185.647,10.006,1
sample,sm_count_blocks,33554432,2,create,793.897,10.006,1
sample,sm_count_blocks,33554432,2,map,4.752,10.011,1
sample,sm_count_blocks,33554432,2,access,256.318,10.006,1
sample,sm_count_blocks,33554432,2,unmap,332.045,10.006,1
sample,sm_count_blocks,33554432,2,release,179.631,10.006,1
sample,sm_count_blocks,33554432,3,create,803.897,10.004,1
sample,sm_count_blocks,33554432,3,map,4.016,10.011,1
sample,sm_count_blocks,33554432,3,access,252.750,10.005,1
sample,sm_count_blocks,33554432,3,unmap,329.773,10.006,1
sample,sm_count_blocks,33554432,3,release,181.646,10.006,1
sample,sm_count_blocks,33554432,4,create,804.330,10.004,1
sample,sm_count_blocks,33554432,4,map,4.240,10.011,1
sample,sm_count_blocks,33554432,4,access,253.214,10.006,1
sample,sm_count_blocks,33554432,4,unmap,339.421,10.007,1
sample,sm_count_blocks,33554432,4,release,175.294,10.006,1
sample,sm_count_blocks,33554432,5,create,798.394,10.004,1
sample,sm_count_blocks,33554432,5,map,3.888,10.011,1
sample,sm_count_blocks,33554432,5,access,252.734,10.005,1
sample,sm_count_blocks,33554432,5,unmap,334.622,10.005,1
sample,sm_count_blocks,33554432,5,release,180.238,10.006,1
sample,sm_count_blocks,33554432,6,create,798.698,10.006,1
sample,sm_count_blocks,33554432,6,map,4.288,10.010,1
sample,sm_count_blocks,33554432,6,access,247.646,10.006,1
sample,sm_count_blocks,33554432,6,unmap,330.766,10.006,1
sample,sm_count_blocks,33554432,6,release,179.550,10.006,1
sample,sm_count_blocks,33554432,7,create,793.178,10.004,1
sample,sm_count_blocks,33554432,7,map,4.368,10.011,1
sample,sm_count_blocks,33554432,7,access,252.014,10.006,1
sample,sm_count_blocks,33554432,7,unmap,329.118,10.005,1
sample,sm_count_blocks,33554432,7,release,179.150,10.006,1
sample,sm_count_blocks,33554432,8,create,805.017,10.006,1
sample,sm_count_blocks,33554432,8,map,4.496,10.010,1
sample,sm_count_blocks,33554432,8,access,252.446,10.006,1
sample,sm_count_blocks,33554432,8,unmap,335.358,10.005,1
sample,sm_count_blocks,33554432,8,release,181.150,10.006,1
sample,sm_count_blocks,33554432,9,create,803.322,10.004,1
sample,sm_count_blocks,33554432,9,map,4.208,10.011,1
sample,sm_count_blocks,33554432,9,access,266.286,10.005,1
sample,sm_count_blocks,33554432,9,unmap,334.429,10.005,1
sample,sm_count_blocks,33554432,9,release,176.494,10.006,1
sample,sm_count_blocks,33554432,10,create,804.762,10.004,1
sample,sm_count_blocks,33554432,10,map,3.824,10.010,1
sample,sm_count_blocks,33554432,10,access,250.254,10.005,1
sample,sm_count_blocks,33554432,10,unmap,332.941,10.005,1
sample,sm_count_blocks,33554432,10,release,186.830,10.006,1
sample,sm_count_blocks,33554432,11,create,799.370,10.004,1
sample,sm_count_blocks,33554432,11,map,4.112,10.010,1
sample,sm_count_blocks,33554432,11,access,250.862,10.006,1
sample,sm_count_blocks,33554432,11,unmap,336.061,10.006,1
sample,sm_count_blocks,33554432,11,release,174.735,10.006,1
sample,sm_count_blocks,33554432,12,create,792.873,10.004,1
sample,sm_count_blocks,33554432,12,map,3.888,10.010,1
sample,sm_count_blocks,33554432,12,access,252.350,10.006,1
sample,sm_count_blocks,33554432,12,unmap,332.366,10.006,1
sample,sm_count_blocks,33554432,12,release,177.902,10.006,1
sample,sm_count_blocks,33554432,13,create,804.858,10.006,1
sample,sm_count_blocks,33554432,13,map,4.688,10.011,1
sample,sm_count_blocks,33554432,13,access,252.430,10.006,1
sample,sm_count_blocks,33554432,13,unmap,329.854,10.006,1
sample,sm_count_blocks,33554432,13,release,177.630,10.006,1
sample,sm_count_blocks,33554432,14,create,811.210,10.004,1
sample,sm_count_blocks,33554432,14,map,5.184,10.006,1
sample,sm_count_blocks,33554432,14,access,255.694,10.005,1
sample,sm_count_blocks,33554432,14,unmap,329.662,10.005,1
sample,sm_count_blocks,33554432,14,release,176.942,10.006,1
sample,sm_count_blocks,33554432,15,create,796.425,10.004,1
sample,sm_count_blocks,33554432,15,map,4.768,10.010,1
sample,sm_count_blocks,33554432,15,access,248.798,10.006,1
sample,sm_count_blocks,33554432,15,unmap,330.685,10.005,1
sample,sm_count_blocks,33554432,15,release,180.814,10.006,1
sample,sm_count_blocks,33554432,16,create,796.345,10.004,1
sample,sm_count_blocks,33554432,16,map,4.736,10.010,1
sample,sm_count_blocks,33554432,16,access,251.470,10.006,1
sample,sm_count_blocks,33554432,16,unmap,336.126,10.006,1
sample,sm_count_blocks,33554432,16,release,180.254,10.006,1
sample,sm_count_blocks,33554432,17,create,789.306,10.004,1
sample,sm_count_blocks,33554432,17,map,4.464,10.011,1
sample,sm_count_blocks,33554432,17,access,252.574,10.006,1
sample,sm_count_blocks,33554432,17,unmap,327.694,10.005,1
sample,sm_count_blocks,33554432,17,release,179.118,10.006,1
sample,sm_count_blocks,33554432,18,create,825.001,10.004,1
sample,sm_count_blocks,33554432,18,map,3.712,10.010,1
sample,sm_count_blocks,33554432,18,access,251.934,10.005,1
sample,sm_count_blocks,33554432,18,unmap,525.883,10.006,1
sample,sm_count_blocks,33554432,18,release,181.870,10.006,1
sample,sm_count_blocks,33554432,19,create,801.034,10.004,1
sample,sm_count_blocks,33554432,19,map,3.872,10.010,1
sample,sm_count_blocks,33554432,19,access,249.054,10.005,1
sample,sm_count_blocks,33554432,19,unmap,330.541,10.005,1
sample,sm_count_blocks,33554432,19,release,178.495,10.006,1
sample,sm_count_blocks,33554432,20,create,796.810,10.004,1
sample,sm_count_blocks,33554432,20,map,4.080,10.010,1
sample,sm_count_blocks,33554432,20,access,253.374,10.005,1
sample,sm_count_blocks,33554432,20,unmap,328.509,10.006,1
sample,sm_count_blocks,33554432,20,release,178.479,10.006,1
sample,sm_count_blocks,33554432,21,create,794.762,10.004,1
sample,sm_count_blocks,33554432,21,map,4.576,10.010,1
sample,sm_count_blocks,33554432,21,access,262.174,10.004,1
sample,sm_count_blocks,33554432,21,unmap,339.325,10.006,1
sample,sm_count_blocks,33554432,21,release,180.911,10.006,1
sample,sm_count_blocks,33554432,22,create,796.938,10.006,1
sample,sm_count_blocks,33554432,22,map,4.800,10.010,1
sample,sm_count_blocks,33554432,22,access,254.414,10.005,1
sample,sm_count_blocks,33554432,22,unmap,332.845,10.006,1
sample,sm_count_blocks,33554432,22,release,181.951,10.006,1
sample,sm_count_blocks,33554432,23,create,803.961,10.004,1
sample,sm_count_blocks,33554432,23,map,3.904,10.011,1
sample,sm_count_blocks,33554432,23,access,250.766,10.006,1
sample,sm_count_blocks,33554432,23,unmap,333.533,10.006,1
sample,sm_count_blocks,33554432,23,release,173.487,10.008,1
sample,sm_count_blocks,33554432,24,create,807.769,10.004,1
sample,sm_count_blocks,33554432,24,map,4.432,10.010,1
sample,sm_count_blocks,33554432,24,access,253.166,10.005,1
sample,sm_count_blocks,33554432,24,unmap,337.053,10.006,1
sample,sm_count_blocks,33554432,24,release,179.935,10.006,1
sample,sm_count_blocks,33554432,25,create,795.785,10.004,1
sample,sm_count_blocks,33554432,25,map,4.352,10.009,1
sample,sm_count_blocks,33554432,25,access,253.262,10.005,1
sample,sm_count_blocks,33554432,25,unmap,330.749,10.006,1
sample,sm_count_blocks,33554432,25,release,178.255,10.006,1
sample,sm_count_blocks,33554432,26,create,797.545,10.004,1
sample,sm_count_blocks,33554432,26,map,3.904,10.011,1
sample,sm_count_blocks,33554432,26,access,250.397,10.005,1
sample,sm_count_blocks,33554432,26,unmap,334.365,10.005,1
sample,sm_count_blocks,33554432,26,release,176.031,10.006,1
sample,sm_count_blocks,33554432,27,create,794.617,10.004,1
sample,sm_count_blocks,33554432,27,map,4.112,10.010,1
sample,sm_count_blocks,33554432,27,access,252.638,10.005,1
sample,sm_count_blocks,33554432,27,unmap,331.501,10.007,1
sample,sm_count_blocks,33554432,27,release,178.159,10.006,1
sample,sm_count_blocks,33554432,28,create,808.265,10.004,1
sample,sm_count_blocks,33554432,28,map,4.064,10.009,1
sample,sm_count_blocks,33554432,28,access,247.374,10.005,1
sample,sm_count_blocks,33554432,28,unmap,331.629,10.005,1
sample,sm_count_blocks,33554432,28,release,178.911,10.005,1
sample,sm_count_blocks,33554432,29,create,806.025,10.004,1
sample,sm_count_blocks,33554432,29,map,3.792,10.009,1
sample,sm_count_blocks,33554432,29,access,251.518,10.006,1
sample,sm_count_blocks,33554432,29,unmap,329.549,10.006,1
sample,sm_count_blocks,33554432,29,release,180.974,10.006,1
sample,idle,134217728,0,create,3390.260,0.000,0
sample,idle,134217728,0,map,5.168,0.000,0
sample,idle,134217728,0,access,820.601,0.000,0
sample,idle,134217728,0,unmap,987.320,0.000,0
sample,idle,134217728,0,release,456.332,0.000,0
sample,idle,134217728,1,create,3409.043,0.000,0
sample,idle,134217728,1,map,5.168,0.000,0
sample,idle,134217728,1,access,752.954,0.000,0
sample,idle,134217728,1,unmap,892.041,0.000,0
sample,idle,134217728,1,release,451.052,0.000,0
sample,idle,134217728,2,create,3404.339,0.000,0
sample,idle,134217728,2,map,5.792,0.000,0
sample,idle,134217728,2,access,1069.655,0.000,0
sample,idle,134217728,2,unmap,1114.390,0.000,0
sample,idle,134217728,2,release,473.020,0.000,0
sample,idle,134217728,3,create,3370.916,0.000,0
sample,idle,134217728,3,map,4.464,0.000,0
sample,idle,134217728,3,access,819.625,0.000,0
sample,idle,134217728,3,unmap,994.824,0.000,0
sample,idle,134217728,3,release,435.580,0.000,0
sample,idle,134217728,4,create,3390.276,0.000,0
sample,idle,134217728,4,map,5.504,0.000,0
sample,idle,134217728,4,access,811.625,0.000,0
sample,idle,134217728,4,unmap,997.272,0.000,0
sample,idle,134217728,4,release,447.580,0.000,0
sample,idle,134217728,5,create,3383.939,0.000,0
sample,idle,134217728,5,map,5.360,0.000,0
sample,idle,134217728,5,access,816.874,0.000,0
sample,idle,134217728,5,unmap,989.176,0.000,0
sample,idle,134217728,5,release,436.924,0.000,0
sample,idle,134217728,6,create,3373.780,0.000,0
sample,idle,134217728,6,map,5.439,0.000,0
sample,idle,134217728,6,access,816.922,0.000,0
sample,idle,134217728,6,unmap,990.728,0.000,0
sample,idle,134217728,6,release,430.908,0.000,0
sample,idle,134217728,7,create,3365.124,0.000,0
sample,idle,134217728,7,map,5.520,0.000,0
sample,idle,134217728,7,access,813.753,0.000,0
sample,idle,134217728,7,unmap,991.288,0.000,0
sample,idle,134217728,7,release,454.988,0.000,0
sample,idle,134217728,8,create,3351.476,0.000,0
sample,idle,134217728,8,map,4.944,0.000,0
sample,idle,134217728,8,access,812.345,0.000,0
sample,idle,134217728,8,unmap,999.272,0.000,0
sample,idle,134217728,8,release,422.844,0.000,0
sample,idle,134217728,9,create,3368.116,0.000,0
sample,idle,134217728,9,map,5.280,0.000,0
sample,idle,134217728,9,access,817.001,0.000,0
sample,idle,134217728,9,unmap,987.656,0.000,0
sample,idle,134217728,9,release,445.468,0.000,0
sample,idle,134217728,10,create,3381.892,0.000,0
sample,idle,134217728,10,map,5.168,0.000,0
sample,idle,134217728,10,access,822.185,0.000,0
sample,idle,134217728,10,unmap,977.496,0.000,0
sample,idle,134217728,10,release,427.100,0.000,0
sample,idle,134217728,11,create,3393.156,0.000,0
sample,idle,134217728,11,map,5.488,0.000,0
sample,idle,134217728,11,access,740.986,0.000,0
sample,idle,134217728,11,unmap,1226.870,0.000,0
sample,idle,134217728,11,release,633.722,0.000,0
sample,idle,134217728,12,create,3363.348,0.000,0
sample,idle,134217728,12,map,5.248,0.000,0
sample,idle,134217728,12,access,816.585,0.000,0
sample,idle,134217728,12,unmap,994.519,0.000,0
sample,idle,134217728,12,release,452.220,0.000,0
sample,idle,134217728,13,create,3359.172,0.000,0
sample,idle,134217728,13,map,5.376,0.000,0
sample,idle,134217728,13,access,821.673,0.000,0
sample,idle,134217728,13,unmap,989.064,0.000,0
sample,idle,134217728,13,release,453.564,0.000,0
sample,idle,134217728,14,create,3386.771,0.000,0
sample,idle,134217728,14,map,5.216,0.000,0
sample,idle,134217728,14,access,824.105,0.000,0
sample,idle,134217728,14,unmap,997.400,0.000,0
sample,idle,134217728,14,release,466.604,0.000,0
sample,idle,134217728,15,create,3378.579,0.000,0
sample,idle,134217728,15,map,5.120,0.000,0
sample,idle,134217728,15,access,819.449,0.000,0
sample,idle,134217728,15,unmap,998.631,0.000,0
sample,idle,134217728,15,release,448.588,0.000,0
sample,idle,134217728,16,create,3381.460,0.000,0
sample,idle,134217728,16,map,4.960,0.000,0
sample,idle,134217728,16,access,820.169,0.000,0
sample,idle,134217728,16,unmap,991.800,0.000,0
sample,idle,134217728,16,release,467.788,0.000,0
sample,idle,134217728,17,create,3369.124,0.000,0
sample,idle,134217728,17,map,5.072,0.000,0
sample,idle,134217728,17,access,815.305,0.000,0
sample,idle,134217728,17,unmap,998.312,0.000,0
sample,idle,134217728,17,release,456.060,0.000,0
sample,idle,134217728,18,create,3374.915,0.000,0
sample,idle,134217728,18,map,5.328,0.000,0
sample,idle,134217728,18,access,818.089,0.000,0
sample,idle,134217728,18,unmap,999.304,0.000,0
sample,idle,134217728,18,release,450.844,0.000,0
sample,idle,134217728,19,create,3380.499,0.000,0
sample,idle,134217728,19,map,5.072,0.000,0
sample,idle,134217728,19,access,821.081,0.000,0
sample,idle,134217728,19,unmap,994.327,0.000,0
sample,idle,134217728,19,release,481.772,0.000,0
sample,idle,134217728,20,create,3385.124,0.000,0
sample,idle,134217728,20,map,4.672,0.000,0
sample,idle,134217728,20,access,821.689,0.000,0
sample,idle,134217728,20,unmap,993.320,0.000,0
sample,idle,134217728,20,release,437.180,0.000,0
sample,idle,134217728,21,create,3373.364,0.000,0
sample,idle,134217728,21,map,4.864,0.000,0
sample,idle,134217728,21,access,815.753,0.000,0
sample,idle,134217728,21,unmap,982.808,0.000,0
sample,idle,134217728,21,release,461.084,0.000,0
sample,idle,134217728,22,create,3380.724,0.000,0
sample,idle,134217728,22,map,5.440,0.000,0
sample,idle,134217728,22,access,824.937,0.000,0
sample,idle,134217728,22,unmap,990.568,0.000,0
sample,idle,134217728,22,release,467.292,0.000,0
sample,idle,134217728,23,create,3378.787,0.000,0
sample,idle,134217728,23,map,5.712,0.000,0
sample,idle,134217728,23,access,827.433,0.000,0
sample,idle,134217728,23,unmap,993.063,0.000,0
sample,idle,134217728,23,release,434.973,0.000,0
sample,idle,134217728,24,create,3372.547,0.000,0
sample,idle,134217728,24,map,5.648,0.000,0
sample,idle,134217728,24,access,819.193,0.000,0
sample,idle,134217728,24,unmap,996.279,0.000,0
sample,idle,134217728,24,release,450.493,0.000,0
sample,idle,134217728,25,create,3395.891,0.000,0
sample,idle,134217728,25,map,5.568,0.000,0
sample,idle,134217728,25,access,821.625,0.000,0
sample,idle,134217728,25,unmap,983.448,0.000,0
sample,idle,134217728,25,release,446.796,0.000,0
sample,idle,134217728,26,create,3375.428,0.000,0
sample,idle,134217728,26,map,5.664,0.000,0
sample,idle,134217728,26,access,806.297,0.000,0
sample,idle,134217728,26,unmap,996.823,0.000,0
sample,idle,134217728,26,release,441.612,0.000,0
sample,idle,134217728,27,create,3394.852,0.000,0
sample,idle,134217728,27,map,5.088,0.000,0
sample,idle,134217728,27,access,813.769,0.000,0
sample,idle,134217728,27,unmap,989.256,0.000,0
sample,idle,134217728,27,release,445.340,0.000,0
sample,idle,134217728,28,create,3373.412,0.000,0
sample,idle,134217728,28,map,5.008,0.000,0
sample,idle,134217728,28,access,818.697,0.000,0
sample,idle,134217728,28,unmap,988.872,0.000,0
sample,idle,134217728,28,release,441.404,0.000,0
sample,idle,134217728,29,create,3380.756,0.000,0
sample,idle,134217728,29,map,5.664,0.000,0
sample,idle,134217728,29,access,818.921,0.000,0
sample,idle,134217728,29,unmap,982.984,0.000,0
sample,idle,134217728,29,release,451.276,0.000,0
sample,idle,134217728,30,create,3392.739,0.000,0
sample,idle,134217728,30,map,5.792,0.000,0
sample,idle,134217728,30,access,826.425,0.000,0
sample,idle,134217728,30,unmap,993.560,0.000,0
sample,idle,134217728,30,release,436.973,0.000,0
sample,idle,134217728,31,create,3461.490,0.000,0
sample,idle,134217728,31,map,4.528,0.000,0
sample,idle,134217728,31,access,820.537,0.000,0
sample,idle,134217728,31,unmap,997.944,0.000,0
sample,idle,134217728,31,release,447.580,0.000,0
sample,idle,134217728,32,create,3385.955,0.000,0
sample,idle,134217728,32,map,5.056,0.000,0
sample,idle,134217728,32,access,825.033,0.000,0
sample,idle,134217728,32,unmap,1005.639,0.000,0
sample,idle,134217728,32,release,464.972,0.000,0
sample,idle,134217728,33,create,3400.580,0.000,0
sample,idle,134217728,33,map,5.392,0.000,0
sample,idle,134217728,33,access,818.905,0.000,0
sample,idle,134217728,33,unmap,987.688,0.000,0
sample,idle,134217728,33,release,457.628,0.000,0
sample,idle,134217728,34,create,3385.571,0.000,0
sample,idle,134217728,34,map,5.264,0.000,0
sample,idle,134217728,34,access,818.809,0.000,0
sample,idle,134217728,34,unmap,991.080,0.000,0
sample,idle,134217728,34,release,468.092,0.000,0
sample,idle,134217728,35,create,3388.147,0.000,0
sample,idle,134217728,35,map,5.456,0.000,0
sample,idle,134217728,35,access,825.961,0.000,0
sample,idle,134217728,35,unmap,997.191,0.000,0
sample,idle,134217728,35,release,440.124,0.000,0
sample,idle,134217728,36,create,3391.604,0.000,0
sample,idle,134217728,36,map,5.104,0.000,0
sample,idle,134217728,36,access,739.097,0.000,0
sample,idle,134217728,36,unmap,904.712,0.000,0
sample,idle,134217728,36,release,442.829,0.000,0
sample,idle,134217728,37,create,3384.515,0.000,0
sample,idle,134217728,37,map,4.592,0.000,0
sample,idle,134217728,37,access,953.160,0.000,0
sample,idle,134217728,37,unmap,994.824,0.000,0
sample,idle,134217728,37,release,447.996,0.000,0
sample,idle,134217728,38,create,3397.651,0.000,0
sample,idle,134217728,38,map,5.328,0.000,0
sample,idle,134217728,38,access,822.457,0.000,0
sample,idle,134217728,38,unmap,990.936,0.000,0
sample,idle,134217728,38,release,449.436,0.000,0
sample,idle,134217728,39,create,3418.035,0.000,0
sample,idle,134217728,39,map,5.376,0.000,0
sample,idle,134217728,39,access,826.681,0.000,0
sample,idle,134217728,39,unmap,998.599,0.000,0
sample,idle,134217728,39,release,460.348,0.000,0
sample,idle,134217728,40,create,3394.532,0.000,0
sample,idle,134217728,40,map,4.815,0.000,0
sample,idle,134217728,40,access,816.746,0.000,0
sample,idle,134217728,40,unmap,988.856,0.000,0
sample,idle,134217728,40,release,458.060,0.000,0
sample,idle,134217728,41,create,3391.715,0.000,0
sample,idle,134217728,41,map,4.816,0.000,0
sample,idle,134217728,41,access,837.497,0.000,0
sample,idle,134217728,41,unmap,986.263,0.000,0
sample,idle,134217728,41,release,438.237,0.000,0
sample,idle,134217728,42,create,3385.907,0.000,0
sample,idle,134217728,42,map,5.152,0.000,0
sample,idle,134217728,42,access,823.241,0.000,0
sample,idle,134217728,42,unmap,987.079,0.000,0
sample,idle,134217728,42,release,459.260,0.000,0
sample,idle,134217728,43,create,3388.404,0.000,0
sample,idle,134217728,43,map,5.344,0.000,0
sample,idle,134217728,43,access,821.273,0.000,0
sample,idle,134217728,43,unmap,996.552,0.000,0
sample,idle,134217728,43,release,445.964,0.000,0
sample,idle,134217728,44,create,3382.004,0.000,0
sample,idle,134217728,44,map,5.391,0.000,0
sample,idle,134217728,44,access,818.938,0.000,0
sample,idle,134217728,44,unmap,999.432,0.000,0
sample,idle,134217728,44,release,435.468,0.000,0
sample,idle,134217728,45,create,3394.659,0.000,0
sample,idle,134217728,45,map,5.456,0.000,0
sample,idle,134217728,45,access,801.882,0.000,0
sample,idle,134217728,45,unmap,995.224,0.000,0
sample,idle,134217728,45,release,459.516,0.000,0
sample,idle,134217728,46,create,3392.643,0.000,0
sample,idle,134217728,46,map,5.184,0.000,0
sample,idle,134217728,46,access,818.633,0.000,0
sample,idle,134217728,46,unmap,997.975,0.000,0
sample,idle,134217728,46,release,457.484,0.000,0
sample,idle,134217728,47,create,3370.676,0.000,0
sample,idle,134217728,47,map,4.784,0.000,0
sample,idle,134217728,47,access,818.953,0.000,0
sample,idle,134217728,47,unmap,996.439,0.000,0
sample,idle,134217728,47,release,439.276,0.000,0
sample,idle,134217728,48,create,3389.508,0.000,0
sample,idle,134217728,48,map,5.280,0.000,0
sample,idle,134217728,48,access,818.185,0.000,0
sample,idle,134217728,48,unmap,982.472,0.000,0
sample,idle,134217728,48,release,432.428,0.000,0
sample,idle,134217728,49,create,3373.572,0.000,0
sample,idle,134217728,49,map,5.584,0.000,0
sample,idle,134217728,49,access,825.657,0.000,0
sample,idle,134217728,49,unmap,993.768,0.000,0
sample,idle,134217728,49,release,459.708,0.000,0
sample,idle,134217728,50,create,3381.140,0.000,0
sample,idle,134217728,50,map,5.471,0.000,0
sample,idle,134217728,50,access,818.026,0.000,0
sample,idle,134217728,50,unmap,994.376,0.000,0
sample,idle,134217728,50,release,430.332,0.000,0
sample,idle,134217728,51,create,3400.227,0.000,0
sample,idle,134217728,51,map,5.248,0.000,0
sample,idle,134217728,51,access,818.889,0.000,0
sample,idle,134217728,51,unmap,990.456,0.000,0
sample,idle,134217728,51,release,469.052,0.000,0
sample,idle,134217728,52,create,3399.683,0.000,0
sample,idle,134217728,52,map,5.312,0.000,0
sample,idle,134217728,52,access,822.489,0.000,0
sample,idle,134217728,52,unmap,997.784,0.000,0
sample,idle,134217728,52,release,453.196,0.000,0
sample,idle,134217728,53,create,3379.380,0.000,0
sample,idle,134217728,53,map,5.792,0.000,0
sample,idle,134217728,53,access,817.161,0.000,0
sample,idle,134217728,53,unmap,993.432,0.000,0
sample,idle,134217728,53,release,456.284,0.000,0
sample,idle,134217728,54,create,3399.187,0.000,0
sample,idle,134217728,54,map,5.504,0.000,0
sample,idle,134217728,54,access,814.681,0.000,0
sample,idle,134217728,54,unmap,997.095,0.000,0
sample,idle,134217728,54,release,447.741,0.000,0
sample,idle,134217728,55,create,3391.395,0.000,0
sample,idle,134217728,55,map,5.648,0.000,0
sample,idle,134217728,55,access,813.273,0.000,0
sample,idle,134217728,55,unmap,984.023,0.000,0
sample,idle,134217728,55,release,451.916,0.000,0
sample,idle,134217728,56,create,3388.644,0.000,0
sample,idle,134217728,56,map,5.312,0.000,0
sample,idle,134217728,56,access,820.073,0.000,0
sample,idle,134217728,56,unmap,1001.368,0.000,0
sample,idle,134217728,56,release,469.708,0.000,0
sample,idle,134217728,57,create,3395.203,0.000,0
sample,idle,134217728,57,map,5.760,0.000,0
sample,idle,134217728,57,access,810.585,0.000,0
sample,idle,134217728,57,unmap,992.679,0.000,0
sample,idle,134217728,57,release,439.229,0.000,0
sample,idle,134217728,58,create,3366.323,0.000,0
sample,idle,134217728,58,map,5.392,0.000,0
sample,idle,134217728,58,access,824.345,0.000,0
sample,idle,134217728,58,unmap,995.239,0.000,0
sample,idle,134217728,58,release,438.541,0.000,0
sample,idle,134217728,59,create,3391.219,0.000,0
sample,idle,134217728,59,map,5.312,0.000,0
sample,idle,134217728,59,access,823.929,0.000,0
sample,idle,134217728,59,unmap,995.495,0.000,0
sample,idle,134217728,59,release,458.460,0.000,0
sample,idle,134217728,60,create,3390.388,0.000,0
sample,idle,134217728,60,map,5.616,0.000,0
sample,idle,134217728,60,access,823.897,0.000,0
sample,idle,134217728,60,unmap,986.904,0.000,0
sample,idle,134217728,60,release,434.988,0.000,0
sample,idle,134217728,61,create,3385.700,0.000,0
sample,idle,134217728,61,map,5.488,0.000,0
sample,idle,134217728,61,access,808.969,0.000,0
sample,idle,134217728,61,unmap,997.560,0.000,0
sample,idle,134217728,61,release,453.820,0.000,0
sample,idle,134217728,62,create,3386.691,0.000,0
sample,idle,134217728,62,map,6.096,0.000,0
sample,idle,134217728,62,access,827.193,0.000,0
sample,idle,134217728,62,unmap,996.280,0.000,0
sample,idle,134217728,62,release,439.740,0.000,0
sample,idle,134217728,63,create,3385.859,0.000,0
sample,idle,134217728,63,map,5.392,0.000,0
sample,idle,134217728,63,access,820.441,0.000,0
sample,idle,134217728,63,unmap,994.487,0.000,0
sample,idle,134217728,63,release,459.709,0.000,0
sample,idle,134217728,64,create,3382.995,0.000,0
sample,idle,134217728,64,map,5.088,0.000,0
sample,idle,134217728,64,access,805.321,0.000,0
sample,idle,134217728,64,unmap,983.127,0.000,0
sample,idle,134217728,64,release,449.101,0.000,0
sample,idle,134217728,65,create,3383.363,0.000,0
sample,idle,134217728,65,map,5.184,0.000,0
sample,idle,134217728,65,access,827.001,0.000,0
sample,idle,134217728,65,unmap,998.104,0.000,0
sample,idle,134217728,65,release,466.220,0.000,0
sample,idle,134217728,66,create,3379.859,0.000,0
sample,idle,134217728,66,map,5.856,0.000,0
sample,idle,134217728,66,access,813.993,0.000,0
sample,idle,134217728,66,unmap,985.400,0.000,0
sample,idle,134217728,66,release,446.204,0.000,0
sample,idle,134217728,67,create,3367.619,0.000,0
sample,idle,134217728,67,map,5.024,0.000,0
sample,idle,134217728,67,access,821.257,0.000,0
sample,idle,134217728,67,unmap,968.792,0.000,0
sample,idle,134217728,67,release,452.556,0.000,0
sample,idle,134217728,68,create,3390.003,0.000,0
sample,idle,134217728,68,map,5.424,0.000,0
sample,idle,134217728,68,access,823.849,0.000,0
sample,idle,134217728,68,unmap,999.992,0.000,0
sample,idle,134217728,68,release,435.916,0.000,0
sample,idle,134217728,69,create,3379.011,0.000,0
sample,idle,134217728,69,map,5.072,0.000,0
sample,idle,134217728,69,access,822.617,0.000,0
sample,idle,134217728,69,unmap,994.039,0.000,0
sample,idle,134217728,69,release,437.149,0.000,0
sample,idle,134217728,70,create,3382.227,0.000,0
sample,idle,134217728,70,map,5.600,0.000,0
sample,idle,134217728,70,access,819.337,0.000,0
sample,idle,134217728,70,unmap,986.983,0.000,0
sample,idle,134217728,70,release,465.452,0.000,0
sample,idle,134217728,71,create,3384.164,0.000,0
sample,idle,134217728,71,map,5.728,0.000,0
sample,idle,134217728,71,access,824.569,0.000,0
sample,idle,134217728,71,unmap,995.560,0.000,0
sample,idle,134217728,71,release,443.148,0.000,0
sample,idle,134217728,72,create,3474.323,0.000,0
sample,idle,134217728,72,map,4.944,0.000,0
sample,idle,134217728,72,access,813.737,0.000,0
sample,idle,134217728,72,unmap,997.496,0.000,0
sample,idle,134217728,72,release,452.844,0.000,0
sample,idle,134217728,73,create,3395.316,0.000,0
sample,idle,134217728,73,map,4.831,0.000,0
sample,idle,134217728,73,access,819.018,0.000,0
sample,idle,134217728,73,unmap,991.640,0.000,0
sample,idle,134217728,73,release,471.404,0.000,0
sample,idle,134217728,74,create,3397.347,0.000,0
sample,idle,134217728,74,map,5.264,0.000,0
sample,idle,134217728,74,access,819.641,0.000,0
sample,idle,134217728,74,unmap,999.207,0.000,0
sample,idle,134217728,74,release,445.388,0.000,0
sample,idle,134217728,75,create,3367.924,0.000,0
sample,idle,134217728,75,map,4.768,0.000,0
sample,idle,134217728,75,access,823.321,0.000,0
sample,idle,134217728,75,unmap,1010.024,0.000,0
sample,idle,134217728,75,release,458.044,0.000,0
sample,idle,134217728,76,create,3386.435,0.000,0
sample,idle,134217728,76,map,5.040,0.000,0
sample,idle,134217728,76,access,822.489,0.000,0
sample,idle,134217728,76,unmap,990.168,0.000,0
sample,idle,134217728,76,release,451.964,0.000,0
sample,idle,134217728,77,create,3403.251,0.000,0
sample,idle,134217728,77,map,4.976,0.000,0
sample,idle,134217728,77,access,819.705,0.000,0
sample,idle,134217728,77,unmap,995.095,0.000,0
sample,idle,134217728,77,release,439.324,0.000,0
sample,idle,134217728,78,create,3396.452,0.000,0
sample,idle,134217728,78,map,4.688,0.000,0
sample,idle,134217728,78,access,821.225,0.000,0
sample,idle,134217728,78,unmap,996.216,0.000,0
sample,idle,134217728,78,release,455.484,0.000,0
sample,idle,134217728,79,create,3377.604,0.000,0
sample,idle,134217728,79,map,4.864,0.000,0
sample,idle,134217728,79,access,822.281,0.000,0
sample,idle,134217728,79,unmap,993.496,0.000,0
sample,idle,134217728,79,release,462.476,0.000,0
sample,idle,134217728,80,create,3382.883,0.000,0
sample,idle,134217728,80,map,5.440,0.000,0
sample,idle,134217728,80,access,802.905,0.000,0
sample,idle,134217728,80,unmap,993.512,0.000,0
sample,idle,134217728,80,release,457.804,0.000,0
sample,idle,134217728,81,create,3372.771,0.000,0
sample,idle,134217728,81,map,4.992,0.000,0
sample,idle,134217728,81,access,809.465,0.000,0
sample,idle,134217728,81,unmap,992.487,0.000,0
sample,idle,134217728,81,release,449.181,0.000,0
sample,idle,134217728,82,create,3382.659,0.000,0
sample,idle,134217728,82,map,5.584,0.000,0
sample,idle,134217728,82,access,817.657,0.000,0
sample,idle,134217728,82,unmap,987.367,0.000,0
sample,idle,134217728,82,release,443.325,0.000,0
sample,idle,134217728,83,create,3428.419,0.000,0
sample,idle,134217728,83,map,5.840,0.000,0
sample,idle,134217728,83,access,815.258,0.000,0
sample,idle,134217728,83,unmap,987.144,0.000,0
sample,idle,134217728,83,release,472.028,0.000,0
sample,idle,134217728,84,create,3382.979,0.000,0
sample,idle,134217728,84,map,4.992,0.000,0
sample,idle,134217728,84,access,819.609,0.000,0
sample,idle,134217728,84,unmap,989.751,0.000,0
sample,idle,134217728,84,release,444.237,0.000,0
sample,idle,134217728,85,create,3382.627,0.000,0
sample,idle,134217728,85,map,5.136,0.000,0
sample,idle,134217728,85,access,811.849,0.000,0
sample,idle,134217728,85,unmap,985.943,0.000,0
sample,idle,134217728,85,release,1322.517,0.000,0
sample,idle,134217728,86,create,3402.163,0.000,0
sample,idle,134217728,86,map,5.568,0.000,0
sample,idle,134217728,86,access,822.618,0.000,0
sample,idle,134217728,86,unmap,985.032,0.000,0
sample,idle,134217728,86,release,439.884,0.000,0
sample,idle,134217728,87,create,3371.715,0.000,0
sample,idle,134217728,87,map,5.520,0.000,0
sample,idle,134217728,87,access,820.858,0.000,0
sample,idle,134217728,87,unmap,995.192,0.000,0
sample,idle,134217728,87,release,446.508,0.000,0
sample,idle,134217728,88,create,3376.499,0.000,0
sample,idle,134217728,88,map,5.696,0.000,0
sample,idle,134217728,88,access,818.569,0.000,0
sample,idle,134217728,88,unmap,984.712,0.000,0
sample,idle,134217728,88,release,446.444,0.000,0
sample,idle,134217728,89,create,3388.915,0.000,0
sample,idle,134217728,89,map,5.520,0.000,0
sample,idle,134217728,89,access,813.961,0.000,0
sample,idle,134217728,89,unmap,979.640,0.000,0
sample,idle,134217728,89,release,431.660,0.000,0
sample,idle,134217728,90,create,3384.243,0.000,0
sample,idle,134217728,90,map,5.680,0.000,0
sample,idle,134217728,90,access,813.673,0.000,0
sample,idle,134217728,90,unmap,989.848,0.000,0
sample,idle,134217728,90,release,457.836,0.000,0
sample,idle,134217728,91,create,3380.291,0.000,0
sample,idle,134217728,91,map,5.568,0.000,0
sample,idle,134217728,91,access,836.537,0.000,0
sample,idle,134217728,91,unmap,991.495,0.000,0
sample,idle,134217728,91,release,455.452,0.000,0
sample,idle,134217728,92,create,3376.100,0.000,0
sample,idle,134217728,92,map,5.568,0.000,0
sample,idle,134217728,92,access,822.665,0.000,0
sample,idle,134217728,92,unmap,988.664,0.000,0
sample,idle,134217728,92,release,448.092,0.000,0
sample,idle,134217728,93,create,3370.740,0.000,0
sample,idle,134217728,93,map,5.744,0.000,0
sample,idle,134217728,93,access,815.929,0.000,0
sample,idle,134217728,93,unmap,991.176,0.000,0
sample,idle,134217728,93,release,452.732,0.000,0
sample,idle,134217728,94,create,3379.412,0.000,0
sample,idle,134217728,94,map,5.376,0.000,0
sample,idle,134217728,94,access,817.945,0.000,0
sample,idle,134217728,94,unmap,998.472,0.000,0
sample,idle,134217728,94,release,442.140,0.000,0
sample,idle,134217728,95,create,3375.492,0.000,0
sample,idle,134217728,95,map,5.632,0.000,0
sample,idle,134217728,95,access,834.488,0.000,0
sample,idle,134217728,95,unmap,993.784,0.000,0
sample,idle,134217728,95,release,457.596,0.000,0
sample,idle,134217728,96,create,3369.299,0.000,0
sample,idle,134217728,96,map,5.440,0.000,0
sample,idle,134217728,96,access,806.633,0.000,0
sample,idle,134217728,96,unmap,999.704,0.000,0
sample,idle,134217728,96,release,435.756,0.000,0
sample,idle,134217728,97,create,3360.516,0.000,0
sample,idle,134217728,97,map,5.679,0.000,0
sample,idle,134217728,97,access,821.098,0.000,0
sample,idle,134217728,97,unmap,993.304,0.000,0
sample,idle,134217728,97,release,452.828,0.000,0
sample,idle,134217728,98,create,3386.291,0.000,0
sample,idle,134217728,98,map,5.392,0.000,0
sample,idle,134217728,98,access,819.737,0.000,0
sample,idle,134217728,98,unmap,985.943,0.000,0
sample,idle,134217728,98,release,443.805,0.000,0
sample,idle,134217728,99,create,3383.619,0.000,0
sample,idle,134217728,99,map,5.488,0.000,0
sample,idle,134217728,99,access,827.801,0.000,0
sample,idle,134217728,99,unmap,994.151,0.000,0
sample,idle,134217728,99,release,447.212,0.000,0
sample,one_block,134217728,0,create,3375.444,10.004,1
sample,one_block,134217728,0,map,4.656,10.011,1
sample,one_block,134217728,0,access,799.465,10.005,1
sample,one_block,134217728,0,unmap,1026.327,10.005,1
sample,one_block,134217728,0,release,608.859,10.006,1
sample,one_block,134217728,1,create,3370.899,10.004,1
sample,one_block,134217728,1,map,4.688,10.010,1
sample,one_block,134217728,1,access,809.705,10.006,1
sample,one_block,134217728,1,unmap,1039.879,10.007,1
sample,one_block,134217728,1,release,601.979,10.005,1
sample,one_block,134217728,2,create,3366.739,10.004,1
sample,one_block,134217728,2,map,4.624,10.010,1
sample,one_block,134217728,2,access,804.681,10.007,1
sample,one_block,134217728,2,unmap,1030.151,10.005,1
sample,one_block,134217728,2,release,606.635,10.006,1
sample,one_block,134217728,3,create,3381.811,10.004,1
sample,one_block,134217728,3,map,4.640,10.010,1
sample,one_block,134217728,3,access,800.025,10.006,1
sample,one_block,134217728,3,unmap,1025.783,10.005,1
sample,one_block,134217728,3,release,626.523,10.006,1
sample,one_block,134217728,4,create,3390.563,10.004,1
sample,one_block,134217728,4,map,4.864,10.009,1
sample,one_block,134217728,4,access,794.761,10.006,1
sample,one_block,134217728,4,unmap,1024.759,10.005,1
sample,one_block,134217728,4,release,619.531,10.006,1
sample,one_block,134217728,5,create,3356.899,10.004,1
sample,one_block,134217728,5,map,4.816,10.012,1
sample,one_block,134217728,5,access,856.121,10.005,1
sample,one_block,134217728,5,unmap,1027.399,10.005,1
sample,one_block,134217728,5,release,604.843,10.005,1
sample,one_block,134217728,6,create,3366.483,10.005,1
sample,one_block,134217728,6,map,4.736,10.010,1
sample,one_block,134217728,6,access,804.233,10.006,1
sample,one_block,134217728,6,unmap,1023.911,10.006,1
sample,one_block,134217728,6,release,612.363,10.006,1
sample,one_block,134217728,7,create,3378.259,10.004,1
sample,one_block,134217728,7,map,5.296,10.009,1
sample,one_block,134217728,7,access,804.825,10.005,1
sample,one_block,134217728,7,unmap,1031.399,10.005,1
sample,one_block,134217728,7,release,598.283,10.007,1
sample,one_block,134217728,8,create,3392.563,10.004,1
sample,one_block,134217728,8,map,4.928,10.010,1
sample,one_block,134217728,8,access,804.345,10.006,1
sample,one_block,134217728,8,unmap,1030.759,10.007,1
sample,one_block,134217728,8,release,621.707,10.005,1
sample,one_block,134217728,9,create,3387.395,10.004,1
sample,one_block,134217728,9,map,4.864,10.012,1
sample,one_block,134217728,9,access,803.401,10.005,1
sample,one_block,134217728,9,unmap,1024.455,10.006,1
sample,one_block,134217728,9,release,628.219,10.006,1
sample,one_block,134217728,10,create,3379.283,10.004,1
sample,one_block,134217728,10,map,4.752,10.010,1
sample,one_block,134217728,10,access,806.217,10.006,1
sample,one_block,134217728,10,unmap,1030.695,10.005,1
sample,one_block,134217728,10,release,611.499,10.007,1
sample,one_block,134217728,11,create,3393.667,10.004,1
sample,one_block,134217728,11,map,4.752,10.010,1
sample,one_block,134217728,11,access,802.985,10.005,1
sample,one_block,134217728,11,unmap,1036.151,10.006,1
sample,one_block,134217728,11,release,626.539,10.007,1
sample,one_block,134217728,12,create,3403.523,10.005,1
sample,one_block,134217728,12,map,4.976,10.010,1
sample,one_block,134217728,12,access,800.409,10.006,1
sample,one_block,134217728,12,unmap,1024.439,10.007,1
sample,one_block,134217728,12,release,617.771,10.006,1
sample,one_block,134217728,13,create,3397.859,10.004,1
sample,one_block,134217728,13,map,5.504,10.010,1
sample,one_block,134217728,13,access,812.890,10.005,1
sample,one_block,134217728,13,unmap,1030.183,10.005,1
sample,one_block,134217728,13,release,632.603,10.006,1
sample,one_block,134217728,14,create,3393.267,10.004,1
sample,one_block,134217728,14,map,4.864,10.009,1
sample,one_block,134217728,14,access,811.834,10.006,1
sample,one_block,134217728,14,unmap,1029.671,10.006,1
sample,one_block,134217728,14,release,596.699,10.006,1
sample,one_block,134217728,15,create,3377.380,10.004,1
sample,one_block,134217728,15,map,4.496,10.010,1
sample,one_block,134217728,15,access,811.018,10.005,1
sample,one_block,134217728,15,unmap,1033.799,10.006,1
sample,one_block,134217728,15,release,613.659,10.006,1
sample,one_block,134217728,16,create,3398.084,10.004,1
sample,one_block,134217728,16,map,4.832,10.010,1
sample,one_block,134217728,16,access,802.729,10.006,1
sample,one_block,134217728,16,unmap,1047.335,10.005,1
sample,one_block,134217728,16,release,622.411,10.007,1
sample,one_block,134217728,17,create,3386.340,10.005,1
sample,one_block,134217728,17,map,4.960,10.010,1
sample,one_block,134217728,17,access,808.793,10.005,1
sample,one_block,134217728,17,unmap,1032.216,10.006,1
sample,one_block,134217728,17,release,617.355,10.006,1
sample,one_block,134217728,18,create,3412.067,10.005,1
sample,one_block,134217728,18,map,4.672,10.009,1
sample,one_block,134217728,18,access,805.465,10.006,1
sample,one_block,134217728,18,unmap,1025.016,10.005,1
sample,one_block,134217728,18,release,623.259,10.006,1
sample,one_block,134217728,19,create,3391.860,10.004,1
sample,one_block,134217728,19,map,5.504,10.010,1
sample,one_block,134217728,19,access,803.626,10.006,1
sample,one_block,134217728,19,unmap,1031.288,10.005,1
sample,one_block,134217728,19,release,615.147,10.005,1
sample,one_block,134217728,20,create,3380.436,10.004,1
sample,one_block,134217728,20,map,4.576,10.011,1
sample,one_block,134217728,20,access,801.322,10.005,1
sample,one_block,134217728,20,unmap,1036.343,10.005,1
sample,one_block,134217728,20,release,618.699,10.006,1
sample,one_block,134217728,21,create,3388.755,10.004,1
sample,one_block,134217728,21,map,4.624,10.009,1
sample,one_block,134217728,21,access,808.137,10.005,1
sample,one_block,134217728,21,unmap,1028.423,10.005,1
sample,one_block,134217728,21,release,659.131,10.006,1
sample,one_block,134217728,22,create,3385.891,10.004,1
sample,one_block,134217728,22,map,5.104,10.010,1
sample,one_block,134217728,22,access,804.297,10.006,1
sample,one_block,134217728,22,unmap,1032.839,10.005,1
sample,one_block,134217728,22,release,604.971,10.006,1
sample,one_block,134217728,23,create,3385.939,10.004,1
sample,one_block,134217728,23,map,4.672,10.011,1
sample,one_block,134217728,23,access,808.473,10.005,1
sample,one_block,134217728,23,unmap,1027.495,10.006,1
sample,one_block,134217728,23,release,613.627,10.006,1
sample,one_block,134217728,24,create,3381.219,10.004,1
sample,one_block,134217728,24,map,4.640,10.010,1
sample,one_block,134217728,24,access,807.033,10.006,1
sample,one_block,134217728,24,unmap,1025.223,10.005,1
sample,one_block,134217728,24,release,610.331,10.006,1
sample,one_block,134217728,25,create,3389.219,10.004,1
sample,one_block,134217728,25,map,4.992,10.010,1
sample,one_block,134217728,25,access,805.801,10.005,1
sample,one_block,134217728,25,unmap,1035.815,10.005,1
sample,one_block,134217728,25,release,620.139,10.006,1
sample,one_block,134217728,26,create,3383.347,10.004,1
sample,one_block,134217728,26,map,4.672,10.011,1
sample,one_block,134217728,26,access,805.385,10.006,1
sample,one_block,134217728,26,unmap,1033.639,10.005,1
sample,one_block,134217728,26,release,627.963,10.006,1
sample,one_block,134217728,27,create,3385.683,10.004,1
sample,one_block,134217728,27,map,4.800,10.010,1
sample,one_block,134217728,27,access,808.441,10.007,1
sample,one_block,134217728,27,unmap,1030.423,10.005,1
sample,one_block,134217728,27,release,628.106,10.007,1
sample,one_block,134217728,28,create,3382.579,10.004,1
sample,one_block,134217728,28,map,4.576,10.011,1
sample,one_block,134217728,28,access,798.985,10.006,1
sample,one_block,134217728,28,unmap,1033.463,10.007,1
sample,one_block,134217728,28,release,609.195,10.006,1
sample,one_block,134217728,29,create,3380.804,10.006,1
sample,one_block,134217728,29,map,4.672,10.011,1
sample,one_block,134217728,29,access,807.593,10.005,1
sample,one_block,134217728,29,unmap,1027.416,10.005,1
sample,one_block,134217728,29,release,618.474,10.006,1
sample,sm_count_blocks,134217728,0,create,3377.619,10.004,1
sample,sm_count_blocks,134217728,0,map,5.216,10.010,1
sample,sm_count_blocks,134217728,0,access,807.721,10.006,1
sample,sm_count_blocks,134217728,0,unmap,1038.471,10.005,1
sample,sm_count_blocks,134217728,0,release,615.771,10.006,1
sample,sm_count_blocks,134217728,1,create,3378.499,10.004,1
sample,sm_count_blocks,134217728,1,map,5.360,10.010,1
sample,sm_count_blocks,134217728,1,access,807.785,10.006,1
sample,sm_count_blocks,134217728,1,unmap,1031.815,10.005,1
sample,sm_count_blocks,134217728,1,release,608.411,10.005,1
sample,sm_count_blocks,134217728,2,create,3392.259,10.004,1
sample,sm_count_blocks,134217728,2,map,4.720,10.009,1
sample,sm_count_blocks,134217728,2,access,813.001,10.005,1
sample,sm_count_blocks,134217728,2,unmap,1035.431,10.005,1
sample,sm_count_blocks,134217728,2,release,625.227,10.006,1
sample,sm_count_blocks,134217728,3,create,3384.611,10.004,1
sample,sm_count_blocks,134217728,3,map,4.672,10.010,1
sample,sm_count_blocks,134217728,3,access,807.897,10.006,1
sample,sm_count_blocks,134217728,3,unmap,1032.631,10.005,1
sample,sm_count_blocks,134217728,3,release,611.146,10.007,1
sample,sm_count_blocks,134217728,4,create,3396.355,10.004,1
sample,sm_count_blocks,134217728,4,map,4.992,10.010,1
sample,sm_count_blocks,134217728,4,access,805.465,10.005,1
sample,sm_count_blocks,134217728,4,unmap,1025.288,10.005,1
sample,sm_count_blocks,134217728,4,release,599.563,10.006,1
sample,sm_count_blocks,134217728,5,create,3372.004,10.004,1
sample,sm_count_blocks,134217728,5,map,4.512,10.011,1
sample,sm_count_blocks,134217728,5,access,807.097,10.005,1
sample,sm_count_blocks,134217728,5,unmap,1027.112,10.005,1
sample,sm_count_blocks,134217728,5,release,630.731,10.006,1
sample,sm_count_blocks,134217728,6,create,3379.236,10.005,1
sample,sm_count_blocks,134217728,6,map,4.736,10.009,1
sample,sm_count_blocks,134217728,6,access,807.066,10.023,1
sample,sm_count_blocks,134217728,6,unmap,1419.444,10.005,1
sample,sm_count_blocks,134217728,6,release,628.522,10.006,1
sample,sm_count_blocks,134217728,7,create,3379.507,10.004,1
sample,sm_count_blocks,134217728,7,map,4.655,10.010,1
sample,sm_count_blocks,134217728,7,access,805.385,10.006,1
sample,sm_count_blocks,134217728,7,unmap,1032.872,10.005,1
sample,sm_count_blocks,134217728,7,release,598.363,10.005,1
sample,sm_count_blocks,134217728,8,create,3389.892,10.006,1
sample,sm_count_blocks,134217728,8,map,4.928,10.010,1
sample,sm_count_blocks,134217728,8,access,810.553,10.005,1
sample,sm_count_blocks,134217728,8,unmap,1028.232,10.005,1
sample,sm_count_blocks,134217728,8,release,629.451,10.006,1
sample,sm_count_blocks,134217728,9,create,3379.812,10.004,1
sample,sm_count_blocks,134217728,9,map,4.640,10.010,1
sample,sm_count_blocks,134217728,9,access,809.018,10.005,1
sample,sm_count_blocks,134217728,9,unmap,1048.775,10.007,1
sample,sm_count_blocks,134217728,9,release,603.371,10.005,1
sample,sm_count_blocks,134217728,10,create,3394.227,10.004,1
sample,sm_count_blocks,134217728,10,map,4.976,10.010,1
sample,sm_count_blocks,134217728,10,access,811.561,10.006,1
sample,sm_count_blocks,134217728,10,unmap,1029.047,10.005,1
sample,sm_count_blocks,134217728,10,release,652.171,10.006,1
sample,sm_count_blocks,134217728,11,create,3383.315,10.004,1
sample,sm_count_blocks,134217728,11,map,4.832,10.012,1
sample,sm_count_blocks,134217728,11,access,805.673,10.005,1
sample,sm_count_blocks,134217728,11,unmap,1032.167,10.005,1
sample,sm_count_blocks,134217728,11,release,599.387,10.006,1
sample,sm_count_blocks,134217728,12,create,3433.667,10.004,1
sample,sm_count_blocks,134217728,12,map,4.896,10.011,1
sample,sm_count_blocks,134217728,12,access,801.689,10.006,1
sample,sm_count_blocks,134217728,12,unmap,1032.167,10.005,1
sample,sm_count_blocks,134217728,12,release,625.994,10.006,1
sample,sm_count_blocks,134217728,13,create,3386.868,10.004,1
sample,sm_count_blocks,134217728,13,map,4.784,10.010,1
sample,sm_count_blocks,134217728,13,access,807.433,10.006,1
sample,sm_count_blocks,134217728,13,unmap,1028.488,10.006,1
sample,sm_count_blocks,134217728,13,release,634.122,10.007,1
sample,sm_count_blocks,134217728,14,create,3382.900,10.004,1
sample,sm_count_blocks,134217728,14,map,5.040,10.010,1
sample,sm_count_blocks,134217728,14,access,811.529,10.004,1
sample,sm_count_blocks,134217728,14,unmap,1031.480,10.005,1
sample,sm_count_blocks,134217728,14,release,601.115,10.006,1
sample,sm_count_blocks,134217728,15,create,3379.828,10.006,1
sample,sm_count_blocks,134217728,15,map,4.720,10.010,1
sample,sm_count_blocks,134217728,15,access,806.553,10.005,1
sample,sm_count_blocks,134217728,15,unmap,1028.792,10.005,1
sample,sm_count_blocks,134217728,15,release,628.379,10.006,1
sample,sm_count_blocks,134217728,16,create,3369.667,10.004,1
sample,sm_count_blocks,134217728,16,map,4.816,10.010,1
sample,sm_count_blocks,134217728,16,access,809.482,10.006,1
sample,sm_count_blocks,134217728,16,unmap,1028.295,10.006,1
sample,sm_count_blocks,134217728,16,release,620.987,10.006,1
sample,sm_count_blocks,134217728,17,create,3383.603,10.005,1
sample,sm_count_blocks,134217728,17,map,5.376,10.010,1
sample,sm_count_blocks,134217728,17,access,814.537,10.006,1
sample,sm_count_blocks,134217728,17,unmap,1029.255,10.006,1
sample,sm_count_blocks,134217728,17,release,635.691,10.005,1
sample,sm_count_blocks,134217728,18,create,3386.131,10.006,1
sample,sm_count_blocks,134217728,18,map,5.328,10.010,1
sample,sm_count_blocks,134217728,18,access,808.841,10.006,1
sample,sm_count_blocks,134217728,18,unmap,1045.783,10.006,1
sample,sm_count_blocks,134217728,18,release,621.914,10.006,1
sample,sm_count_blocks,134217728,19,create,3394.659,10.004,1
sample,sm_count_blocks,134217728,19,map,4.832,10.011,1
sample,sm_count_blocks,134217728,19,access,815.385,10.004,1
sample,sm_count_blocks,134217728,19,unmap,1037.719,10.005,1
sample,sm_count_blocks,134217728,19,release,626.826,10.005,1
sample,sm_count_blocks,134217728,20,create,3385.060,10.008,1
sample,sm_count_blocks,134217728,20,map,4.848,10.011,1
sample,sm_count_blocks,134217728,20,access,811.449,10.005,1
sample,sm_count_blocks,134217728,20,unmap,1031.736,10.005,1
sample,sm_count_blocks,134217728,20,release,634.986,10.005,1
sample,sm_count_blocks,134217728,21,create,3389.220,10.005,1
sample,sm_count_blocks,134217728,21,map,5.024,10.009,1
sample,sm_count_blocks,134217728,21,access,804.970,10.006,1
sample,sm_count_blocks,134217728,21,unmap,1039.591,10.005,1
sample,sm_count_blocks,134217728,21,release,616.187,10.008,1
sample,sm_count_blocks,134217728,22,create,3379.043,10.004,1
sample,sm_count_blocks,134217728,22,map,4.992,10.009,1
sample,sm_count_blocks,134217728,22,access,807.177,10.004,1
sample,sm_count_blocks,134217728,22,unmap,1035.543,10.005,1
sample,sm_count_blocks,134217728,22,release,627.259,10.005,1
sample,sm_count_blocks,134217728,23,create,3385.955,10.006,1
sample,sm_count_blocks,134217728,23,map,4.496,10.010,1
sample,sm_count_blocks,134217728,23,access,818.969,10.006,1
sample,sm_count_blocks,134217728,23,unmap,1026.951,10.005,1
sample,sm_count_blocks,134217728,23,release,603.482,10.006,1
sample,sm_count_blocks,134217728,24,create,3404.739,10.005,1
sample,sm_count_blocks,134217728,24,map,4.736,10.010,1
sample,sm_count_blocks,134217728,24,access,813.129,10.005,1
sample,sm_count_blocks,134217728,24,unmap,1047.751,10.005,1
sample,sm_count_blocks,134217728,24,release,627.915,10.006,1
sample,sm_count_blocks,134217728,25,create,3392.084,10.004,1
sample,sm_count_blocks,134217728,25,map,4.944,10.010,1
sample,sm_count_blocks,134217728,25,access,799.354,10.005,1
sample,sm_count_blocks,134217728,25,unmap,1027.159,10.005,1
sample,sm_count_blocks,134217728,25,release,611.147,10.006,1
sample,sm_count_blocks,134217728,26,create,3379.235,10.004,1
sample,sm_count_blocks,134217728,26,map,4.672,10.008,1
sample,sm_count_blocks,134217728,26,access,808.441,10.005,1
sample,sm_count_blocks,134217728,26,unmap,1029.447,10.005,1
sample,sm_count_blocks,134217728,26,release,610.843,10.006,1
sample,sm_count_blocks,134217728,27,create,3368.563,10.005,1
sample,sm_count_blocks,134217728,27,map,4.784,10.010,1
sample,sm_count_blocks,134217728,27,access,800.313,10.005,1
sample,sm_count_blocks,134217728,27,unmap,1031.111,10.005,1
sample,sm_count_blocks,134217728,27,release,606.250,10.006,1
sample,sm_count_blocks,134217728,28,create,3374.676,10.005,1
sample,sm_count_blocks,134217728,28,map,4.608,10.010,1
sample,sm_count_blocks,134217728,28,access,809.945,10.005,1
sample,sm_count_blocks,134217728,28,unmap,1035.640,10.006,1
sample,sm_count_blocks,134217728,28,release,623.418,10.006,1
sample,sm_count_blocks,134217728,29,create,3366.068,10.004,1
sample,sm_count_blocks,134217728,29,map,4.640,10.010,1
sample,sm_count_blocks,134217728,29,access,803.482,10.005,1
sample,sm_count_blocks,134217728,29,unmap,1030.391,10.005,1
sample,sm_count_blocks,134217728,29,release,609.435,10.005,1
memory_header,phase,cuda_free_bytes,cuda_total_bytes,mem_available_bytes
memory,baseline,123951259648,130661203968,127584718848
memory,address_reserved,123951259648,130661203968,127584718848
memory,created,122867032064,130661203968,126500491264
verification_negative_control,PASS
memory,mapped_touched,122867032064,130661203968,126500491264
memory,unmapped_handles_retained,122867032064,130661203968,126500528128
memory,remapped_verified,122867032064,130661203968,126500528128
memory,handles_released,123956998144,130661203968,127590494208
memory,address_freed,123956998144,130661203968,127590494208
pool_verified_bytes,1073741824
PASS
